participant_id,name,email,company,department,position,job_group,aspiration,action_plan,expected_behavior,training_comment,top_takeaway,manager_name,feedback_subject,feedback_message,feedback_next_action,feedback_tone_check,feedback_html,feedback_html_path,generation_status,generation_engine,generated_at
P001,오세정,participant001@hrd-ai-demo.example.com,국가과학기술인력개발원,스마트교육실,부연구위원,스마트교육,반복 운영 업무를 줄이고 참가자 경험을 한 번에 표준 운영안으로 정착시키겠다,교육 안내 페이지를 단일 마이크로사이트로 재구성하고 FAQ를 표준화,"참가자가 일정, 준비물, 과제 안내를 스스로 확인해 반복 문의를 줄인다",FAQ와 안내 페이지를 분리하지 않고 한 흐름으로 설계한 부분이 특히 실무적이었다. 강의-시연-실습이 하나의 흐름으로 이어져 집중하기 쉬웠다. 현업 사례가 더 세분화되면 우리 조직에 옮겨 담기 쉬울 것 같다.,정확성이 중요한 정보는 챗봇보다 정적 페이지가 더 안정적이라는 점,한충석,[현대제철 리더십 교육 F/U] 마이크로사이트 구축을 위한 오세정 부연구위원님의 행동 계획,"오세정 부연구위원님, 교육 안내 페이지를 단일 마이크로사이트로 재구성하여 표준 운영안을 정착시키시는 점 인상 깊었습니다. 앞으로 참가자가 일정과 과제를 스스로 확인하여 반복 문의를 줄일 수 있기를 바랍니다.",사후 성과 공유,ok,"<!DOCTYPE html PUBLIC ""-//W3C//DTD XHTML 1.0 Transitional//EN"" ""http://www.w3.org/TR/xhtml1/DTD/xhtml1-transitional.dtd"">
<html xmlns=""http://www.w3.org/1999/xhtml"" lang=""ko"">
<head>
  <meta http-equiv=""Content-Type"" content=""text/html; charset=utf-8"" />
  <meta name=""viewport"" content=""width=device-width, initial-scale=1.0"" />
  <title>[현대제철 리더십 교육 F/U] 마이크로사이트 구축을 위한 오세정 부연구위원님의 행동 계획</title>
  <!--[if mso]>
  <style type=""text/css"">
    table { border-collapse: collapse; }
    td { font-family: 'Malgun Gothic', '맑은 고딕', 'Apple SD Gothic Neo', 'Segoe UI', Helvetica, Arial, sans-serif; }
  </style>
  <![endif]-->
</head>
<body style=""margin:0;padding:0;background-color:#eaf1f5;font-family:'Malgun Gothic', '맑은 고딕', 'Apple SD Gothic Neo', 'Segoe UI', Helvetica, Arial, sans-serif;font-size:15px;line-height:1.7;color:#0e2233;-webkit-text-size-adjust:100%;-ms-text-size-adjust:100%;"">

  <!-- Outer wrapper table for centering -->
  <table role=""presentation"" width=""100%"" cellpadding=""0"" cellspacing=""0"" border=""0"" style=""background-color:#eaf1f5;"">
    <tr>
      <td align=""center"" style=""padding:40px 16px 50px 16px;"">

        <!--[if mso]><table role=""presentation"" width=""680"" cellpadding=""0"" cellspacing=""0"" border=""0"" align=""center""><tr><td><![endif]-->
        <table role=""presentation"" width=""100%"" cellpadding=""0"" cellspacing=""0"" border=""0"" style=""max-width:680px;margin:0 auto;background-color:#ffffff;border:1px solid #d4e1e8;"">

          <!-- ========== HEADER ========== -->
          <tr>
            <td style=""padding:34px 36px 24px 36px;background-color:#f3f9f8;border-bottom:2px solid #0d8f84;"">
              <!-- Eyebrow badge -->
              <table role=""presentation"" cellpadding=""0"" cellspacing=""0"" border=""0"">
                <tr>
                  <td style=""background-color:#e6f4f2;padding:5px 14px;font-size:11px;font-weight:bold;color:#094d47;letter-spacing:0.08em;font-family:'Malgun Gothic', '맑은 고딕', 'Apple SD Gothic Neo', 'Segoe UI', Helvetica, Arial, sans-serif;"">
                    &#9679;&nbsp; 현대제철 리더십 교육 F/U
                  </td>
                </tr>
              </table>
              <!-- Title -->
              <h1 style=""margin:16px 0 8px 0;font-size:24px;font-weight:bold;line-height:1.35;color:#091e2f;font-family:'Malgun Gothic', '맑은 고딕', 'Apple SD Gothic Neo', 'Segoe UI', Helvetica, Arial, sans-serif;"">[현대제철 리더십 교육 F/U] 마이크로사이트 구축을 위한 오세정 부연구위원님의 행동 계획</h1>
              <!-- Recipient info -->
              <p style=""margin:0;font-size:14px;line-height:1.7;color:#4a6a82;font-family:'Malgun Gothic', '맑은 고딕', 'Apple SD Gothic Neo', 'Segoe UI', Helvetica, Arial, sans-serif;"">오세정&#xB2D8; &middot; 국가과학기술인력개발원 스마트교육실 &middot; 부연구위원</p>
            </td>
          </tr>

          <!-- ========== BODY ========== -->
          <tr>
            <td style=""padding:30px 36px 10px 36px;"">
              <p style=""margin:0 0 18px 0;font-size:15px;font-weight:bold;color:#094d47;font-family:'Malgun Gothic', '맑은 고딕', 'Apple SD Gothic Neo', 'Segoe UI', Helvetica, Arial, sans-serif;"">오세정&#xB2D8; &#xC548;&#xB155;&#xD558;&#xC138;&#xC694;.</p>
              <p style=""margin:0 0 14px 0;font-size:15px;line-height:1.9;color:#0e2233;"">오세정 부연구위원님, 교육 안내 페이지를 단일 마이크로사이트로 재구성하여 표준 운영안을 정착시키시는 점 인상 깊었습니다.</p>
<p style=""margin:0 0 14px 0;font-size:15px;line-height:1.9;color:#0e2233;"">앞으로 참가자가 일정과 과제를 스스로 확인하여 반복 문의를 줄일 수 있기를 바랍니다.</p>
            </td>
          </tr>

          <!-- ========== INFO CARDS (2x2 table) ========== -->
          <tr>
            <td style=""padding:0 36px 10px 36px;"">
              <table role=""presentation"" width=""100%"" cellpadding=""0"" cellspacing=""0"" border=""0"">
                <tr>
                  <!-- Card 1: Action Plan -->
                  <td width=""50%"" valign=""top"" style=""padding:0 6px 12px 0;"">
                    <table role=""presentation"" width=""100%"" cellpadding=""0"" cellspacing=""0"" border=""0"" style=""background-color:#f7fafa;border:1px solid #dae4ec;"">
                      <tr>
                        <td style=""padding:16px 18px;"">
                          <p style=""margin:0 0 8px 0;font-size:11px;font-weight:bold;color:#0d8f84;letter-spacing:0.06em;font-family:'Malgun Gothic', '맑은 고딕', 'Apple SD Gothic Neo', 'Segoe UI', Helvetica, Arial, sans-serif;"">&#9654; &#xD575;&#xC2EC; &#xC2E4;&#xD589;&#xACC4;&#xD68D;</p>
                          <p style=""margin:0;font-size:14px;line-height:1.8;color:#0e2233;font-family:'Malgun Gothic', '맑은 고딕', 'Apple SD Gothic Neo', 'Segoe UI', Helvetica, Arial, sans-serif;"">교육 안내 페이지를 단일 마이크로사이트로 재구성하고 FAQ를 표준화</p>
                        </td>
                      </tr>
                    </table>
                  </td>
                  <!-- Card 2: Expected Behavior -->
                  <td width=""50%"" valign=""top"" style=""padding:0 0 12px 6px;"">
                    <table role=""presentation"" width=""100%"" cellpadding=""0"" cellspacing=""0"" border=""0"" style=""background-color:#f7fafa;border:1px solid #dae4ec;"">
                      <tr>
                        <td style=""padding:16px 18px;"">
                          <p style=""margin:0 0 8px 0;font-size:11px;font-weight:bold;color:#0d8f84;letter-spacing:0.06em;font-family:'Malgun Gothic', '맑은 고딕', 'Apple SD Gothic Neo', 'Segoe UI', Helvetica, Arial, sans-serif;"">&#9654; &#xAE30;&#xB300; &#xD589;&#xB3D9;</p>
                          <p style=""margin:0;font-size:14px;line-height:1.8;color:#0e2233;font-family:'Malgun Gothic', '맑은 고딕', 'Apple SD Gothic Neo', 'Segoe UI', Helvetica, Arial, sans-serif;"">참가자가 일정, 준비물, 과제 안내를 스스로 확인해 반복 문의를 줄인다</p>
                        </td>
                      </tr>
                    </table>
                  </td>
                </tr>
                <tr>
                  <!-- Card 3: Key Takeaway -->
                  <td width=""50%"" valign=""top"" style=""padding:0 6px 12px 0;"">
                    <table role=""presentation"" width=""100%"" cellpadding=""0"" cellspacing=""0"" border=""0"" style=""background-color:#f7fafa;border:1px solid #dae4ec;"">
                      <tr>
                        <td style=""padding:16px 18px;"">
                          <p style=""margin:0 0 8px 0;font-size:11px;font-weight:bold;color:#0d8f84;letter-spacing:0.06em;font-family:'Malgun Gothic', '맑은 고딕', 'Apple SD Gothic Neo', 'Segoe UI', Helvetica, Arial, sans-serif;"">&#9654; &#xAD50;&#xC721; &#xD575;&#xC2EC; &#xD3EC;&#xC778;&#xD2B8;</p>
                          <p style=""margin:0;font-size:14px;line-height:1.8;color:#0e2233;font-family:'Malgun Gothic', '맑은 고딕', 'Apple SD Gothic Neo', 'Segoe UI', Helvetica, Arial, sans-serif;"">정확성이 중요한 정보는 챗봇보다 정적 페이지가 더 안정적이라는 점</p>
                        </td>
                      </tr>
                    </table>
                  </td>
                  <!-- Card 4: Comment -->
                  <td width=""50%"" valign=""top"" style=""padding:0 0 12px 6px;"">
                    <table role=""presentation"" width=""100%"" cellpadding=""0"" cellspacing=""0"" border=""0"" style=""background-color:#f7fafa;border:1px solid #dae4ec;"">
                      <tr>
                        <td style=""padding:16px 18px;"">
                          <p style=""margin:0 0 8px 0;font-size:11px;font-weight:bold;color:#0d8f84;letter-spacing:0.06em;font-family:'Malgun Gothic', '맑은 고딕', 'Apple SD Gothic Neo', 'Segoe UI', Helvetica, Arial, sans-serif;"">&#9654; &#xCC38;&#xAC00;&#xC790; &#xCF54;&#xBA58;&#xD2B8;</p>
                          <p style=""margin:0;font-size:14px;line-height:1.8;color:#0e2233;font-family:'Malgun Gothic', '맑은 고딕', 'Apple SD Gothic Neo', 'Segoe UI', Helvetica, Arial, sans-serif;"">FAQ와 안내 페이지를 분리하지 않고 한 흐름으로 설계한 부분이 특히 실무적이었다. 강의-시연-실습이 하나의 흐름으로 이어져 집중하기 쉬웠다. 현업 사례가 더 세분화되면 우리 조직에 옮겨 담기 쉬울 것 같다.</p>
                        </td>
                      </tr>
                    </table>
                  </td>
                </tr>
              </table>
            </td>
          </tr>

          <!-- ========== NEXT ACTION ========== -->
          <tr>
            <td style=""padding:6px 36px 20px 36px;"">
              <table role=""presentation"" width=""100%"" cellpadding=""0"" cellspacing=""0"" border=""0"" style=""background-color:#0d8f84;"">
                <tr>
                  <td style=""padding:20px 24px;"">
                    <p style=""margin:0 0 6px 0;font-size:11px;font-weight:bold;letter-spacing:0.1em;color:#b8e6e0;font-family:'Malgun Gothic', '맑은 고딕', 'Apple SD Gothic Neo', 'Segoe UI', Helvetica, Arial, sans-serif;"">NEXT ACTION</p>
                    <p style=""margin:0;font-size:16px;line-height:1.8;font-weight:bold;color:#ffffff;font-family:'Malgun Gothic', '맑은 고딕', 'Apple SD Gothic Neo', 'Segoe UI', Helvetica, Arial, sans-serif;"">사후 성과 공유</p>
                  </td>
                </tr>
              </table>
            </td>
          </tr>

          <!-- ========== SIGNATURE ========== -->
          <tr>
            <td style=""padding:0 36px 36px 36px;"">
              <table role=""presentation"" width=""100%"" cellpadding=""0"" cellspacing=""0"" border=""0"" style=""border-top:1px solid #dae4ec;"">
                <tr>
                  <td style=""padding:20px 0 0 0;font-size:13px;line-height:1.9;color:#4a6a82;font-family:'Malgun Gothic', '맑은 고딕', 'Apple SD Gothic Neo', 'Segoe UI', Helvetica, Arial, sans-serif;"">
                    감사합니다.<br />
                    한충석<br />
                    현대제철 컬처디자인팀
                  </td>
                </tr>
              </table>
            </td>
          </tr>

        </table>
        <!--[if mso]></td></tr></table><![endif]-->

      </td>
    </tr>
  </table>

</body>
</html>
",sample_data/교육_액션플랜_데이터_feedback_output_html_preview/001_오세정.html,completed,glm-4.5-air,2026-07-21T21:08:36
P002,이현호,participant002@hrd-ai-demo.example.com,대동,인사교육총무팀(교육),차장,HRD,교육 직후의 의지를 사라지지 않게 만들고 실행 전환율을 팀 차원의 실행 체계로 만들겠다,교육 종료 후 2주 단위 액션플랜 체크인 메시지를 자동화,수강자가 교육 직후 세운 계획을 잊지 않고 팀 내 공유까지 이어가게 한다,개인화 메시지를 자동화하되 사람 검수를 남기는 구조가 설득력 있었다. 현업에 바로 가져갈 산출물이 분명해서 만족도가 높았다. 기초 설명은 충분했지만 실습 난도는 한 단계 높여도 좋겠다고 느꼈다.,초안 자동화 후 사람이 톤을 통제하는 방식이 현실적이라는 점,박서윤,현대제철 리더십 교육 F/U: 이현호 차장님 액션플랜 점검,자동화와 사람의 검수를 결합한 방식에 깊이 공감해 주셔서 감사합니다. 2주 단위 체크인 메시지 자동화를 통해 교육 의지를 실행 체계로 만드는 계획이 기대됩니다. 개인의 계획이 팀 단위로 확장될 수 있도록 결과를 공유해 주시길 바랍니다.,2주 단위 자동화 체크인 구축 및 팀 내 실행 결과 공유,ok,"<!DOCTYPE html PUBLIC ""-//W3C//DTD XHTML 1.0 Transitional//EN"" ""http://www.w3.org/TR/xhtml1/DTD/xhtml1-transitional.dtd"">
<html xmlns=""http://www.w3.org/1999/xhtml"" lang=""ko"">
<head>
  <meta http-equiv=""Content-Type"" content=""text/html; charset=utf-8"" />
  <meta name=""viewport"" content=""width=device-width, initial-scale=1.0"" />
  <title>현대제철 리더십 교육 F/U: 이현호 차장님 액션플랜 점검</title>
  <!--[if mso]>
  <style type=""text/css"">
    table { border-collapse: collapse; }
    td { font-family: 'Malgun Gothic', '맑은 고딕', 'Apple SD Gothic Neo', 'Segoe UI', Helvetica, Arial, sans-serif; }
  </style>
  <![endif]-->
</head>
<body style=""margin:0;padding:0;background-color:#eaf1f5;font-family:'Malgun Gothic', '맑은 고딕', 'Apple SD Gothic Neo', 'Segoe UI', Helvetica, Arial, sans-serif;font-size:15px;line-height:1.7;color:#0e2233;-webkit-text-size-adjust:100%;-ms-text-size-adjust:100%;"">

  <!-- Outer wrapper table for centering -->
  <table role=""presentation"" width=""100%"" cellpadding=""0"" cellspacing=""0"" border=""0"" style=""background-color:#eaf1f5;"">
    <tr>
      <td align=""center"" style=""padding:40px 16px 50px 16px;"">

        <!--[if mso]><table role=""presentation"" width=""680"" cellpadding=""0"" cellspacing=""0"" border=""0"" align=""center""><tr><td><![endif]-->
        <table role=""presentation"" width=""100%"" cellpadding=""0"" cellspacing=""0"" border=""0"" style=""max-width:680px;margin:0 auto;background-color:#ffffff;border:1px solid #d4e1e8;"">

          <!-- ========== HEADER ========== -->
          <tr>
            <td style=""padding:34px 36px 24px 36px;background-color:#f3f9f8;border-bottom:2px solid #0d8f84;"">
              <!-- Eyebrow badge -->
              <table role=""presentation"" cellpadding=""0"" cellspacing=""0"" border=""0"">
                <tr>
                  <td style=""background-color:#e6f4f2;padding:5px 14px;font-size:11px;font-weight:bold;color:#094d47;letter-spacing:0.08em;font-family:'Malgun Gothic', '맑은 고딕', 'Apple SD Gothic Neo', 'Segoe UI', Helvetica, Arial, sans-serif;"">
                    &#9679;&nbsp; 현대제철 리더십 교육 F/U
                  </td>
                </tr>
              </table>
              <!-- Title -->
              <h1 style=""margin:16px 0 8px 0;font-size:24px;font-weight:bold;line-height:1.35;color:#091e2f;font-family:'Malgun Gothic', '맑은 고딕', 'Apple SD Gothic Neo', 'Segoe UI', Helvetica, Arial, sans-serif;"">현대제철 리더십 교육 F/U: 이현호 차장님 액션플랜 점검</h1>
              <!-- Recipient info -->
              <p style=""margin:0;font-size:14px;line-height:1.7;color:#4a6a82;font-family:'Malgun Gothic', '맑은 고딕', 'Apple SD Gothic Neo', 'Segoe UI', Helvetica, Arial, sans-serif;"">이현호&#xB2D8; &middot; 대동 인사교육총무팀(교육) &middot; 차장</p>
            </td>
          </tr>

          <!-- ========== BODY ========== -->
          <tr>
            <td style=""padding:30px 36px 10px 36px;"">
              <p style=""margin:0 0 18px 0;font-size:15px;font-weight:bold;color:#094d47;font-family:'Malgun Gothic', '맑은 고딕', 'Apple SD Gothic Neo', 'Segoe UI', Helvetica, Arial, sans-serif;"">이현호&#xB2D8; &#xC548;&#xB155;&#xD558;&#xC138;&#xC694;.</p>
              <p style=""margin:0 0 14px 0;font-size:15px;line-height:1.9;color:#0e2233;"">자동화와 사람의 검수를 결합한 방식에 깊이 공감해 주셔서 감사합니다.</p>
<p style=""margin:0 0 14px 0;font-size:15px;line-height:1.9;color:#0e2233;"">2주 단위 체크인 메시지 자동화를 통해 교육 의지를 실행 체계로 만드는 계획이 기대됩니다.</p>
<p style=""margin:0 0 14px 0;font-size:15px;line-height:1.9;color:#0e2233;"">개인의 계획이 팀 단위로 확장될 수 있도록 결과를 공유해 주시길 바랍니다.</p>
            </td>
          </tr>

          <!-- ========== INFO CARDS (2x2 table) ========== -->
          <tr>
            <td style=""padding:0 36px 10px 36px;"">
              <table role=""presentation"" width=""100%"" cellpadding=""0"" cellspacing=""0"" border=""0"">
                <tr>
                  <!-- Card 1: Action Plan -->
                  <td width=""50%"" valign=""top"" style=""padding:0 6px 12px 0;"">
                    <table role=""presentation"" width=""100%"" cellpadding=""0"" cellspacing=""0"" border=""0"" style=""background-color:#f7fafa;border:1px solid #dae4ec;"">
                      <tr>
                        <td style=""padding:16px 18px;"">
                          <p style=""margin:0 0 8px 0;font-size:11px;font-weight:bold;color:#0d8f84;letter-spacing:0.06em;font-family:'Malgun Gothic', '맑은 고딕', 'Apple SD Gothic Neo', 'Segoe UI', Helvetica, Arial, sans-serif;"">&#9654; &#xD575;&#xC2EC; &#xC2E4;&#xD589;&#xACC4;&#xD68D;</p>
                          <p style=""margin:0;font-size:14px;line-height:1.8;color:#0e2233;font-family:'Malgun Gothic', '맑은 고딕', 'Apple SD Gothic Neo', 'Segoe UI', Helvetica, Arial, sans-serif;"">교육 종료 후 2주 단위 액션플랜 체크인 메시지를 자동화</p>
                        </td>
                      </tr>
                    </table>
                  </td>
                  <!-- Card 2: Expected Behavior -->
                  <td width=""50%"" valign=""top"" style=""padding:0 0 12px 6px;"">
                    <table role=""presentation"" width=""100%"" cellpadding=""0"" cellspacing=""0"" border=""0"" style=""background-color:#f7fafa;border:1px solid #dae4ec;"">
                      <tr>
                        <td style=""padding:16px 18px;"">
                          <p style=""margin:0 0 8px 0;font-size:11px;font-weight:bold;color:#0d8f84;letter-spacing:0.06em;font-family:'Malgun Gothic', '맑은 고딕', 'Apple SD Gothic Neo', 'Segoe UI', Helvetica, Arial, sans-serif;"">&#9654; &#xAE30;&#xB300; &#xD589;&#xB3D9;</p>
                          <p style=""margin:0;font-size:14px;line-height:1.8;color:#0e2233;font-family:'Malgun Gothic', '맑은 고딕', 'Apple SD Gothic Neo', 'Segoe UI', Helvetica, Arial, sans-serif;"">수강자가 교육 직후 세운 계획을 잊지 않고 팀 내 공유까지 이어가게 한다</p>
                        </td>
                      </tr>
                    </table>
                  </td>
                </tr>
                <tr>
                  <!-- Card 3: Key Takeaway -->
                  <td width=""50%"" valign=""top"" style=""padding:0 6px 12px 0;"">
                    <table role=""presentation"" width=""100%"" cellpadding=""0"" cellspacing=""0"" border=""0"" style=""background-color:#f7fafa;border:1px solid #dae4ec;"">
                      <tr>
                        <td style=""padding:16px 18px;"">
                          <p style=""margin:0 0 8px 0;font-size:11px;font-weight:bold;color:#0d8f84;letter-spacing:0.06em;font-family:'Malgun Gothic', '맑은 고딕', 'Apple SD Gothic Neo', 'Segoe UI', Helvetica, Arial, sans-serif;"">&#9654; &#xAD50;&#xC721; &#xD575;&#xC2EC; &#xD3EC;&#xC778;&#xD2B8;</p>
                          <p style=""margin:0;font-size:14px;line-height:1.8;color:#0e2233;font-family:'Malgun Gothic', '맑은 고딕', 'Apple SD Gothic Neo', 'Segoe UI', Helvetica, Arial, sans-serif;"">초안 자동화 후 사람이 톤을 통제하는 방식이 현실적이라는 점</p>
                        </td>
                      </tr>
                    </table>
                  </td>
                  <!-- Card 4: Comment -->
                  <td width=""50%"" valign=""top"" style=""padding:0 0 12px 6px;"">
                    <table role=""presentation"" width=""100%"" cellpadding=""0"" cellspacing=""0"" border=""0"" style=""background-color:#f7fafa;border:1px solid #dae4ec;"">
                      <tr>
                        <td style=""padding:16px 18px;"">
                          <p style=""margin:0 0 8px 0;font-size:11px;font-weight:bold;color:#0d8f84;letter-spacing:0.06em;font-family:'Malgun Gothic', '맑은 고딕', 'Apple SD Gothic Neo', 'Segoe UI', Helvetica, Arial, sans-serif;"">&#9654; &#xCC38;&#xAC00;&#xC790; &#xCF54;&#xBA58;&#xD2B8;</p>
                          <p style=""margin:0;font-size:14px;line-height:1.8;color:#0e2233;font-family:'Malgun Gothic', '맑은 고딕', 'Apple SD Gothic Neo', 'Segoe UI', Helvetica, Arial, sans-serif;"">개인화 메시지를 자동화하되 사람 검수를 남기는 구조가 설득력 있었다. 현업에 바로 가져갈 산출물이 분명해서 만족도가 높았다. 기초 설명은 충분했지만 실습 난도는 한 단계 높여도 좋겠다고 느꼈다.</p>
                        </td>
                      </tr>
                    </table>
                  </td>
                </tr>
              </table>
            </td>
          </tr>

          <!-- ========== NEXT ACTION ========== -->
          <tr>
            <td style=""padding:6px 36px 20px 36px;"">
              <table role=""presentation"" width=""100%"" cellpadding=""0"" cellspacing=""0"" border=""0"" style=""background-color:#0d8f84;"">
                <tr>
                  <td style=""padding:20px 24px;"">
                    <p style=""margin:0 0 6px 0;font-size:11px;font-weight:bold;letter-spacing:0.1em;color:#b8e6e0;font-family:'Malgun Gothic', '맑은 고딕', 'Apple SD Gothic Neo', 'Segoe UI', Helvetica, Arial, sans-serif;"">NEXT ACTION</p>
                    <p style=""margin:0;font-size:16px;line-height:1.8;font-weight:bold;color:#ffffff;font-family:'Malgun Gothic', '맑은 고딕', 'Apple SD Gothic Neo', 'Segoe UI', Helvetica, Arial, sans-serif;"">2주 단위 자동화 체크인 구축 및 팀 내 실행 결과 공유</p>
                  </td>
                </tr>
              </table>
            </td>
          </tr>

          <!-- ========== SIGNATURE ========== -->
          <tr>
            <td style=""padding:0 36px 36px 36px;"">
              <table role=""presentation"" width=""100%"" cellpadding=""0"" cellspacing=""0"" border=""0"" style=""border-top:1px solid #dae4ec;"">
                <tr>
                  <td style=""padding:20px 0 0 0;font-size:13px;line-height:1.9;color:#4a6a82;font-family:'Malgun Gothic', '맑은 고딕', 'Apple SD Gothic Neo', 'Segoe UI', Helvetica, Arial, sans-serif;"">
                    감사합니다.<br />
                    박서윤<br />
                    현대제철 컬처디자인팀
                  </td>
                </tr>
              </table>
            </td>
          </tr>

        </table>
        <!--[if mso]></td></tr></table><![endif]-->

      </td>
    </tr>
  </table>

</body>
</html>
",sample_data/교육_액션플랜_데이터_feedback_output_html_preview/002_이현호.html,completed,glm-4.5-air,2026-07-21T21:09:17
P003,임보은,participant003@hrd-ai-demo.example.com,무림피앤피,HR팀,과장,HRD,보고서 작성 시간을 줄이고 데이터 기반으로 다음 차수 개선안을 제시하겠다,만족도 조사 데이터를 월별 대시보드와 1페이지 요약 보고서로 연결,정량 점수와 정성 코멘트를 함께 보며 다음 차수 개선 우선순위를 빠르게 합의한다,정성 의견을 숫자 옆에 붙여 스토리로 보여주는 예시가 인상 깊었다. 도구 설명보다 업무 문제 정의에 초점을 둔 구성이 실무적이었다. 오전 이론 파트는 비전공자 기준으로 속도가 조금 빨랐다.,정량과 정성을 같이 봐야 의사결정이 빨라진다는 점,김민주,현대제철 리더십 교육 후속: 만족도 데이터 대시보드 구축,정량과 정성 데이터를 결합해 업무 효율을 높이는 방법을 실천해 보시길 바랍니다. 약속하신 대로 월별 대시보드와 1페이지 요약 보고서를 구축하여 다음 차수 개선안의 우선순위를 빠르게 정리해 주세요.,만족도 조사 데이터를 월별 대시보드와 1페이지 요약 보고서로 연결 및 구축하기,ok,"<!DOCTYPE html PUBLIC ""-//W3C//DTD XHTML 1.0 Transitional//EN"" ""http://www.w3.org/TR/xhtml1/DTD/xhtml1-transitional.dtd"">
<html xmlns=""http://www.w3.org/1999/xhtml"" lang=""ko"">
<head>
  <meta http-equiv=""Content-Type"" content=""text/html; charset=utf-8"" />
  <meta name=""viewport"" content=""width=device-width, initial-scale=1.0"" />
  <title>현대제철 리더십 교육 후속: 만족도 데이터 대시보드 구축</title>
  <!--[if mso]>
  <style type=""text/css"">
    table { border-collapse: collapse; }
    td { font-family: 'Malgun Gothic', '맑은 고딕', 'Apple SD Gothic Neo', 'Segoe UI', Helvetica, Arial, sans-serif; }
  </style>
  <![endif]-->
</head>
<body style=""margin:0;padding:0;background-color:#eaf1f5;font-family:'Malgun Gothic', '맑은 고딕', 'Apple SD Gothic Neo', 'Segoe UI', Helvetica, Arial, sans-serif;font-size:15px;line-height:1.7;color:#0e2233;-webkit-text-size-adjust:100%;-ms-text-size-adjust:100%;"">

  <!-- Outer wrapper table for centering -->
  <table role=""presentation"" width=""100%"" cellpadding=""0"" cellspacing=""0"" border=""0"" style=""background-color:#eaf1f5;"">
    <tr>
      <td align=""center"" style=""padding:40px 16px 50px 16px;"">

        <!--[if mso]><table role=""presentation"" width=""680"" cellpadding=""0"" cellspacing=""0"" border=""0"" align=""center""><tr><td><![endif]-->
        <table role=""presentation"" width=""100%"" cellpadding=""0"" cellspacing=""0"" border=""0"" style=""max-width:680px;margin:0 auto;background-color:#ffffff;border:1px solid #d4e1e8;"">

          <!-- ========== HEADER ========== -->
          <tr>
            <td style=""padding:34px 36px 24px 36px;background-color:#f3f9f8;border-bottom:2px solid #0d8f84;"">
              <!-- Eyebrow badge -->
              <table role=""presentation"" cellpadding=""0"" cellspacing=""0"" border=""0"">
                <tr>
                  <td style=""background-color:#e6f4f2;padding:5px 14px;font-size:11px;font-weight:bold;color:#094d47;letter-spacing:0.08em;font-family:'Malgun Gothic', '맑은 고딕', 'Apple SD Gothic Neo', 'Segoe UI', Helvetica, Arial, sans-serif;"">
                    &#9679;&nbsp; 현대제철 리더십 교육 F/U
                  </td>
                </tr>
              </table>
              <!-- Title -->
              <h1 style=""margin:16px 0 8px 0;font-size:24px;font-weight:bold;line-height:1.35;color:#091e2f;font-family:'Malgun Gothic', '맑은 고딕', 'Apple SD Gothic Neo', 'Segoe UI', Helvetica, Arial, sans-serif;"">현대제철 리더십 교육 후속: 만족도 데이터 대시보드 구축</h1>
              <!-- Recipient info -->
              <p style=""margin:0;font-size:14px;line-height:1.7;color:#4a6a82;font-family:'Malgun Gothic', '맑은 고딕', 'Apple SD Gothic Neo', 'Segoe UI', Helvetica, Arial, sans-serif;"">임보은&#xB2D8; &middot; 무림피앤피 HR팀 &middot; 과장</p>
            </td>
          </tr>

          <!-- ========== BODY ========== -->
          <tr>
            <td style=""padding:30px 36px 10px 36px;"">
              <p style=""margin:0 0 18px 0;font-size:15px;font-weight:bold;color:#094d47;font-family:'Malgun Gothic', '맑은 고딕', 'Apple SD Gothic Neo', 'Segoe UI', Helvetica, Arial, sans-serif;"">임보은&#xB2D8; &#xC548;&#xB155;&#xD558;&#xC138;&#xC694;.</p>
              <p style=""margin:0 0 14px 0;font-size:15px;line-height:1.9;color:#0e2233;"">정량과 정성 데이터를 결합해 업무 효율을 높이는 방법을 실천해 보시길 바랍니다.</p>
<p style=""margin:0 0 14px 0;font-size:15px;line-height:1.9;color:#0e2233;"">약속하신 대로 월별 대시보드와 1페이지 요약 보고서를 구축하여 다음 차수 개선안의 우선순위를 빠르게 정리해 주세요.</p>
            </td>
          </tr>

          <!-- ========== INFO CARDS (2x2 table) ========== -->
          <tr>
            <td style=""padding:0 36px 10px 36px;"">
              <table role=""presentation"" width=""100%"" cellpadding=""0"" cellspacing=""0"" border=""0"">
                <tr>
                  <!-- Card 1: Action Plan -->
                  <td width=""50%"" valign=""top"" style=""padding:0 6px 12px 0;"">
                    <table role=""presentation"" width=""100%"" cellpadding=""0"" cellspacing=""0"" border=""0"" style=""background-color:#f7fafa;border:1px solid #dae4ec;"">
                      <tr>
                        <td style=""padding:16px 18px;"">
                          <p style=""margin:0 0 8px 0;font-size:11px;font-weight:bold;color:#0d8f84;letter-spacing:0.06em;font-family:'Malgun Gothic', '맑은 고딕', 'Apple SD Gothic Neo', 'Segoe UI', Helvetica, Arial, sans-serif;"">&#9654; &#xD575;&#xC2EC; &#xC2E4;&#xD589;&#xACC4;&#xD68D;</p>
                          <p style=""margin:0;font-size:14px;line-height:1.8;color:#0e2233;font-family:'Malgun Gothic', '맑은 고딕', 'Apple SD Gothic Neo', 'Segoe UI', Helvetica, Arial, sans-serif;"">만족도 조사 데이터를 월별 대시보드와 1페이지 요약 보고서로 연결</p>
                        </td>
                      </tr>
                    </table>
                  </td>
                  <!-- Card 2: Expected Behavior -->
                  <td width=""50%"" valign=""top"" style=""padding:0 0 12px 6px;"">
                    <table role=""presentation"" width=""100%"" cellpadding=""0"" cellspacing=""0"" border=""0"" style=""background-color:#f7fafa;border:1px solid #dae4ec;"">
                      <tr>
                        <td style=""padding:16px 18px;"">
                          <p style=""margin:0 0 8px 0;font-size:11px;font-weight:bold;color:#0d8f84;letter-spacing:0.06em;font-family:'Malgun Gothic', '맑은 고딕', 'Apple SD Gothic Neo', 'Segoe UI', Helvetica, Arial, sans-serif;"">&#9654; &#xAE30;&#xB300; &#xD589;&#xB3D9;</p>
                          <p style=""margin:0;font-size:14px;line-height:1.8;color:#0e2233;font-family:'Malgun Gothic', '맑은 고딕', 'Apple SD Gothic Neo', 'Segoe UI', Helvetica, Arial, sans-serif;"">정량 점수와 정성 코멘트를 함께 보며 다음 차수 개선 우선순위를 빠르게 합의한다</p>
                        </td>
                      </tr>
                    </table>
                  </td>
                </tr>
                <tr>
                  <!-- Card 3: Key Takeaway -->
                  <td width=""50%"" valign=""top"" style=""padding:0 6px 12px 0;"">
                    <table role=""presentation"" width=""100%"" cellpadding=""0"" cellspacing=""0"" border=""0"" style=""background-color:#f7fafa;border:1px solid #dae4ec;"">
                      <tr>
                        <td style=""padding:16px 18px;"">
                          <p style=""margin:0 0 8px 0;font-size:11px;font-weight:bold;color:#0d8f84;letter-spacing:0.06em;font-family:'Malgun Gothic', '맑은 고딕', 'Apple SD Gothic Neo', 'Segoe UI', Helvetica, Arial, sans-serif;"">&#9654; &#xAD50;&#xC721; &#xD575;&#xC2EC; &#xD3EC;&#xC778;&#xD2B8;</p>
                          <p style=""margin:0;font-size:14px;line-height:1.8;color:#0e2233;font-family:'Malgun Gothic', '맑은 고딕', 'Apple SD Gothic Neo', 'Segoe UI', Helvetica, Arial, sans-serif;"">정량과 정성을 같이 봐야 의사결정이 빨라진다는 점</p>
                        </td>
                      </tr>
                    </table>
                  </td>
                  <!-- Card 4: Comment -->
                  <td width=""50%"" valign=""top"" style=""padding:0 0 12px 6px;"">
                    <table role=""presentation"" width=""100%"" cellpadding=""0"" cellspacing=""0"" border=""0"" style=""background-color:#f7fafa;border:1px solid #dae4ec;"">
                      <tr>
                        <td style=""padding:16px 18px;"">
                          <p style=""margin:0 0 8px 0;font-size:11px;font-weight:bold;color:#0d8f84;letter-spacing:0.06em;font-family:'Malgun Gothic', '맑은 고딕', 'Apple SD Gothic Neo', 'Segoe UI', Helvetica, Arial, sans-serif;"">&#9654; &#xCC38;&#xAC00;&#xC790; &#xCF54;&#xBA58;&#xD2B8;</p>
                          <p style=""margin:0;font-size:14px;line-height:1.8;color:#0e2233;font-family:'Malgun Gothic', '맑은 고딕', 'Apple SD Gothic Neo', 'Segoe UI', Helvetica, Arial, sans-serif;"">정성 의견을 숫자 옆에 붙여 스토리로 보여주는 예시가 인상 깊었다. 도구 설명보다 업무 문제 정의에 초점을 둔 구성이 실무적이었다. 오전 이론 파트는 비전공자 기준으로 속도가 조금 빨랐다.</p>
                        </td>
                      </tr>
                    </table>
                  </td>
                </tr>
              </table>
            </td>
          </tr>

          <!-- ========== NEXT ACTION ========== -->
          <tr>
            <td style=""padding:6px 36px 20px 36px;"">
              <table role=""presentation"" width=""100%"" cellpadding=""0"" cellspacing=""0"" border=""0"" style=""background-color:#0d8f84;"">
                <tr>
                  <td style=""padding:20px 24px;"">
                    <p style=""margin:0 0 6px 0;font-size:11px;font-weight:bold;letter-spacing:0.1em;color:#b8e6e0;font-family:'Malgun Gothic', '맑은 고딕', 'Apple SD Gothic Neo', 'Segoe UI', Helvetica, Arial, sans-serif;"">NEXT ACTION</p>
                    <p style=""margin:0;font-size:16px;line-height:1.8;font-weight:bold;color:#ffffff;font-family:'Malgun Gothic', '맑은 고딕', 'Apple SD Gothic Neo', 'Segoe UI', Helvetica, Arial, sans-serif;"">만족도 조사 데이터를 월별 대시보드와 1페이지 요약 보고서로 연결 및 구축하기</p>
                  </td>
                </tr>
              </table>
            </td>
          </tr>

          <!-- ========== SIGNATURE ========== -->
          <tr>
            <td style=""padding:0 36px 36px 36px;"">
              <table role=""presentation"" width=""100%"" cellpadding=""0"" cellspacing=""0"" border=""0"" style=""border-top:1px solid #dae4ec;"">
                <tr>
                  <td style=""padding:20px 0 0 0;font-size:13px;line-height:1.9;color:#4a6a82;font-family:'Malgun Gothic', '맑은 고딕', 'Apple SD Gothic Neo', 'Segoe UI', Helvetica, Arial, sans-serif;"">
                    감사합니다.<br />
                    김민주<br />
                    현대제철 컬처디자인팀
                  </td>
                </tr>
              </table>
            </td>
          </tr>

        </table>
        <!--[if mso]></td></tr></table><![endif]-->

      </td>
    </tr>
  </table>

</body>
</html>
",sample_data/교육_액션플랜_데이터_feedback_output_html_preview/003_임보은.html,completed,glm-4.5-air,2026-07-21T21:09:59
P004,김승현,participant004@hrd-ai-demo.example.com,성신양회,인사팀,선임,HR,길게 쌓인 VOC를 읽는 시간보다 의사결정 시간을 더 확보하겠다,정성 코멘트에서 핵심 토픽 3개와 대표 인용문 3개를 자동 추출,운영진이 불만 포인트와 강점을 빠르게 파악해 다음 차수 반영 속도를 높인다,정성데이터를 너무 무겁게 다루지 않아도 된다는 설명이 부담을 줄여줬다. 실습 데이터 예시가 한두 건 더 있었으면 비교 설명이 쉬웠을 것 같다. 다만 오전 기술 동향 파트는 초급자에게 조금 빠르게 느껴질 수 있었다.,인용문 3개와 토픽 3개만 잘 뽑아도 보고 품질이 높아진다는 점,이도현,[후속] 정성 데이터 분석 액션플랜 실행 점검,"정성 데이터 분석의 부담을 덜어드려 다행이었습니다. 계획하신 대로 핵심 토픽과 인용문 자동 추출을 통해 의사결정 시간을 확보하고, 운영진이 불만 포인트를 빠르게 파악할 수 있도록 진행 부탁드립니다.",정성 코멘트에서 핵심 토픽 및 인용문 3개씩 추출하는 프로세스 적용 후 결과 공유,ok,"<!DOCTYPE html PUBLIC ""-//W3C//DTD XHTML 1.0 Transitional//EN"" ""http://www.w3.org/TR/xhtml1/DTD/xhtml1-transitional.dtd"">
<html xmlns=""http://www.w3.org/1999/xhtml"" lang=""ko"">
<head>
  <meta http-equiv=""Content-Type"" content=""text/html; charset=utf-8"" />
  <meta name=""viewport"" content=""width=device-width, initial-scale=1.0"" />
  <title>[후속] 정성 데이터 분석 액션플랜 실행 점검</title>
  <!--[if mso]>
  <style type=""text/css"">
    table { border-collapse: collapse; }
    td { font-family: 'Malgun Gothic', '맑은 고딕', 'Apple SD Gothic Neo', 'Segoe UI', Helvetica, Arial, sans-serif; }
  </style>
  <![endif]-->
</head>
<body style=""margin:0;padding:0;background-color:#eaf1f5;font-family:'Malgun Gothic', '맑은 고딕', 'Apple SD Gothic Neo', 'Segoe UI', Helvetica, Arial, sans-serif;font-size:15px;line-height:1.7;color:#0e2233;-webkit-text-size-adjust:100%;-ms-text-size-adjust:100%;"">

  <!-- Outer wrapper table for centering -->
  <table role=""presentation"" width=""100%"" cellpadding=""0"" cellspacing=""0"" border=""0"" style=""background-color:#eaf1f5;"">
    <tr>
      <td align=""center"" style=""padding:40px 16px 50px 16px;"">

        <!--[if mso]><table role=""presentation"" width=""680"" cellpadding=""0"" cellspacing=""0"" border=""0"" align=""center""><tr><td><![endif]-->
        <table role=""presentation"" width=""100%"" cellpadding=""0"" cellspacing=""0"" border=""0"" style=""max-width:680px;margin:0 auto;background-color:#ffffff;border:1px solid #d4e1e8;"">

          <!-- ========== HEADER ========== -->
          <tr>
            <td style=""padding:34px 36px 24px 36px;background-color:#f3f9f8;border-bottom:2px solid #0d8f84;"">
              <!-- Eyebrow badge -->
              <table role=""presentation"" cellpadding=""0"" cellspacing=""0"" border=""0"">
                <tr>
                  <td style=""background-color:#e6f4f2;padding:5px 14px;font-size:11px;font-weight:bold;color:#094d47;letter-spacing:0.08em;font-family:'Malgun Gothic', '맑은 고딕', 'Apple SD Gothic Neo', 'Segoe UI', Helvetica, Arial, sans-serif;"">
                    &#9679;&nbsp; 현대제철 리더십 교육 F/U
                  </td>
                </tr>
              </table>
              <!-- Title -->
              <h1 style=""margin:16px 0 8px 0;font-size:24px;font-weight:bold;line-height:1.35;color:#091e2f;font-family:'Malgun Gothic', '맑은 고딕', 'Apple SD Gothic Neo', 'Segoe UI', Helvetica, Arial, sans-serif;"">[후속] 정성 데이터 분석 액션플랜 실행 점검</h1>
              <!-- Recipient info -->
              <p style=""margin:0;font-size:14px;line-height:1.7;color:#4a6a82;font-family:'Malgun Gothic', '맑은 고딕', 'Apple SD Gothic Neo', 'Segoe UI', Helvetica, Arial, sans-serif;"">김승현&#xB2D8; &middot; 성신양회 인사팀 &middot; 선임</p>
            </td>
          </tr>

          <!-- ========== BODY ========== -->
          <tr>
            <td style=""padding:30px 36px 10px 36px;"">
              <p style=""margin:0 0 18px 0;font-size:15px;font-weight:bold;color:#094d47;font-family:'Malgun Gothic', '맑은 고딕', 'Apple SD Gothic Neo', 'Segoe UI', Helvetica, Arial, sans-serif;"">김승현&#xB2D8; &#xC548;&#xB155;&#xD558;&#xC138;&#xC694;.</p>
              <p style=""margin:0 0 14px 0;font-size:15px;line-height:1.9;color:#0e2233;"">정성 데이터 분석의 부담을 덜어드려 다행이었습니다.</p>
<p style=""margin:0 0 14px 0;font-size:15px;line-height:1.9;color:#0e2233;"">계획하신 대로 핵심 토픽과 인용문 자동 추출을 통해 의사결정 시간을 확보하고, 운영진이 불만 포인트를 빠르게 파악할 수 있도록 진행 부탁드립니다.</p>
            </td>
          </tr>

          <!-- ========== INFO CARDS (2x2 table) ========== -->
          <tr>
            <td style=""padding:0 36px 10px 36px;"">
              <table role=""presentation"" width=""100%"" cellpadding=""0"" cellspacing=""0"" border=""0"">
                <tr>
                  <!-- Card 1: Action Plan -->
                  <td width=""50%"" valign=""top"" style=""padding:0 6px 12px 0;"">
                    <table role=""presentation"" width=""100%"" cellpadding=""0"" cellspacing=""0"" border=""0"" style=""background-color:#f7fafa;border:1px solid #dae4ec;"">
                      <tr>
                        <td style=""padding:16px 18px;"">
                          <p style=""margin:0 0 8px 0;font-size:11px;font-weight:bold;color:#0d8f84;letter-spacing:0.06em;font-family:'Malgun Gothic', '맑은 고딕', 'Apple SD Gothic Neo', 'Segoe UI', Helvetica, Arial, sans-serif;"">&#9654; &#xD575;&#xC2EC; &#xC2E4;&#xD589;&#xACC4;&#xD68D;</p>
                          <p style=""margin:0;font-size:14px;line-height:1.8;color:#0e2233;font-family:'Malgun Gothic', '맑은 고딕', 'Apple SD Gothic Neo', 'Segoe UI', Helvetica, Arial, sans-serif;"">정성 코멘트에서 핵심 토픽 3개와 대표 인용문 3개를 자동 추출</p>
                        </td>
                      </tr>
                    </table>
                  </td>
                  <!-- Card 2: Expected Behavior -->
                  <td width=""50%"" valign=""top"" style=""padding:0 0 12px 6px;"">
                    <table role=""presentation"" width=""100%"" cellpadding=""0"" cellspacing=""0"" border=""0"" style=""background-color:#f7fafa;border:1px solid #dae4ec;"">
                      <tr>
                        <td style=""padding:16px 18px;"">
                          <p style=""margin:0 0 8px 0;font-size:11px;font-weight:bold;color:#0d8f84;letter-spacing:0.06em;font-family:'Malgun Gothic', '맑은 고딕', 'Apple SD Gothic Neo', 'Segoe UI', Helvetica, Arial, sans-serif;"">&#9654; &#xAE30;&#xB300; &#xD589;&#xB3D9;</p>
                          <p style=""margin:0;font-size:14px;line-height:1.8;color:#0e2233;font-family:'Malgun Gothic', '맑은 고딕', 'Apple SD Gothic Neo', 'Segoe UI', Helvetica, Arial, sans-serif;"">운영진이 불만 포인트와 강점을 빠르게 파악해 다음 차수 반영 속도를 높인다</p>
                        </td>
                      </tr>
                    </table>
                  </td>
                </tr>
                <tr>
                  <!-- Card 3: Key Takeaway -->
                  <td width=""50%"" valign=""top"" style=""padding:0 6px 12px 0;"">
                    <table role=""presentation"" width=""100%"" cellpadding=""0"" cellspacing=""0"" border=""0"" style=""background-color:#f7fafa;border:1px solid #dae4ec;"">
                      <tr>
                        <td style=""padding:16px 18px;"">
                          <p style=""margin:0 0 8px 0;font-size:11px;font-weight:bold;color:#0d8f84;letter-spacing:0.06em;font-family:'Malgun Gothic', '맑은 고딕', 'Apple SD Gothic Neo', 'Segoe UI', Helvetica, Arial, sans-serif;"">&#9654; &#xAD50;&#xC721; &#xD575;&#xC2EC; &#xD3EC;&#xC778;&#xD2B8;</p>
                          <p style=""margin:0;font-size:14px;line-height:1.8;color:#0e2233;font-family:'Malgun Gothic', '맑은 고딕', 'Apple SD Gothic Neo', 'Segoe UI', Helvetica, Arial, sans-serif;"">인용문 3개와 토픽 3개만 잘 뽑아도 보고 품질이 높아진다는 점</p>
                        </td>
                      </tr>
                    </table>
                  </td>
                  <!-- Card 4: Comment -->
                  <td width=""50%"" valign=""top"" style=""padding:0 0 12px 6px;"">
                    <table role=""presentation"" width=""100%"" cellpadding=""0"" cellspacing=""0"" border=""0"" style=""background-color:#f7fafa;border:1px solid #dae4ec;"">
                      <tr>
                        <td style=""padding:16px 18px;"">
                          <p style=""margin:0 0 8px 0;font-size:11px;font-weight:bold;color:#0d8f84;letter-spacing:0.06em;font-family:'Malgun Gothic', '맑은 고딕', 'Apple SD Gothic Neo', 'Segoe UI', Helvetica, Arial, sans-serif;"">&#9654; &#xCC38;&#xAC00;&#xC790; &#xCF54;&#xBA58;&#xD2B8;</p>
                          <p style=""margin:0;font-size:14px;line-height:1.8;color:#0e2233;font-family:'Malgun Gothic', '맑은 고딕', 'Apple SD Gothic Neo', 'Segoe UI', Helvetica, Arial, sans-serif;"">정성데이터를 너무 무겁게 다루지 않아도 된다는 설명이 부담을 줄여줬다. 실습 데이터 예시가 한두 건 더 있었으면 비교 설명이 쉬웠을 것 같다. 다만 오전 기술 동향 파트는 초급자에게 조금 빠르게 느껴질 수 있었다.</p>
                        </td>
                      </tr>
                    </table>
                  </td>
                </tr>
              </table>
            </td>
          </tr>

          <!-- ========== NEXT ACTION ========== -->
          <tr>
            <td style=""padding:6px 36px 20px 36px;"">
              <table role=""presentation"" width=""100%"" cellpadding=""0"" cellspacing=""0"" border=""0"" style=""background-color:#0d8f84;"">
                <tr>
                  <td style=""padding:20px 24px;"">
                    <p style=""margin:0 0 6px 0;font-size:11px;font-weight:bold;letter-spacing:0.1em;color:#b8e6e0;font-family:'Malgun Gothic', '맑은 고딕', 'Apple SD Gothic Neo', 'Segoe UI', Helvetica, Arial, sans-serif;"">NEXT ACTION</p>
                    <p style=""margin:0;font-size:16px;line-height:1.8;font-weight:bold;color:#ffffff;font-family:'Malgun Gothic', '맑은 고딕', 'Apple SD Gothic Neo', 'Segoe UI', Helvetica, Arial, sans-serif;"">정성 코멘트에서 핵심 토픽 및 인용문 3개씩 추출하는 프로세스 적용 후 결과 공유</p>
                  </td>
                </tr>
              </table>
            </td>
          </tr>

          <!-- ========== SIGNATURE ========== -->
          <tr>
            <td style=""padding:0 36px 36px 36px;"">
              <table role=""presentation"" width=""100%"" cellpadding=""0"" cellspacing=""0"" border=""0"" style=""border-top:1px solid #dae4ec;"">
                <tr>
                  <td style=""padding:20px 0 0 0;font-size:13px;line-height:1.9;color:#4a6a82;font-family:'Malgun Gothic', '맑은 고딕', 'Apple SD Gothic Neo', 'Segoe UI', Helvetica, Arial, sans-serif;"">
                    감사합니다.<br />
                    이도현<br />
                    현대제철 컬처디자인팀
                  </td>
                </tr>
              </table>
            </td>
          </tr>

        </table>
        <!--[if mso]></td></tr></table><![endif]-->

      </td>
    </tr>
  </table>

</body>
</html>
",sample_data/교육_액션플랜_데이터_feedback_output_html_preview/004_김승현.html,completed,glm-4.5-air,2026-07-21T21:10:59
P005,문재윤,participant005@hrd-ai-demo.example.com,성신양회,교육팀,책임,HRD,교육 효과를 운영 기록이 아니라 경영 의사결정 자료로 전환하겠다,경영진 공유용으로 5장 내외의 교육 효과 요약 슬라이드 템플릿을 만든다,교육 결과를 숫자와 실행 과제로 연결해 임원 보고 속도를 높인다,보고용 스토리라인을 먼저 잡고 데이터를 넣는 방식이 도움이 됐다. 기초 설명은 충분했지만 실습 난도는 한 단계 높여도 좋겠다고 느꼈다.,숫자와 서술형 의견을 한 장의 스토리로 묶어야 경영진이 이해하기 쉽다는 점,정유라,"[현대제철 리더십 교육] 문재윤 책임님, 경영 의사결정 자료 전환을 위한 액션플랜 점검","문재윤 책임님, 보고용 스토리라인 수립 방식이 실무에 도움이 되셨기를 바랍니다. 계획하신 5장 내외의 요약 슬라이드 템플릿을 완성하여 교육 결과를 숫자와 실행 과제로 연결해 주시기 바랍니다. 이를 통해 임원 보고 자료의 질적 향상과 속도를 높이시길 기대합니다.",경영진 공유용 교육 효과 요약 슬라이드 템플릿(5장) 작성 및 적용,ok,"<!DOCTYPE html PUBLIC ""-//W3C//DTD XHTML 1.0 Transitional//EN"" ""http://www.w3.org/TR/xhtml1/DTD/xhtml1-transitional.dtd"">
<html xmlns=""http://www.w3.org/1999/xhtml"" lang=""ko"">
<head>
  <meta http-equiv=""Content-Type"" content=""text/html; charset=utf-8"" />
  <meta name=""viewport"" content=""width=device-width, initial-scale=1.0"" />
  <title>[현대제철 리더십 교육] 문재윤 책임님, 경영 의사결정 자료 전환을 위한 액션플랜 점검</title>
  <!--[if mso]>
  <style type=""text/css"">
    table { border-collapse: collapse; }
    td { font-family: 'Malgun Gothic', '맑은 고딕', 'Apple SD Gothic Neo', 'Segoe UI', Helvetica, Arial, sans-serif; }
  </style>
  <![endif]-->
</head>
<body style=""margin:0;padding:0;background-color:#eaf1f5;font-family:'Malgun Gothic', '맑은 고딕', 'Apple SD Gothic Neo', 'Segoe UI', Helvetica, Arial, sans-serif;font-size:15px;line-height:1.7;color:#0e2233;-webkit-text-size-adjust:100%;-ms-text-size-adjust:100%;"">

  <!-- Outer wrapper table for centering -->
  <table role=""presentation"" width=""100%"" cellpadding=""0"" cellspacing=""0"" border=""0"" style=""background-color:#eaf1f5;"">
    <tr>
      <td align=""center"" style=""padding:40px 16px 50px 16px;"">

        <!--[if mso]><table role=""presentation"" width=""680"" cellpadding=""0"" cellspacing=""0"" border=""0"" align=""center""><tr><td><![endif]-->
        <table role=""presentation"" width=""100%"" cellpadding=""0"" cellspacing=""0"" border=""0"" style=""max-width:680px;margin:0 auto;background-color:#ffffff;border:1px solid #d4e1e8;"">

          <!-- ========== HEADER ========== -->
          <tr>
            <td style=""padding:34px 36px 24px 36px;background-color:#f3f9f8;border-bottom:2px solid #0d8f84;"">
              <!-- Eyebrow badge -->
              <table role=""presentation"" cellpadding=""0"" cellspacing=""0"" border=""0"">
                <tr>
                  <td style=""background-color:#e6f4f2;padding:5px 14px;font-size:11px;font-weight:bold;color:#094d47;letter-spacing:0.08em;font-family:'Malgun Gothic', '맑은 고딕', 'Apple SD Gothic Neo', 'Segoe UI', Helvetica, Arial, sans-serif;"">
                    &#9679;&nbsp; 현대제철 리더십 교육 F/U
                  </td>
                </tr>
              </table>
              <!-- Title -->
              <h1 style=""margin:16px 0 8px 0;font-size:24px;font-weight:bold;line-height:1.35;color:#091e2f;font-family:'Malgun Gothic', '맑은 고딕', 'Apple SD Gothic Neo', 'Segoe UI', Helvetica, Arial, sans-serif;"">[현대제철 리더십 교육] 문재윤 책임님, 경영 의사결정 자료 전환을 위한 액션플랜 점검</h1>
              <!-- Recipient info -->
              <p style=""margin:0;font-size:14px;line-height:1.7;color:#4a6a82;font-family:'Malgun Gothic', '맑은 고딕', 'Apple SD Gothic Neo', 'Segoe UI', Helvetica, Arial, sans-serif;"">문재윤&#xB2D8; &middot; 성신양회 교육팀 &middot; 책임</p>
            </td>
          </tr>

          <!-- ========== BODY ========== -->
          <tr>
            <td style=""padding:30px 36px 10px 36px;"">
              <p style=""margin:0 0 18px 0;font-size:15px;font-weight:bold;color:#094d47;font-family:'Malgun Gothic', '맑은 고딕', 'Apple SD Gothic Neo', 'Segoe UI', Helvetica, Arial, sans-serif;"">문재윤&#xB2D8; &#xC548;&#xB155;&#xD558;&#xC138;&#xC694;.</p>
              <p style=""margin:0 0 14px 0;font-size:15px;line-height:1.9;color:#0e2233;"">문재윤 책임님, 보고용 스토리라인 수립 방식이 실무에 도움이 되셨기를 바랍니다.</p>
<p style=""margin:0 0 14px 0;font-size:15px;line-height:1.9;color:#0e2233;"">계획하신 5장 내외의 요약 슬라이드 템플릿을 완성하여 교육 결과를 숫자와 실행 과제로 연결해 주시기 바랍니다.</p>
<p style=""margin:0 0 14px 0;font-size:15px;line-height:1.9;color:#0e2233;"">이를 통해 임원 보고 자료의 질적 향상과 속도를 높이시길 기대합니다.</p>
            </td>
          </tr>

          <!-- ========== INFO CARDS (2x2 table) ========== -->
          <tr>
            <td style=""padding:0 36px 10px 36px;"">
              <table role=""presentation"" width=""100%"" cellpadding=""0"" cellspacing=""0"" border=""0"">
                <tr>
                  <!-- Card 1: Action Plan -->
                  <td width=""50%"" valign=""top"" style=""padding:0 6px 12px 0;"">
                    <table role=""presentation"" width=""100%"" cellpadding=""0"" cellspacing=""0"" border=""0"" style=""background-color:#f7fafa;border:1px solid #dae4ec;"">
                      <tr>
                        <td style=""padding:16px 18px;"">
                          <p style=""margin:0 0 8px 0;font-size:11px;font-weight:bold;color:#0d8f84;letter-spacing:0.06em;font-family:'Malgun Gothic', '맑은 고딕', 'Apple SD Gothic Neo', 'Segoe UI', Helvetica, Arial, sans-serif;"">&#9654; &#xD575;&#xC2EC; &#xC2E4;&#xD589;&#xACC4;&#xD68D;</p>
                          <p style=""margin:0;font-size:14px;line-height:1.8;color:#0e2233;font-family:'Malgun Gothic', '맑은 고딕', 'Apple SD Gothic Neo', 'Segoe UI', Helvetica, Arial, sans-serif;"">경영진 공유용으로 5장 내외의 교육 효과 요약 슬라이드 템플릿을 만든다</p>
                        </td>
                      </tr>
                    </table>
                  </td>
                  <!-- Card 2: Expected Behavior -->
                  <td width=""50%"" valign=""top"" style=""padding:0 0 12px 6px;"">
                    <table role=""presentation"" width=""100%"" cellpadding=""0"" cellspacing=""0"" border=""0"" style=""background-color:#f7fafa;border:1px solid #dae4ec;"">
                      <tr>
                        <td style=""padding:16px 18px;"">
                          <p style=""margin:0 0 8px 0;font-size:11px;font-weight:bold;color:#0d8f84;letter-spacing:0.06em;font-family:'Malgun Gothic', '맑은 고딕', 'Apple SD Gothic Neo', 'Segoe UI', Helvetica, Arial, sans-serif;"">&#9654; &#xAE30;&#xB300; &#xD589;&#xB3D9;</p>
                          <p style=""margin:0;font-size:14px;line-height:1.8;color:#0e2233;font-family:'Malgun Gothic', '맑은 고딕', 'Apple SD Gothic Neo', 'Segoe UI', Helvetica, Arial, sans-serif;"">교육 결과를 숫자와 실행 과제로 연결해 임원 보고 속도를 높인다</p>
                        </td>
                      </tr>
                    </table>
                  </td>
                </tr>
                <tr>
                  <!-- Card 3: Key Takeaway -->
                  <td width=""50%"" valign=""top"" style=""padding:0 6px 12px 0;"">
                    <table role=""presentation"" width=""100%"" cellpadding=""0"" cellspacing=""0"" border=""0"" style=""background-color:#f7fafa;border:1px solid #dae4ec;"">
                      <tr>
                        <td style=""padding:16px 18px;"">
                          <p style=""margin:0 0 8px 0;font-size:11px;font-weight:bold;color:#0d8f84;letter-spacing:0.06em;font-family:'Malgun Gothic', '맑은 고딕', 'Apple SD Gothic Neo', 'Segoe UI', Helvetica, Arial, sans-serif;"">&#9654; &#xAD50;&#xC721; &#xD575;&#xC2EC; &#xD3EC;&#xC778;&#xD2B8;</p>
                          <p style=""margin:0;font-size:14px;line-height:1.8;color:#0e2233;font-family:'Malgun Gothic', '맑은 고딕', 'Apple SD Gothic Neo', 'Segoe UI', Helvetica, Arial, sans-serif;"">숫자와 서술형 의견을 한 장의 스토리로 묶어야 경영진이 이해하기 쉽다는 점</p>
                        </td>
                      </tr>
                    </table>
                  </td>
                  <!-- Card 4: Comment -->
                  <td width=""50%"" valign=""top"" style=""padding:0 0 12px 6px;"">
                    <table role=""presentation"" width=""100%"" cellpadding=""0"" cellspacing=""0"" border=""0"" style=""background-color:#f7fafa;border:1px solid #dae4ec;"">
                      <tr>
                        <td style=""padding:16px 18px;"">
                          <p style=""margin:0 0 8px 0;font-size:11px;font-weight:bold;color:#0d8f84;letter-spacing:0.06em;font-family:'Malgun Gothic', '맑은 고딕', 'Apple SD Gothic Neo', 'Segoe UI', Helvetica, Arial, sans-serif;"">&#9654; &#xCC38;&#xAC00;&#xC790; &#xCF54;&#xBA58;&#xD2B8;</p>
                          <p style=""margin:0;font-size:14px;line-height:1.8;color:#0e2233;font-family:'Malgun Gothic', '맑은 고딕', 'Apple SD Gothic Neo', 'Segoe UI', Helvetica, Arial, sans-serif;"">보고용 스토리라인을 먼저 잡고 데이터를 넣는 방식이 도움이 됐다. 기초 설명은 충분했지만 실습 난도는 한 단계 높여도 좋겠다고 느꼈다.</p>
                        </td>
                      </tr>
                    </table>
                  </td>
                </tr>
              </table>
            </td>
          </tr>

          <!-- ========== NEXT ACTION ========== -->
          <tr>
            <td style=""padding:6px 36px 20px 36px;"">
              <table role=""presentation"" width=""100%"" cellpadding=""0"" cellspacing=""0"" border=""0"" style=""background-color:#0d8f84;"">
                <tr>
                  <td style=""padding:20px 24px;"">
                    <p style=""margin:0 0 6px 0;font-size:11px;font-weight:bold;letter-spacing:0.1em;color:#b8e6e0;font-family:'Malgun Gothic', '맑은 고딕', 'Apple SD Gothic Neo', 'Segoe UI', Helvetica, Arial, sans-serif;"">NEXT ACTION</p>
                    <p style=""margin:0;font-size:16px;line-height:1.8;font-weight:bold;color:#ffffff;font-family:'Malgun Gothic', '맑은 고딕', 'Apple SD Gothic Neo', 'Segoe UI', Helvetica, Arial, sans-serif;"">경영진 공유용 교육 효과 요약 슬라이드 템플릿(5장) 작성 및 적용</p>
                  </td>
                </tr>
              </table>
            </td>
          </tr>

          <!-- ========== SIGNATURE ========== -->
          <tr>
            <td style=""padding:0 36px 36px 36px;"">
              <table role=""presentation"" width=""100%"" cellpadding=""0"" cellspacing=""0"" border=""0"" style=""border-top:1px solid #dae4ec;"">
                <tr>
                  <td style=""padding:20px 0 0 0;font-size:13px;line-height:1.9;color:#4a6a82;font-family:'Malgun Gothic', '맑은 고딕', 'Apple SD Gothic Neo', 'Segoe UI', Helvetica, Arial, sans-serif;"">
                    감사합니다.<br />
                    정유라<br />
                    현대제철 컬처디자인팀
                  </td>
                </tr>
              </table>
            </td>
          </tr>

        </table>
        <!--[if mso]></td></tr></table><![endif]-->

      </td>
    </tr>
  </table>

</body>
</html>
",sample_data/교육_액션플랜_데이터_feedback_output_html_preview/005_문재윤.html,completed,glm-4.5-air,2026-07-21T21:12:45
P006,임송훈,participant006@hrd-ai-demo.example.com,엘엑스판토스,인재육성팀,책임,인재육성,개인 역량에 의존하던 AI 활용을 팀 단위의 재사용 자산으로 남기겠다,사내에서 자주 쓰는 프롬프트를 역할·맥락·입력자료·출력형식 템플릿으로 정리,담당자마다 품질 편차가 줄고 비슷한 작업을 반복할 때 초안 속도가 빨라진다,프롬프트를 감으로 쓰지 않고 구조화하는 법을 배운 점이 유용했다. 강의-시연-실습이 하나의 흐름으로 이어져 집중하기 쉬웠다. 현업 사례가 더 세분화되면 우리 조직에 옮겨 담기 쉬울 것 같다.,출력형식과 품질기준을 먼저 정해야 결과가 안정된다는 점,한충석,[현대제철] 리더십 교육 후속 안내 및 액션플랜 실행 요청,"교육에서 경험하신 프롬프트 구조화 노하우를 바탕으로 팀 단위의 활용 방안을 모색해 주십시오. 계획하신 대로 사내 공용 프롬프트를 역할과 맥락 중심의 템플릿으로 정리하여, 업무 품질 편차를 줄이고 효율을 높이는 데 기여해 주시길 바랍니다.",사내 공용 프롬프트 템플릿(역할·맥락·입력·출력) 작성 및 팀 공유,ok,"<!DOCTYPE html PUBLIC ""-//W3C//DTD XHTML 1.0 Transitional//EN"" ""http://www.w3.org/TR/xhtml1/DTD/xhtml1-transitional.dtd"">
<html xmlns=""http://www.w3.org/1999/xhtml"" lang=""ko"">
<head>
  <meta http-equiv=""Content-Type"" content=""text/html; charset=utf-8"" />
  <meta name=""viewport"" content=""width=device-width, initial-scale=1.0"" />
  <title>[현대제철] 리더십 교육 후속 안내 및 액션플랜 실행 요청</title>
  <!--[if mso]>
  <style type=""text/css"">
    table { border-collapse: collapse; }
    td { font-family: 'Malgun Gothic', '맑은 고딕', 'Apple SD Gothic Neo', 'Segoe UI', Helvetica, Arial, sans-serif; }
  </style>
  <![endif]-->
</head>
<body style=""margin:0;padding:0;background-color:#eaf1f5;font-family:'Malgun Gothic', '맑은 고딕', 'Apple SD Gothic Neo', 'Segoe UI', Helvetica, Arial, sans-serif;font-size:15px;line-height:1.7;color:#0e2233;-webkit-text-size-adjust:100%;-ms-text-size-adjust:100%;"">

  <!-- Outer wrapper table for centering -->
  <table role=""presentation"" width=""100%"" cellpadding=""0"" cellspacing=""0"" border=""0"" style=""background-color:#eaf1f5;"">
    <tr>
      <td align=""center"" style=""padding:40px 16px 50px 16px;"">

        <!--[if mso]><table role=""presentation"" width=""680"" cellpadding=""0"" cellspacing=""0"" border=""0"" align=""center""><tr><td><![endif]-->
        <table role=""presentation"" width=""100%"" cellpadding=""0"" cellspacing=""0"" border=""0"" style=""max-width:680px;margin:0 auto;background-color:#ffffff;border:1px solid #d4e1e8;"">

          <!-- ========== HEADER ========== -->
          <tr>
            <td style=""padding:34px 36px 24px 36px;background-color:#f3f9f8;border-bottom:2px solid #0d8f84;"">
              <!-- Eyebrow badge -->
              <table role=""presentation"" cellpadding=""0"" cellspacing=""0"" border=""0"">
                <tr>
                  <td style=""background-color:#e6f4f2;padding:5px 14px;font-size:11px;font-weight:bold;color:#094d47;letter-spacing:0.08em;font-family:'Malgun Gothic', '맑은 고딕', 'Apple SD Gothic Neo', 'Segoe UI', Helvetica, Arial, sans-serif;"">
                    &#9679;&nbsp; 현대제철 리더십 교육 F/U
                  </td>
                </tr>
              </table>
              <!-- Title -->
              <h1 style=""margin:16px 0 8px 0;font-size:24px;font-weight:bold;line-height:1.35;color:#091e2f;font-family:'Malgun Gothic', '맑은 고딕', 'Apple SD Gothic Neo', 'Segoe UI', Helvetica, Arial, sans-serif;"">[현대제철] 리더십 교육 후속 안내 및 액션플랜 실행 요청</h1>
              <!-- Recipient info -->
              <p style=""margin:0;font-size:14px;line-height:1.7;color:#4a6a82;font-family:'Malgun Gothic', '맑은 고딕', 'Apple SD Gothic Neo', 'Segoe UI', Helvetica, Arial, sans-serif;"">임송훈&#xB2D8; &middot; 엘엑스판토스 인재육성팀 &middot; 책임</p>
            </td>
          </tr>

          <!-- ========== BODY ========== -->
          <tr>
            <td style=""padding:30px 36px 10px 36px;"">
              <p style=""margin:0 0 18px 0;font-size:15px;font-weight:bold;color:#094d47;font-family:'Malgun Gothic', '맑은 고딕', 'Apple SD Gothic Neo', 'Segoe UI', Helvetica, Arial, sans-serif;"">임송훈&#xB2D8; &#xC548;&#xB155;&#xD558;&#xC138;&#xC694;.</p>
              <p style=""margin:0 0 14px 0;font-size:15px;line-height:1.9;color:#0e2233;"">교육에서 경험하신 프롬프트 구조화 노하우를 바탕으로 팀 단위의 활용 방안을 모색해 주십시오.</p>
<p style=""margin:0 0 14px 0;font-size:15px;line-height:1.9;color:#0e2233;"">계획하신 대로 사내 공용 프롬프트를 역할과 맥락 중심의 템플릿으로 정리하여, 업무 품질 편차를 줄이고 효율을 높이는 데 기여해 주시길 바랍니다.</p>
            </td>
          </tr>

          <!-- ========== INFO CARDS (2x2 table) ========== -->
          <tr>
            <td style=""padding:0 36px 10px 36px;"">
              <table role=""presentation"" width=""100%"" cellpadding=""0"" cellspacing=""0"" border=""0"">
                <tr>
                  <!-- Card 1: Action Plan -->
                  <td width=""50%"" valign=""top"" style=""padding:0 6px 12px 0;"">
                    <table role=""presentation"" width=""100%"" cellpadding=""0"" cellspacing=""0"" border=""0"" style=""background-color:#f7fafa;border:1px solid #dae4ec;"">
                      <tr>
                        <td style=""padding:16px 18px;"">
                          <p style=""margin:0 0 8px 0;font-size:11px;font-weight:bold;color:#0d8f84;letter-spacing:0.06em;font-family:'Malgun Gothic', '맑은 고딕', 'Apple SD Gothic Neo', 'Segoe UI', Helvetica, Arial, sans-serif;"">&#9654; &#xD575;&#xC2EC; &#xC2E4;&#xD589;&#xACC4;&#xD68D;</p>
                          <p style=""margin:0;font-size:14px;line-height:1.8;color:#0e2233;font-family:'Malgun Gothic', '맑은 고딕', 'Apple SD Gothic Neo', 'Segoe UI', Helvetica, Arial, sans-serif;"">사내에서 자주 쓰는 프롬프트를 역할·맥락·입력자료·출력형식 템플릿으로 정리</p>
                        </td>
                      </tr>
                    </table>
                  </td>
                  <!-- Card 2: Expected Behavior -->
                  <td width=""50%"" valign=""top"" style=""padding:0 0 12px 6px;"">
                    <table role=""presentation"" width=""100%"" cellpadding=""0"" cellspacing=""0"" border=""0"" style=""background-color:#f7fafa;border:1px solid #dae4ec;"">
                      <tr>
                        <td style=""padding:16px 18px;"">
                          <p style=""margin:0 0 8px 0;font-size:11px;font-weight:bold;color:#0d8f84;letter-spacing:0.06em;font-family:'Malgun Gothic', '맑은 고딕', 'Apple SD Gothic Neo', 'Segoe UI', Helvetica, Arial, sans-serif;"">&#9654; &#xAE30;&#xB300; &#xD589;&#xB3D9;</p>
                          <p style=""margin:0;font-size:14px;line-height:1.8;color:#0e2233;font-family:'Malgun Gothic', '맑은 고딕', 'Apple SD Gothic Neo', 'Segoe UI', Helvetica, Arial, sans-serif;"">담당자마다 품질 편차가 줄고 비슷한 작업을 반복할 때 초안 속도가 빨라진다</p>
                        </td>
                      </tr>
                    </table>
                  </td>
                </tr>
                <tr>
                  <!-- Card 3: Key Takeaway -->
                  <td width=""50%"" valign=""top"" style=""padding:0 6px 12px 0;"">
                    <table role=""presentation"" width=""100%"" cellpadding=""0"" cellspacing=""0"" border=""0"" style=""background-color:#f7fafa;border:1px solid #dae4ec;"">
                      <tr>
                        <td style=""padding:16px 18px;"">
                          <p style=""margin:0 0 8px 0;font-size:11px;font-weight:bold;color:#0d8f84;letter-spacing:0.06em;font-family:'Malgun Gothic', '맑은 고딕', 'Apple SD Gothic Neo', 'Segoe UI', Helvetica, Arial, sans-serif;"">&#9654; &#xAD50;&#xC721; &#xD575;&#xC2EC; &#xD3EC;&#xC778;&#xD2B8;</p>
                          <p style=""margin:0;font-size:14px;line-height:1.8;color:#0e2233;font-family:'Malgun Gothic', '맑은 고딕', 'Apple SD Gothic Neo', 'Segoe UI', Helvetica, Arial, sans-serif;"">출력형식과 품질기준을 먼저 정해야 결과가 안정된다는 점</p>
                        </td>
                      </tr>
                    </table>
                  </td>
                  <!-- Card 4: Comment -->
                  <td width=""50%"" valign=""top"" style=""padding:0 0 12px 6px;"">
                    <table role=""presentation"" width=""100%"" cellpadding=""0"" cellspacing=""0"" border=""0"" style=""background-color:#f7fafa;border:1px solid #dae4ec;"">
                      <tr>
                        <td style=""padding:16px 18px;"">
                          <p style=""margin:0 0 8px 0;font-size:11px;font-weight:bold;color:#0d8f84;letter-spacing:0.06em;font-family:'Malgun Gothic', '맑은 고딕', 'Apple SD Gothic Neo', 'Segoe UI', Helvetica, Arial, sans-serif;"">&#9654; &#xCC38;&#xAC00;&#xC790; &#xCF54;&#xBA58;&#xD2B8;</p>
                          <p style=""margin:0;font-size:14px;line-height:1.8;color:#0e2233;font-family:'Malgun Gothic', '맑은 고딕', 'Apple SD Gothic Neo', 'Segoe UI', Helvetica, Arial, sans-serif;"">프롬프트를 감으로 쓰지 않고 구조화하는 법을 배운 점이 유용했다. 강의-시연-실습이 하나의 흐름으로 이어져 집중하기 쉬웠다. 현업 사례가 더 세분화되면 우리 조직에 옮겨 담기 쉬울 것 같다.</p>
                        </td>
                      </tr>
                    </table>
                  </td>
                </tr>
              </table>
            </td>
          </tr>

          <!-- ========== NEXT ACTION ========== -->
          <tr>
            <td style=""padding:6px 36px 20px 36px;"">
              <table role=""presentation"" width=""100%"" cellpadding=""0"" cellspacing=""0"" border=""0"" style=""background-color:#0d8f84;"">
                <tr>
                  <td style=""padding:20px 24px;"">
                    <p style=""margin:0 0 6px 0;font-size:11px;font-weight:bold;letter-spacing:0.1em;color:#b8e6e0;font-family:'Malgun Gothic', '맑은 고딕', 'Apple SD Gothic Neo', 'Segoe UI', Helvetica, Arial, sans-serif;"">NEXT ACTION</p>
                    <p style=""margin:0;font-size:16px;line-height:1.8;font-weight:bold;color:#ffffff;font-family:'Malgun Gothic', '맑은 고딕', 'Apple SD Gothic Neo', 'Segoe UI', Helvetica, Arial, sans-serif;"">사내 공용 프롬프트 템플릿(역할·맥락·입력·출력) 작성 및 팀 공유</p>
                  </td>
                </tr>
              </table>
            </td>
          </tr>

          <!-- ========== SIGNATURE ========== -->
          <tr>
            <td style=""padding:0 36px 36px 36px;"">
              <table role=""presentation"" width=""100%"" cellpadding=""0"" cellspacing=""0"" border=""0"" style=""border-top:1px solid #dae4ec;"">
                <tr>
                  <td style=""padding:20px 0 0 0;font-size:13px;line-height:1.9;color:#4a6a82;font-family:'Malgun Gothic', '맑은 고딕', 'Apple SD Gothic Neo', 'Segoe UI', Helvetica, Arial, sans-serif;"">
                    감사합니다.<br />
                    한충석<br />
                    현대제철 컬처디자인팀
                  </td>
                </tr>
              </table>
            </td>
          </tr>

        </table>
        <!--[if mso]></td></tr></table><![endif]-->

      </td>
    </tr>
  </table>

</body>
</html>
",sample_data/교육_액션플랜_데이터_feedback_output_html_preview/006_임송훈.html,completed,glm-4.5-air,2026-07-21T21:13:33
P007,박신열,participant007@hrd-ai-demo.example.com,오뚜기,교육팀,대리,HRD,사내 교육 운영에서도 웹 기반 정보 제공 방식을 자연스럽게 정착시키겠다,GitHub Pages 기반 교육 안내 페이지 제작 프로세스를 팀 표준으로 정리,교육 안내 페이지를 빠르게 배포하고 모바일 접근성을 기본값으로 맞춘다,페이지를 단순히 예쁘게 만드는 것이 아니라 운영 리스크를 줄이는 관점이 좋았다. 현업에 바로 가져갈 산출물이 분명해서 만족도가 높았다. 이론과 실습의 난이도 균형은 전반적으로 적절했다.,모바일 우선 설계가 운영 효율과 직결된다는 점,박서윤,[교육 F/U] 웹 기반 교육 운영 정착을 위한 액션플랜 (박신열 대리),"박신열 대리님, 모바일 우선 설계를 통한 운영 리스크 감소 기획이 인상 깊었습니다. GitHub Pages 기반 교육 안내 페이지 제작 프로세스를 팀 표준으로 정리하여 바로 적용해 보시기 바랍니다. 빠른 배포와 모바일 접근성 확보를 통해 교육 운영의 효율성을 높여주시길 응원합니다.",GitHub Pages 제작 프로세스 표준화 및 페이지 배포,ok,"<!DOCTYPE html PUBLIC ""-//W3C//DTD XHTML 1.0 Transitional//EN"" ""http://www.w3.org/TR/xhtml1/DTD/xhtml1-transitional.dtd"">
<html xmlns=""http://www.w3.org/1999/xhtml"" lang=""ko"">
<head>
  <meta http-equiv=""Content-Type"" content=""text/html; charset=utf-8"" />
  <meta name=""viewport"" content=""width=device-width, initial-scale=1.0"" />
  <title>[교육 F/U] 웹 기반 교육 운영 정착을 위한 액션플랜 (박신열 대리)</title>
  <!--[if mso]>
  <style type=""text/css"">
    table { border-collapse: collapse; }
    td { font-family: 'Malgun Gothic', '맑은 고딕', 'Apple SD Gothic Neo', 'Segoe UI', Helvetica, Arial, sans-serif; }
  </style>
  <![endif]-->
</head>
<body style=""margin:0;padding:0;background-color:#eaf1f5;font-family:'Malgun Gothic', '맑은 고딕', 'Apple SD Gothic Neo', 'Segoe UI', Helvetica, Arial, sans-serif;font-size:15px;line-height:1.7;color:#0e2233;-webkit-text-size-adjust:100%;-ms-text-size-adjust:100%;"">

  <!-- Outer wrapper table for centering -->
  <table role=""presentation"" width=""100%"" cellpadding=""0"" cellspacing=""0"" border=""0"" style=""background-color:#eaf1f5;"">
    <tr>
      <td align=""center"" style=""padding:40px 16px 50px 16px;"">

        <!--[if mso]><table role=""presentation"" width=""680"" cellpadding=""0"" cellspacing=""0"" border=""0"" align=""center""><tr><td><![endif]-->
        <table role=""presentation"" width=""100%"" cellpadding=""0"" cellspacing=""0"" border=""0"" style=""max-width:680px;margin:0 auto;background-color:#ffffff;border:1px solid #d4e1e8;"">

          <!-- ========== HEADER ========== -->
          <tr>
            <td style=""padding:34px 36px 24px 36px;background-color:#f3f9f8;border-bottom:2px solid #0d8f84;"">
              <!-- Eyebrow badge -->
              <table role=""presentation"" cellpadding=""0"" cellspacing=""0"" border=""0"">
                <tr>
                  <td style=""background-color:#e6f4f2;padding:5px 14px;font-size:11px;font-weight:bold;color:#094d47;letter-spacing:0.08em;font-family:'Malgun Gothic', '맑은 고딕', 'Apple SD Gothic Neo', 'Segoe UI', Helvetica, Arial, sans-serif;"">
                    &#9679;&nbsp; 현대제철 리더십 교육 F/U
                  </td>
                </tr>
              </table>
              <!-- Title -->
              <h1 style=""margin:16px 0 8px 0;font-size:24px;font-weight:bold;line-height:1.35;color:#091e2f;font-family:'Malgun Gothic', '맑은 고딕', 'Apple SD Gothic Neo', 'Segoe UI', Helvetica, Arial, sans-serif;"">[교육 F/U] 웹 기반 교육 운영 정착을 위한 액션플랜 (박신열 대리)</h1>
              <!-- Recipient info -->
              <p style=""margin:0;font-size:14px;line-height:1.7;color:#4a6a82;font-family:'Malgun Gothic', '맑은 고딕', 'Apple SD Gothic Neo', 'Segoe UI', Helvetica, Arial, sans-serif;"">박신열&#xB2D8; &middot; 오뚜기 교육팀 &middot; 대리</p>
            </td>
          </tr>

          <!-- ========== BODY ========== -->
          <tr>
            <td style=""padding:30px 36px 10px 36px;"">
              <p style=""margin:0 0 18px 0;font-size:15px;font-weight:bold;color:#094d47;font-family:'Malgun Gothic', '맑은 고딕', 'Apple SD Gothic Neo', 'Segoe UI', Helvetica, Arial, sans-serif;"">박신열&#xB2D8; &#xC548;&#xB155;&#xD558;&#xC138;&#xC694;.</p>
              <p style=""margin:0 0 14px 0;font-size:15px;line-height:1.9;color:#0e2233;"">박신열 대리님, 모바일 우선 설계를 통한 운영 리스크 감소 기획이 인상 깊었습니다.</p>
<p style=""margin:0 0 14px 0;font-size:15px;line-height:1.9;color:#0e2233;"">GitHub Pages 기반 교육 안내 페이지 제작 프로세스를 팀 표준으로 정리하여 바로 적용해 보시기 바랍니다.</p>
<p style=""margin:0 0 14px 0;font-size:15px;line-height:1.9;color:#0e2233;"">빠른 배포와 모바일 접근성 확보를 통해 교육 운영의 효율성을 높여주시길 응원합니다.</p>
            </td>
          </tr>

          <!-- ========== INFO CARDS (2x2 table) ========== -->
          <tr>
            <td style=""padding:0 36px 10px 36px;"">
              <table role=""presentation"" width=""100%"" cellpadding=""0"" cellspacing=""0"" border=""0"">
                <tr>
                  <!-- Card 1: Action Plan -->
                  <td width=""50%"" valign=""top"" style=""padding:0 6px 12px 0;"">
                    <table role=""presentation"" width=""100%"" cellpadding=""0"" cellspacing=""0"" border=""0"" style=""background-color:#f7fafa;border:1px solid #dae4ec;"">
                      <tr>
                        <td style=""padding:16px 18px;"">
                          <p style=""margin:0 0 8px 0;font-size:11px;font-weight:bold;color:#0d8f84;letter-spacing:0.06em;font-family:'Malgun Gothic', '맑은 고딕', 'Apple SD Gothic Neo', 'Segoe UI', Helvetica, Arial, sans-serif;"">&#9654; &#xD575;&#xC2EC; &#xC2E4;&#xD589;&#xACC4;&#xD68D;</p>
                          <p style=""margin:0;font-size:14px;line-height:1.8;color:#0e2233;font-family:'Malgun Gothic', '맑은 고딕', 'Apple SD Gothic Neo', 'Segoe UI', Helvetica, Arial, sans-serif;"">GitHub Pages 기반 교육 안내 페이지 제작 프로세스를 팀 표준으로 정리</p>
                        </td>
                      </tr>
                    </table>
                  </td>
                  <!-- Card 2: Expected Behavior -->
                  <td width=""50%"" valign=""top"" style=""padding:0 0 12px 6px;"">
                    <table role=""presentation"" width=""100%"" cellpadding=""0"" cellspacing=""0"" border=""0"" style=""background-color:#f7fafa;border:1px solid #dae4ec;"">
                      <tr>
                        <td style=""padding:16px 18px;"">
                          <p style=""margin:0 0 8px 0;font-size:11px;font-weight:bold;color:#0d8f84;letter-spacing:0.06em;font-family:'Malgun Gothic', '맑은 고딕', 'Apple SD Gothic Neo', 'Segoe UI', Helvetica, Arial, sans-serif;"">&#9654; &#xAE30;&#xB300; &#xD589;&#xB3D9;</p>
                          <p style=""margin:0;font-size:14px;line-height:1.8;color:#0e2233;font-family:'Malgun Gothic', '맑은 고딕', 'Apple SD Gothic Neo', 'Segoe UI', Helvetica, Arial, sans-serif;"">교육 안내 페이지를 빠르게 배포하고 모바일 접근성을 기본값으로 맞춘다</p>
                        </td>
                      </tr>
                    </table>
                  </td>
                </tr>
                <tr>
                  <!-- Card 3: Key Takeaway -->
                  <td width=""50%"" valign=""top"" style=""padding:0 6px 12px 0;"">
                    <table role=""presentation"" width=""100%"" cellpadding=""0"" cellspacing=""0"" border=""0"" style=""background-color:#f7fafa;border:1px solid #dae4ec;"">
                      <tr>
                        <td style=""padding:16px 18px;"">
                          <p style=""margin:0 0 8px 0;font-size:11px;font-weight:bold;color:#0d8f84;letter-spacing:0.06em;font-family:'Malgun Gothic', '맑은 고딕', 'Apple SD Gothic Neo', 'Segoe UI', Helvetica, Arial, sans-serif;"">&#9654; &#xAD50;&#xC721; &#xD575;&#xC2EC; &#xD3EC;&#xC778;&#xD2B8;</p>
                          <p style=""margin:0;font-size:14px;line-height:1.8;color:#0e2233;font-family:'Malgun Gothic', '맑은 고딕', 'Apple SD Gothic Neo', 'Segoe UI', Helvetica, Arial, sans-serif;"">모바일 우선 설계가 운영 효율과 직결된다는 점</p>
                        </td>
                      </tr>
                    </table>
                  </td>
                  <!-- Card 4: Comment -->
                  <td width=""50%"" valign=""top"" style=""padding:0 0 12px 6px;"">
                    <table role=""presentation"" width=""100%"" cellpadding=""0"" cellspacing=""0"" border=""0"" style=""background-color:#f7fafa;border:1px solid #dae4ec;"">
                      <tr>
                        <td style=""padding:16px 18px;"">
                          <p style=""margin:0 0 8px 0;font-size:11px;font-weight:bold;color:#0d8f84;letter-spacing:0.06em;font-family:'Malgun Gothic', '맑은 고딕', 'Apple SD Gothic Neo', 'Segoe UI', Helvetica, Arial, sans-serif;"">&#9654; &#xCC38;&#xAC00;&#xC790; &#xCF54;&#xBA58;&#xD2B8;</p>
                          <p style=""margin:0;font-size:14px;line-height:1.8;color:#0e2233;font-family:'Malgun Gothic', '맑은 고딕', 'Apple SD Gothic Neo', 'Segoe UI', Helvetica, Arial, sans-serif;"">페이지를 단순히 예쁘게 만드는 것이 아니라 운영 리스크를 줄이는 관점이 좋았다. 현업에 바로 가져갈 산출물이 분명해서 만족도가 높았다. 이론과 실습의 난이도 균형은 전반적으로 적절했다.</p>
                        </td>
                      </tr>
                    </table>
                  </td>
                </tr>
              </table>
            </td>
          </tr>

          <!-- ========== NEXT ACTION ========== -->
          <tr>
            <td style=""padding:6px 36px 20px 36px;"">
              <table role=""presentation"" width=""100%"" cellpadding=""0"" cellspacing=""0"" border=""0"" style=""background-color:#0d8f84;"">
                <tr>
                  <td style=""padding:20px 24px;"">
                    <p style=""margin:0 0 6px 0;font-size:11px;font-weight:bold;letter-spacing:0.1em;color:#b8e6e0;font-family:'Malgun Gothic', '맑은 고딕', 'Apple SD Gothic Neo', 'Segoe UI', Helvetica, Arial, sans-serif;"">NEXT ACTION</p>
                    <p style=""margin:0;font-size:16px;line-height:1.8;font-weight:bold;color:#ffffff;font-family:'Malgun Gothic', '맑은 고딕', 'Apple SD Gothic Neo', 'Segoe UI', Helvetica, Arial, sans-serif;"">GitHub Pages 제작 프로세스 표준화 및 페이지 배포</p>
                  </td>
                </tr>
              </table>
            </td>
          </tr>

          <!-- ========== SIGNATURE ========== -->
          <tr>
            <td style=""padding:0 36px 36px 36px;"">
              <table role=""presentation"" width=""100%"" cellpadding=""0"" cellspacing=""0"" border=""0"" style=""border-top:1px solid #dae4ec;"">
                <tr>
                  <td style=""padding:20px 0 0 0;font-size:13px;line-height:1.9;color:#4a6a82;font-family:'Malgun Gothic', '맑은 고딕', 'Apple SD Gothic Neo', 'Segoe UI', Helvetica, Arial, sans-serif;"">
                    감사합니다.<br />
                    박서윤<br />
                    현대제철 컬처디자인팀
                  </td>
                </tr>
              </table>
            </td>
          </tr>

        </table>
        <!--[if mso]></td></tr></table><![endif]-->

      </td>
    </tr>
  </table>

</body>
</html>
",sample_data/교육_액션플랜_데이터_feedback_output_html_preview/007_박신열.html,completed,glm-4.5-air,2026-07-21T21:14:37
P008,권재현,participant008@hrd-ai-demo.example.com,유안타증권,인재성장팀,대리,인재육성,한 번의 교육을 일회성 이벤트가 아니라 행동 변화의 시작점으로 만들겠다,수강 후 4주 실행 습관을 위한 주차별 체크인 시트와 리마인드 메일을 만든다,참가자가 계획을 선언에 그치지 않고 작은 실험을 이어가도록 유도한다,교육 직후 작은 실험부터 설계하라는 메시지가 가장 현실적으로 다가왔다. 오전 이론 파트는 비전공자 기준으로 속도가 조금 빨랐다. 기초 설명은 충분했지만 실습 난도는 한 단계 높여도 좋겠다고 느꼈다.,작게 시작해 빠르게 검증하는 접근이 현업 적용 장벽을 낮춘다는 점,김민주,[현대제철 리더십 교육 F/U] 권재현 대리님의 행동 변화 액션플랜,"권재현 대리님, 교육을 일회성 이벤트가 아닌 행동 변화의 시작점으로 삼겠다는 포부가 인상 깊었습니다. 계획하신 4주간의 체크인 시트를 바탕으로 오늘 첫 번째 작은 실험을 설계해 보시기 바랍니다. 작은 성공을 쌓아가는 과정을 응원합니다.",첫 주차 체크인 시트 작성 및 작은 실험 실행 계획 수립,ok,"<!DOCTYPE html PUBLIC ""-//W3C//DTD XHTML 1.0 Transitional//EN"" ""http://www.w3.org/TR/xhtml1/DTD/xhtml1-transitional.dtd"">
<html xmlns=""http://www.w3.org/1999/xhtml"" lang=""ko"">
<head>
  <meta http-equiv=""Content-Type"" content=""text/html; charset=utf-8"" />
  <meta name=""viewport"" content=""width=device-width, initial-scale=1.0"" />
  <title>[현대제철 리더십 교육 F/U] 권재현 대리님의 행동 변화 액션플랜</title>
  <!--[if mso]>
  <style type=""text/css"">
    table { border-collapse: collapse; }
    td { font-family: 'Malgun Gothic', '맑은 고딕', 'Apple SD Gothic Neo', 'Segoe UI', Helvetica, Arial, sans-serif; }
  </style>
  <![endif]-->
</head>
<body style=""margin:0;padding:0;background-color:#eaf1f5;font-family:'Malgun Gothic', '맑은 고딕', 'Apple SD Gothic Neo', 'Segoe UI', Helvetica, Arial, sans-serif;font-size:15px;line-height:1.7;color:#0e2233;-webkit-text-size-adjust:100%;-ms-text-size-adjust:100%;"">

  <!-- Outer wrapper table for centering -->
  <table role=""presentation"" width=""100%"" cellpadding=""0"" cellspacing=""0"" border=""0"" style=""background-color:#eaf1f5;"">
    <tr>
      <td align=""center"" style=""padding:40px 16px 50px 16px;"">

        <!--[if mso]><table role=""presentation"" width=""680"" cellpadding=""0"" cellspacing=""0"" border=""0"" align=""center""><tr><td><![endif]-->
        <table role=""presentation"" width=""100%"" cellpadding=""0"" cellspacing=""0"" border=""0"" style=""max-width:680px;margin:0 auto;background-color:#ffffff;border:1px solid #d4e1e8;"">

          <!-- ========== HEADER ========== -->
          <tr>
            <td style=""padding:34px 36px 24px 36px;background-color:#f3f9f8;border-bottom:2px solid #0d8f84;"">
              <!-- Eyebrow badge -->
              <table role=""presentation"" cellpadding=""0"" cellspacing=""0"" border=""0"">
                <tr>
                  <td style=""background-color:#e6f4f2;padding:5px 14px;font-size:11px;font-weight:bold;color:#094d47;letter-spacing:0.08em;font-family:'Malgun Gothic', '맑은 고딕', 'Apple SD Gothic Neo', 'Segoe UI', Helvetica, Arial, sans-serif;"">
                    &#9679;&nbsp; 현대제철 리더십 교육 F/U
                  </td>
                </tr>
              </table>
              <!-- Title -->
              <h1 style=""margin:16px 0 8px 0;font-size:24px;font-weight:bold;line-height:1.35;color:#091e2f;font-family:'Malgun Gothic', '맑은 고딕', 'Apple SD Gothic Neo', 'Segoe UI', Helvetica, Arial, sans-serif;"">[현대제철 리더십 교육 F/U] 권재현 대리님의 행동 변화 액션플랜</h1>
              <!-- Recipient info -->
              <p style=""margin:0;font-size:14px;line-height:1.7;color:#4a6a82;font-family:'Malgun Gothic', '맑은 고딕', 'Apple SD Gothic Neo', 'Segoe UI', Helvetica, Arial, sans-serif;"">권재현&#xB2D8; &middot; 유안타증권 인재성장팀 &middot; 대리</p>
            </td>
          </tr>

          <!-- ========== BODY ========== -->
          <tr>
            <td style=""padding:30px 36px 10px 36px;"">
              <p style=""margin:0 0 18px 0;font-size:15px;font-weight:bold;color:#094d47;font-family:'Malgun Gothic', '맑은 고딕', 'Apple SD Gothic Neo', 'Segoe UI', Helvetica, Arial, sans-serif;"">권재현&#xB2D8; &#xC548;&#xB155;&#xD558;&#xC138;&#xC694;.</p>
              <p style=""margin:0 0 14px 0;font-size:15px;line-height:1.9;color:#0e2233;"">권재현 대리님, 교육을 일회성 이벤트가 아닌 행동 변화의 시작점으로 삼겠다는 포부가 인상 깊었습니다.</p>
<p style=""margin:0 0 14px 0;font-size:15px;line-height:1.9;color:#0e2233;"">계획하신 4주간의 체크인 시트를 바탕으로 오늘 첫 번째 작은 실험을 설계해 보시기 바랍니다.</p>
<p style=""margin:0 0 14px 0;font-size:15px;line-height:1.9;color:#0e2233;"">작은 성공을 쌓아가는 과정을 응원합니다.</p>
            </td>
          </tr>

          <!-- ========== INFO CARDS (2x2 table) ========== -->
          <tr>
            <td style=""padding:0 36px 10px 36px;"">
              <table role=""presentation"" width=""100%"" cellpadding=""0"" cellspacing=""0"" border=""0"">
                <tr>
                  <!-- Card 1: Action Plan -->
                  <td width=""50%"" valign=""top"" style=""padding:0 6px 12px 0;"">
                    <table role=""presentation"" width=""100%"" cellpadding=""0"" cellspacing=""0"" border=""0"" style=""background-color:#f7fafa;border:1px solid #dae4ec;"">
                      <tr>
                        <td style=""padding:16px 18px;"">
                          <p style=""margin:0 0 8px 0;font-size:11px;font-weight:bold;color:#0d8f84;letter-spacing:0.06em;font-family:'Malgun Gothic', '맑은 고딕', 'Apple SD Gothic Neo', 'Segoe UI', Helvetica, Arial, sans-serif;"">&#9654; &#xD575;&#xC2EC; &#xC2E4;&#xD589;&#xACC4;&#xD68D;</p>
                          <p style=""margin:0;font-size:14px;line-height:1.8;color:#0e2233;font-family:'Malgun Gothic', '맑은 고딕', 'Apple SD Gothic Neo', 'Segoe UI', Helvetica, Arial, sans-serif;"">수강 후 4주 실행 습관을 위한 주차별 체크인 시트와 리마인드 메일을 만든다</p>
                        </td>
                      </tr>
                    </table>
                  </td>
                  <!-- Card 2: Expected Behavior -->
                  <td width=""50%"" valign=""top"" style=""padding:0 0 12px 6px;"">
                    <table role=""presentation"" width=""100%"" cellpadding=""0"" cellspacing=""0"" border=""0"" style=""background-color:#f7fafa;border:1px solid #dae4ec;"">
                      <tr>
                        <td style=""padding:16px 18px;"">
                          <p style=""margin:0 0 8px 0;font-size:11px;font-weight:bold;color:#0d8f84;letter-spacing:0.06em;font-family:'Malgun Gothic', '맑은 고딕', 'Apple SD Gothic Neo', 'Segoe UI', Helvetica, Arial, sans-serif;"">&#9654; &#xAE30;&#xB300; &#xD589;&#xB3D9;</p>
                          <p style=""margin:0;font-size:14px;line-height:1.8;color:#0e2233;font-family:'Malgun Gothic', '맑은 고딕', 'Apple SD Gothic Neo', 'Segoe UI', Helvetica, Arial, sans-serif;"">참가자가 계획을 선언에 그치지 않고 작은 실험을 이어가도록 유도한다</p>
                        </td>
                      </tr>
                    </table>
                  </td>
                </tr>
                <tr>
                  <!-- Card 3: Key Takeaway -->
                  <td width=""50%"" valign=""top"" style=""padding:0 6px 12px 0;"">
                    <table role=""presentation"" width=""100%"" cellpadding=""0"" cellspacing=""0"" border=""0"" style=""background-color:#f7fafa;border:1px solid #dae4ec;"">
                      <tr>
                        <td style=""padding:16px 18px;"">
                          <p style=""margin:0 0 8px 0;font-size:11px;font-weight:bold;color:#0d8f84;letter-spacing:0.06em;font-family:'Malgun Gothic', '맑은 고딕', 'Apple SD Gothic Neo', 'Segoe UI', Helvetica, Arial, sans-serif;"">&#9654; &#xAD50;&#xC721; &#xD575;&#xC2EC; &#xD3EC;&#xC778;&#xD2B8;</p>
                          <p style=""margin:0;font-size:14px;line-height:1.8;color:#0e2233;font-family:'Malgun Gothic', '맑은 고딕', 'Apple SD Gothic Neo', 'Segoe UI', Helvetica, Arial, sans-serif;"">작게 시작해 빠르게 검증하는 접근이 현업 적용 장벽을 낮춘다는 점</p>
                        </td>
                      </tr>
                    </table>
                  </td>
                  <!-- Card 4: Comment -->
                  <td width=""50%"" valign=""top"" style=""padding:0 0 12px 6px;"">
                    <table role=""presentation"" width=""100%"" cellpadding=""0"" cellspacing=""0"" border=""0"" style=""background-color:#f7fafa;border:1px solid #dae4ec;"">
                      <tr>
                        <td style=""padding:16px 18px;"">
                          <p style=""margin:0 0 8px 0;font-size:11px;font-weight:bold;color:#0d8f84;letter-spacing:0.06em;font-family:'Malgun Gothic', '맑은 고딕', 'Apple SD Gothic Neo', 'Segoe UI', Helvetica, Arial, sans-serif;"">&#9654; &#xCC38;&#xAC00;&#xC790; &#xCF54;&#xBA58;&#xD2B8;</p>
                          <p style=""margin:0;font-size:14px;line-height:1.8;color:#0e2233;font-family:'Malgun Gothic', '맑은 고딕', 'Apple SD Gothic Neo', 'Segoe UI', Helvetica, Arial, sans-serif;"">교육 직후 작은 실험부터 설계하라는 메시지가 가장 현실적으로 다가왔다. 오전 이론 파트는 비전공자 기준으로 속도가 조금 빨랐다. 기초 설명은 충분했지만 실습 난도는 한 단계 높여도 좋겠다고 느꼈다.</p>
                        </td>
                      </tr>
                    </table>
                  </td>
                </tr>
              </table>
            </td>
          </tr>

          <!-- ========== NEXT ACTION ========== -->
          <tr>
            <td style=""padding:6px 36px 20px 36px;"">
              <table role=""presentation"" width=""100%"" cellpadding=""0"" cellspacing=""0"" border=""0"" style=""background-color:#0d8f84;"">
                <tr>
                  <td style=""padding:20px 24px;"">
                    <p style=""margin:0 0 6px 0;font-size:11px;font-weight:bold;letter-spacing:0.1em;color:#b8e6e0;font-family:'Malgun Gothic', '맑은 고딕', 'Apple SD Gothic Neo', 'Segoe UI', Helvetica, Arial, sans-serif;"">NEXT ACTION</p>
                    <p style=""margin:0;font-size:16px;line-height:1.8;font-weight:bold;color:#ffffff;font-family:'Malgun Gothic', '맑은 고딕', 'Apple SD Gothic Neo', 'Segoe UI', Helvetica, Arial, sans-serif;"">첫 주차 체크인 시트 작성 및 작은 실험 실행 계획 수립</p>
                  </td>
                </tr>
              </table>
            </td>
          </tr>

          <!-- ========== SIGNATURE ========== -->
          <tr>
            <td style=""padding:0 36px 36px 36px;"">
              <table role=""presentation"" width=""100%"" cellpadding=""0"" cellspacing=""0"" border=""0"" style=""border-top:1px solid #dae4ec;"">
                <tr>
                  <td style=""padding:20px 0 0 0;font-size:13px;line-height:1.9;color:#4a6a82;font-family:'Malgun Gothic', '맑은 고딕', 'Apple SD Gothic Neo', 'Segoe UI', Helvetica, Arial, sans-serif;"">
                    감사합니다.<br />
                    김민주<br />
                    현대제철 컬처디자인팀
                  </td>
                </tr>
              </table>
            </td>
          </tr>

        </table>
        <!--[if mso]></td></tr></table><![endif]-->

      </td>
    </tr>
  </table>

</body>
</html>
",sample_data/교육_액션플랜_데이터_feedback_output_html_preview/008_권재현.html,completed,glm-4.5-air,2026-07-21T21:15:24
P009,박철우,participant009@hrd-ai-demo.example.com,유안타증권,인재성장팀,차장,인재육성,좋은 사례가 묻히지 않도록 학습 자산으로 반복 활용하겠다,"사내 강사와 우수 사례 인터뷰를 FAQ, 사례 카드, 홍보 문안으로 재활용",교육의 기대효과를 수강 전부터 명확히 전달해 참여 의지를 높인다,기존 사례를 재가공해 여러 산출물로 확장하는 흐름이 특히 인상 깊었다. 강사의 설명이 기술 용어를 과하게 쓰지 않아 이해가 쉬웠다. 실습 데이터 예시가 한두 건 더 있었으면 비교 설명이 쉬웠을 것 같다.,AI를 초안 작성에 쓰고 사람은 사실관계와 맥락을 최종 점검하면 된다는 점,이도현,[현대제철] 리더십 교육 후속 조치 안내 (박철우 차장),"박철우 차장님, 좋은 사례를 학습 자산으로 반복 활용하겠다는 포부가 인상 깊었습니다. 사내 강사 인터뷰를 FAQ나 사례 카드로 재가공하는 액션플랜을 실천해 주십시오. 아울러 교육의 기대효과를 수강 전에 명확히 전달해 참여 의지를 높여주세요.",사내 강사 인터뷰를 FAQ 및 사례 카드로 제작 및 배포,ok,"<!DOCTYPE html PUBLIC ""-//W3C//DTD XHTML 1.0 Transitional//EN"" ""http://www.w3.org/TR/xhtml1/DTD/xhtml1-transitional.dtd"">
<html xmlns=""http://www.w3.org/1999/xhtml"" lang=""ko"">
<head>
  <meta http-equiv=""Content-Type"" content=""text/html; charset=utf-8"" />
  <meta name=""viewport"" content=""width=device-width, initial-scale=1.0"" />
  <title>[현대제철] 리더십 교육 후속 조치 안내 (박철우 차장)</title>
  <!--[if mso]>
  <style type=""text/css"">
    table { border-collapse: collapse; }
    td { font-family: 'Malgun Gothic', '맑은 고딕', 'Apple SD Gothic Neo', 'Segoe UI', Helvetica, Arial, sans-serif; }
  </style>
  <![endif]-->
</head>
<body style=""margin:0;padding:0;background-color:#eaf1f5;font-family:'Malgun Gothic', '맑은 고딕', 'Apple SD Gothic Neo', 'Segoe UI', Helvetica, Arial, sans-serif;font-size:15px;line-height:1.7;color:#0e2233;-webkit-text-size-adjust:100%;-ms-text-size-adjust:100%;"">

  <!-- Outer wrapper table for centering -->
  <table role=""presentation"" width=""100%"" cellpadding=""0"" cellspacing=""0"" border=""0"" style=""background-color:#eaf1f5;"">
    <tr>
      <td align=""center"" style=""padding:40px 16px 50px 16px;"">

        <!--[if mso]><table role=""presentation"" width=""680"" cellpadding=""0"" cellspacing=""0"" border=""0"" align=""center""><tr><td><![endif]-->
        <table role=""presentation"" width=""100%"" cellpadding=""0"" cellspacing=""0"" border=""0"" style=""max-width:680px;margin:0 auto;background-color:#ffffff;border:1px solid #d4e1e8;"">

          <!-- ========== HEADER ========== -->
          <tr>
            <td style=""padding:34px 36px 24px 36px;background-color:#f3f9f8;border-bottom:2px solid #0d8f84;"">
              <!-- Eyebrow badge -->
              <table role=""presentation"" cellpadding=""0"" cellspacing=""0"" border=""0"">
                <tr>
                  <td style=""background-color:#e6f4f2;padding:5px 14px;font-size:11px;font-weight:bold;color:#094d47;letter-spacing:0.08em;font-family:'Malgun Gothic', '맑은 고딕', 'Apple SD Gothic Neo', 'Segoe UI', Helvetica, Arial, sans-serif;"">
                    &#9679;&nbsp; 현대제철 리더십 교육 F/U
                  </td>
                </tr>
              </table>
              <!-- Title -->
              <h1 style=""margin:16px 0 8px 0;font-size:24px;font-weight:bold;line-height:1.35;color:#091e2f;font-family:'Malgun Gothic', '맑은 고딕', 'Apple SD Gothic Neo', 'Segoe UI', Helvetica, Arial, sans-serif;"">[현대제철] 리더십 교육 후속 조치 안내 (박철우 차장)</h1>
              <!-- Recipient info -->
              <p style=""margin:0;font-size:14px;line-height:1.7;color:#4a6a82;font-family:'Malgun Gothic', '맑은 고딕', 'Apple SD Gothic Neo', 'Segoe UI', Helvetica, Arial, sans-serif;"">박철우&#xB2D8; &middot; 유안타증권 인재성장팀 &middot; 차장</p>
            </td>
          </tr>

          <!-- ========== BODY ========== -->
          <tr>
            <td style=""padding:30px 36px 10px 36px;"">
              <p style=""margin:0 0 18px 0;font-size:15px;font-weight:bold;color:#094d47;font-family:'Malgun Gothic', '맑은 고딕', 'Apple SD Gothic Neo', 'Segoe UI', Helvetica, Arial, sans-serif;"">박철우&#xB2D8; &#xC548;&#xB155;&#xD558;&#xC138;&#xC694;.</p>
              <p style=""margin:0 0 14px 0;font-size:15px;line-height:1.9;color:#0e2233;"">박철우 차장님, 좋은 사례를 학습 자산으로 반복 활용하겠다는 포부가 인상 깊었습니다.</p>
<p style=""margin:0 0 14px 0;font-size:15px;line-height:1.9;color:#0e2233;"">사내 강사 인터뷰를 FAQ나 사례 카드로 재가공하는 액션플랜을 실천해 주십시오.</p>
<p style=""margin:0 0 14px 0;font-size:15px;line-height:1.9;color:#0e2233;"">아울러 교육의 기대효과를 수강 전에 명확히 전달해 참여 의지를 높여주세요.</p>
            </td>
          </tr>

          <!-- ========== INFO CARDS (2x2 table) ========== -->
          <tr>
            <td style=""padding:0 36px 10px 36px;"">
              <table role=""presentation"" width=""100%"" cellpadding=""0"" cellspacing=""0"" border=""0"">
                <tr>
                  <!-- Card 1: Action Plan -->
                  <td width=""50%"" valign=""top"" style=""padding:0 6px 12px 0;"">
                    <table role=""presentation"" width=""100%"" cellpadding=""0"" cellspacing=""0"" border=""0"" style=""background-color:#f7fafa;border:1px solid #dae4ec;"">
                      <tr>
                        <td style=""padding:16px 18px;"">
                          <p style=""margin:0 0 8px 0;font-size:11px;font-weight:bold;color:#0d8f84;letter-spacing:0.06em;font-family:'Malgun Gothic', '맑은 고딕', 'Apple SD Gothic Neo', 'Segoe UI', Helvetica, Arial, sans-serif;"">&#9654; &#xD575;&#xC2EC; &#xC2E4;&#xD589;&#xACC4;&#xD68D;</p>
                          <p style=""margin:0;font-size:14px;line-height:1.8;color:#0e2233;font-family:'Malgun Gothic', '맑은 고딕', 'Apple SD Gothic Neo', 'Segoe UI', Helvetica, Arial, sans-serif;"">사내 강사와 우수 사례 인터뷰를 FAQ, 사례 카드, 홍보 문안으로 재활용</p>
                        </td>
                      </tr>
                    </table>
                  </td>
                  <!-- Card 2: Expected Behavior -->
                  <td width=""50%"" valign=""top"" style=""padding:0 0 12px 6px;"">
                    <table role=""presentation"" width=""100%"" cellpadding=""0"" cellspacing=""0"" border=""0"" style=""background-color:#f7fafa;border:1px solid #dae4ec;"">
                      <tr>
                        <td style=""padding:16px 18px;"">
                          <p style=""margin:0 0 8px 0;font-size:11px;font-weight:bold;color:#0d8f84;letter-spacing:0.06em;font-family:'Malgun Gothic', '맑은 고딕', 'Apple SD Gothic Neo', 'Segoe UI', Helvetica, Arial, sans-serif;"">&#9654; &#xAE30;&#xB300; &#xD589;&#xB3D9;</p>
                          <p style=""margin:0;font-size:14px;line-height:1.8;color:#0e2233;font-family:'Malgun Gothic', '맑은 고딕', 'Apple SD Gothic Neo', 'Segoe UI', Helvetica, Arial, sans-serif;"">교육의 기대효과를 수강 전부터 명확히 전달해 참여 의지를 높인다</p>
                        </td>
                      </tr>
                    </table>
                  </td>
                </tr>
                <tr>
                  <!-- Card 3: Key Takeaway -->
                  <td width=""50%"" valign=""top"" style=""padding:0 6px 12px 0;"">
                    <table role=""presentation"" width=""100%"" cellpadding=""0"" cellspacing=""0"" border=""0"" style=""background-color:#f7fafa;border:1px solid #dae4ec;"">
                      <tr>
                        <td style=""padding:16px 18px;"">
                          <p style=""margin:0 0 8px 0;font-size:11px;font-weight:bold;color:#0d8f84;letter-spacing:0.06em;font-family:'Malgun Gothic', '맑은 고딕', 'Apple SD Gothic Neo', 'Segoe UI', Helvetica, Arial, sans-serif;"">&#9654; &#xAD50;&#xC721; &#xD575;&#xC2EC; &#xD3EC;&#xC778;&#xD2B8;</p>
                          <p style=""margin:0;font-size:14px;line-height:1.8;color:#0e2233;font-family:'Malgun Gothic', '맑은 고딕', 'Apple SD Gothic Neo', 'Segoe UI', Helvetica, Arial, sans-serif;"">AI를 초안 작성에 쓰고 사람은 사실관계와 맥락을 최종 점검하면 된다는 점</p>
                        </td>
                      </tr>
                    </table>
                  </td>
                  <!-- Card 4: Comment -->
                  <td width=""50%"" valign=""top"" style=""padding:0 0 12px 6px;"">
                    <table role=""presentation"" width=""100%"" cellpadding=""0"" cellspacing=""0"" border=""0"" style=""background-color:#f7fafa;border:1px solid #dae4ec;"">
                      <tr>
                        <td style=""padding:16px 18px;"">
                          <p style=""margin:0 0 8px 0;font-size:11px;font-weight:bold;color:#0d8f84;letter-spacing:0.06em;font-family:'Malgun Gothic', '맑은 고딕', 'Apple SD Gothic Neo', 'Segoe UI', Helvetica, Arial, sans-serif;"">&#9654; &#xCC38;&#xAC00;&#xC790; &#xCF54;&#xBA58;&#xD2B8;</p>
                          <p style=""margin:0;font-size:14px;line-height:1.8;color:#0e2233;font-family:'Malgun Gothic', '맑은 고딕', 'Apple SD Gothic Neo', 'Segoe UI', Helvetica, Arial, sans-serif;"">기존 사례를 재가공해 여러 산출물로 확장하는 흐름이 특히 인상 깊었다. 강사의 설명이 기술 용어를 과하게 쓰지 않아 이해가 쉬웠다. 실습 데이터 예시가 한두 건 더 있었으면 비교 설명이 쉬웠을 것 같다.</p>
                        </td>
                      </tr>
                    </table>
                  </td>
                </tr>
              </table>
            </td>
          </tr>

          <!-- ========== NEXT ACTION ========== -->
          <tr>
            <td style=""padding:6px 36px 20px 36px;"">
              <table role=""presentation"" width=""100%"" cellpadding=""0"" cellspacing=""0"" border=""0"" style=""background-color:#0d8f84;"">
                <tr>
                  <td style=""padding:20px 24px;"">
                    <p style=""margin:0 0 6px 0;font-size:11px;font-weight:bold;letter-spacing:0.1em;color:#b8e6e0;font-family:'Malgun Gothic', '맑은 고딕', 'Apple SD Gothic Neo', 'Segoe UI', Helvetica, Arial, sans-serif;"">NEXT ACTION</p>
                    <p style=""margin:0;font-size:16px;line-height:1.8;font-weight:bold;color:#ffffff;font-family:'Malgun Gothic', '맑은 고딕', 'Apple SD Gothic Neo', 'Segoe UI', Helvetica, Arial, sans-serif;"">사내 강사 인터뷰를 FAQ 및 사례 카드로 제작 및 배포</p>
                  </td>
                </tr>
              </table>
            </td>
          </tr>

          <!-- ========== SIGNATURE ========== -->
          <tr>
            <td style=""padding:0 36px 36px 36px;"">
              <table role=""presentation"" width=""100%"" cellpadding=""0"" cellspacing=""0"" border=""0"" style=""border-top:1px solid #dae4ec;"">
                <tr>
                  <td style=""padding:20px 0 0 0;font-size:13px;line-height:1.9;color:#4a6a82;font-family:'Malgun Gothic', '맑은 고딕', 'Apple SD Gothic Neo', 'Segoe UI', Helvetica, Arial, sans-serif;"">
                    감사합니다.<br />
                    이도현<br />
                    현대제철 컬처디자인팀
                  </td>
                </tr>
              </table>
            </td>
          </tr>

        </table>
        <!--[if mso]></td></tr></table><![endif]-->

      </td>
    </tr>
  </table>

</body>
</html>
",sample_data/교육_액션플랜_데이터_feedback_output_html_preview/009_박철우.html,completed,glm-4.5-air,2026-07-21T21:16:10
P010,박정수,participant010@hrd-ai-demo.example.com,인천도시가스,총무부,계장,총무,실무자가 안심하고 AI를 쓰도록 보안 가이드와 운영 기준을 함께 만들겠다,Action Plan 데이터 비식별화 기준과 외부 서비스 업로드 원칙을 정리한다,AI 활용 속도를 유지하면서도 민감정보 노출 리스크를 줄인다,편의성보다 데이터 통제 원칙을 먼저 설명한 점이 신뢰를 높였다. 중간 Q&A 시간을 한 번 더 넣어주면 이해가 더 안정될 것 같다. 다만 오전 기술 동향 파트는 초급자에게 조금 빠르게 느껴질 수 있었다.,자동화보다 먼저 데이터 경계와 검수 단계를 정의해야 한다는 점,정유라,"[현대제철] 교육 후속: 박정수 계장님, AI 활용 가이드라인 정리 요청","박정수 계장님, 데이터 통제 원칙을 우선시하신 점을 잘 이해했습니다. 실무자가 안심하고 AI를 쓸 수 있도록, 약속하신 데이터 비식별화 기준과 외부 서비스 업로드 원칙을 정리하여 제출해 주십시오. 이를 통해 AI 활용 속도는 유지하면서 민감정보 노출 리스크를 줄이는 성과를 기대하겠습니다.",데이터 비식별화 기준 및 외부 업로드 원칙 정리하여 제출하기,ok,"<!DOCTYPE html PUBLIC ""-//W3C//DTD XHTML 1.0 Transitional//EN"" ""http://www.w3.org/TR/xhtml1/DTD/xhtml1-transitional.dtd"">
<html xmlns=""http://www.w3.org/1999/xhtml"" lang=""ko"">
<head>
  <meta http-equiv=""Content-Type"" content=""text/html; charset=utf-8"" />
  <meta name=""viewport"" content=""width=device-width, initial-scale=1.0"" />
  <title>[현대제철] 교육 후속: 박정수 계장님, AI 활용 가이드라인 정리 요청</title>
  <!--[if mso]>
  <style type=""text/css"">
    table { border-collapse: collapse; }
    td { font-family: 'Malgun Gothic', '맑은 고딕', 'Apple SD Gothic Neo', 'Segoe UI', Helvetica, Arial, sans-serif; }
  </style>
  <![endif]-->
</head>
<body style=""margin:0;padding:0;background-color:#eaf1f5;font-family:'Malgun Gothic', '맑은 고딕', 'Apple SD Gothic Neo', 'Segoe UI', Helvetica, Arial, sans-serif;font-size:15px;line-height:1.7;color:#0e2233;-webkit-text-size-adjust:100%;-ms-text-size-adjust:100%;"">

  <!-- Outer wrapper table for centering -->
  <table role=""presentation"" width=""100%"" cellpadding=""0"" cellspacing=""0"" border=""0"" style=""background-color:#eaf1f5;"">
    <tr>
      <td align=""center"" style=""padding:40px 16px 50px 16px;"">

        <!--[if mso]><table role=""presentation"" width=""680"" cellpadding=""0"" cellspacing=""0"" border=""0"" align=""center""><tr><td><![endif]-->
        <table role=""presentation"" width=""100%"" cellpadding=""0"" cellspacing=""0"" border=""0"" style=""max-width:680px;margin:0 auto;background-color:#ffffff;border:1px solid #d4e1e8;"">

          <!-- ========== HEADER ========== -->
          <tr>
            <td style=""padding:34px 36px 24px 36px;background-color:#f3f9f8;border-bottom:2px solid #0d8f84;"">
              <!-- Eyebrow badge -->
              <table role=""presentation"" cellpadding=""0"" cellspacing=""0"" border=""0"">
                <tr>
                  <td style=""background-color:#e6f4f2;padding:5px 14px;font-size:11px;font-weight:bold;color:#094d47;letter-spacing:0.08em;font-family:'Malgun Gothic', '맑은 고딕', 'Apple SD Gothic Neo', 'Segoe UI', Helvetica, Arial, sans-serif;"">
                    &#9679;&nbsp; 현대제철 리더십 교육 F/U
                  </td>
                </tr>
              </table>
              <!-- Title -->
              <h1 style=""margin:16px 0 8px 0;font-size:24px;font-weight:bold;line-height:1.35;color:#091e2f;font-family:'Malgun Gothic', '맑은 고딕', 'Apple SD Gothic Neo', 'Segoe UI', Helvetica, Arial, sans-serif;"">[현대제철] 교육 후속: 박정수 계장님, AI 활용 가이드라인 정리 요청</h1>
              <!-- Recipient info -->
              <p style=""margin:0;font-size:14px;line-height:1.7;color:#4a6a82;font-family:'Malgun Gothic', '맑은 고딕', 'Apple SD Gothic Neo', 'Segoe UI', Helvetica, Arial, sans-serif;"">박정수&#xB2D8; &middot; 인천도시가스 총무부 &middot; 계장</p>
            </td>
          </tr>

          <!-- ========== BODY ========== -->
          <tr>
            <td style=""padding:30px 36px 10px 36px;"">
              <p style=""margin:0 0 18px 0;font-size:15px;font-weight:bold;color:#094d47;font-family:'Malgun Gothic', '맑은 고딕', 'Apple SD Gothic Neo', 'Segoe UI', Helvetica, Arial, sans-serif;"">박정수&#xB2D8; &#xC548;&#xB155;&#xD558;&#xC138;&#xC694;.</p>
              <p style=""margin:0 0 14px 0;font-size:15px;line-height:1.9;color:#0e2233;"">박정수 계장님, 데이터 통제 원칙을 우선시하신 점을 잘 이해했습니다.</p>
<p style=""margin:0 0 14px 0;font-size:15px;line-height:1.9;color:#0e2233;"">실무자가 안심하고 AI를 쓸 수 있도록, 약속하신 데이터 비식별화 기준과 외부 서비스 업로드 원칙을 정리하여 제출해 주십시오.</p>
<p style=""margin:0 0 14px 0;font-size:15px;line-height:1.9;color:#0e2233;"">이를 통해 AI 활용 속도는 유지하면서 민감정보 노출 리스크를 줄이는 성과를 기대하겠습니다.</p>
            </td>
          </tr>

          <!-- ========== INFO CARDS (2x2 table) ========== -->
          <tr>
            <td style=""padding:0 36px 10px 36px;"">
              <table role=""presentation"" width=""100%"" cellpadding=""0"" cellspacing=""0"" border=""0"">
                <tr>
                  <!-- Card 1: Action Plan -->
                  <td width=""50%"" valign=""top"" style=""padding:0 6px 12px 0;"">
                    <table role=""presentation"" width=""100%"" cellpadding=""0"" cellspacing=""0"" border=""0"" style=""background-color:#f7fafa;border:1px solid #dae4ec;"">
                      <tr>
                        <td style=""padding:16px 18px;"">
                          <p style=""margin:0 0 8px 0;font-size:11px;font-weight:bold;color:#0d8f84;letter-spacing:0.06em;font-family:'Malgun Gothic', '맑은 고딕', 'Apple SD Gothic Neo', 'Segoe UI', Helvetica, Arial, sans-serif;"">&#9654; &#xD575;&#xC2EC; &#xC2E4;&#xD589;&#xACC4;&#xD68D;</p>
                          <p style=""margin:0;font-size:14px;line-height:1.8;color:#0e2233;font-family:'Malgun Gothic', '맑은 고딕', 'Apple SD Gothic Neo', 'Segoe UI', Helvetica, Arial, sans-serif;"">Action Plan 데이터 비식별화 기준과 외부 서비스 업로드 원칙을 정리한다</p>
                        </td>
                      </tr>
                    </table>
                  </td>
                  <!-- Card 2: Expected Behavior -->
                  <td width=""50%"" valign=""top"" style=""padding:0 0 12px 6px;"">
                    <table role=""presentation"" width=""100%"" cellpadding=""0"" cellspacing=""0"" border=""0"" style=""background-color:#f7fafa;border:1px solid #dae4ec;"">
                      <tr>
                        <td style=""padding:16px 18px;"">
                          <p style=""margin:0 0 8px 0;font-size:11px;font-weight:bold;color:#0d8f84;letter-spacing:0.06em;font-family:'Malgun Gothic', '맑은 고딕', 'Apple SD Gothic Neo', 'Segoe UI', Helvetica, Arial, sans-serif;"">&#9654; &#xAE30;&#xB300; &#xD589;&#xB3D9;</p>
                          <p style=""margin:0;font-size:14px;line-height:1.8;color:#0e2233;font-family:'Malgun Gothic', '맑은 고딕', 'Apple SD Gothic Neo', 'Segoe UI', Helvetica, Arial, sans-serif;"">AI 활용 속도를 유지하면서도 민감정보 노출 리스크를 줄인다</p>
                        </td>
                      </tr>
                    </table>
                  </td>
                </tr>
                <tr>
                  <!-- Card 3: Key Takeaway -->
                  <td width=""50%"" valign=""top"" style=""padding:0 6px 12px 0;"">
                    <table role=""presentation"" width=""100%"" cellpadding=""0"" cellspacing=""0"" border=""0"" style=""background-color:#f7fafa;border:1px solid #dae4ec;"">
                      <tr>
                        <td style=""padding:16px 18px;"">
                          <p style=""margin:0 0 8px 0;font-size:11px;font-weight:bold;color:#0d8f84;letter-spacing:0.06em;font-family:'Malgun Gothic', '맑은 고딕', 'Apple SD Gothic Neo', 'Segoe UI', Helvetica, Arial, sans-serif;"">&#9654; &#xAD50;&#xC721; &#xD575;&#xC2EC; &#xD3EC;&#xC778;&#xD2B8;</p>
                          <p style=""margin:0;font-size:14px;line-height:1.8;color:#0e2233;font-family:'Malgun Gothic', '맑은 고딕', 'Apple SD Gothic Neo', 'Segoe UI', Helvetica, Arial, sans-serif;"">자동화보다 먼저 데이터 경계와 검수 단계를 정의해야 한다는 점</p>
                        </td>
                      </tr>
                    </table>
                  </td>
                  <!-- Card 4: Comment -->
                  <td width=""50%"" valign=""top"" style=""padding:0 0 12px 6px;"">
                    <table role=""presentation"" width=""100%"" cellpadding=""0"" cellspacing=""0"" border=""0"" style=""background-color:#f7fafa;border:1px solid #dae4ec;"">
                      <tr>
                        <td style=""padding:16px 18px;"">
                          <p style=""margin:0 0 8px 0;font-size:11px;font-weight:bold;color:#0d8f84;letter-spacing:0.06em;font-family:'Malgun Gothic', '맑은 고딕', 'Apple SD Gothic Neo', 'Segoe UI', Helvetica, Arial, sans-serif;"">&#9654; &#xCC38;&#xAC00;&#xC790; &#xCF54;&#xBA58;&#xD2B8;</p>
                          <p style=""margin:0;font-size:14px;line-height:1.8;color:#0e2233;font-family:'Malgun Gothic', '맑은 고딕', 'Apple SD Gothic Neo', 'Segoe UI', Helvetica, Arial, sans-serif;"">편의성보다 데이터 통제 원칙을 먼저 설명한 점이 신뢰를 높였다. 중간 Q&amp;A 시간을 한 번 더 넣어주면 이해가 더 안정될 것 같다. 다만 오전 기술 동향 파트는 초급자에게 조금 빠르게 느껴질 수 있었다.</p>
                        </td>
                      </tr>
                    </table>
                  </td>
                </tr>
              </table>
            </td>
          </tr>

          <!-- ========== NEXT ACTION ========== -->
          <tr>
            <td style=""padding:6px 36px 20px 36px;"">
              <table role=""presentation"" width=""100%"" cellpadding=""0"" cellspacing=""0"" border=""0"" style=""background-color:#0d8f84;"">
                <tr>
                  <td style=""padding:20px 24px;"">
                    <p style=""margin:0 0 6px 0;font-size:11px;font-weight:bold;letter-spacing:0.1em;color:#b8e6e0;font-family:'Malgun Gothic', '맑은 고딕', 'Apple SD Gothic Neo', 'Segoe UI', Helvetica, Arial, sans-serif;"">NEXT ACTION</p>
                    <p style=""margin:0;font-size:16px;line-height:1.8;font-weight:bold;color:#ffffff;font-family:'Malgun Gothic', '맑은 고딕', 'Apple SD Gothic Neo', 'Segoe UI', Helvetica, Arial, sans-serif;"">데이터 비식별화 기준 및 외부 업로드 원칙 정리하여 제출하기</p>
                  </td>
                </tr>
              </table>
            </td>
          </tr>

          <!-- ========== SIGNATURE ========== -->
          <tr>
            <td style=""padding:0 36px 36px 36px;"">
              <table role=""presentation"" width=""100%"" cellpadding=""0"" cellspacing=""0"" border=""0"" style=""border-top:1px solid #dae4ec;"">
                <tr>
                  <td style=""padding:20px 0 0 0;font-size:13px;line-height:1.9;color:#4a6a82;font-family:'Malgun Gothic', '맑은 고딕', 'Apple SD Gothic Neo', 'Segoe UI', Helvetica, Arial, sans-serif;"">
                    감사합니다.<br />
                    정유라<br />
                    현대제철 컬처디자인팀
                  </td>
                </tr>
              </table>
            </td>
          </tr>

        </table>
        <!--[if mso]></td></tr></table><![endif]-->

      </td>
    </tr>
  </table>

</body>
</html>
",sample_data/교육_액션플랜_데이터_feedback_output_html_preview/010_박정수.html,completed,glm-4.5-air,2026-07-21T21:17:01
P011,오채윤,participant011@hrd-ai-demo.example.com,코웨이,Tech Talent TF,선임연구원,디지털인재,반복 운영 업무를 줄이고 참가자 경험을 한 번에 정돈된 형태로 제공하겠다,교육 안내 페이지를 단일 마이크로사이트로 재구성하고 FAQ를 표준화,"참가자가 일정, 준비물, 과제 안내를 스스로 확인해 반복 문의를 줄인다",FAQ와 안내 페이지를 분리하지 않고 한 흐름으로 설계한 부분이 특히 실무적이었다. 강의-시연-실습이 하나의 흐름으로 이어져 집중하기 쉬웠다. 현업 사례가 더 세분화되면 우리 조직에 옮겨 담기 쉬울 것 같다.,정확성이 중요한 정보는 챗봇보다 정적 페이지가 더 안정적이라는 점,한충석,[현대제철 리더십 교육 F/U] 마이크로사이트 구축을 위한 후속 지원,교육 중 언급하신 정적 페이지의 중요성을 마이크로사이트 구축에 반영해 보시길 권장합니다. 일정 및 과제 안내를 체계화하여 참가자가 스스로 확인하는 환경을 만드는 것으로 목표를 시작해 주세요.,마이크로사이트 구조 기획안 작성 및 점검,ok,"<!DOCTYPE html PUBLIC ""-//W3C//DTD XHTML 1.0 Transitional//EN"" ""http://www.w3.org/TR/xhtml1/DTD/xhtml1-transitional.dtd"">
<html xmlns=""http://www.w3.org/1999/xhtml"" lang=""ko"">
<head>
  <meta http-equiv=""Content-Type"" content=""text/html; charset=utf-8"" />
  <meta name=""viewport"" content=""width=device-width, initial-scale=1.0"" />
  <title>[현대제철 리더십 교육 F/U] 마이크로사이트 구축을 위한 후속 지원</title>
  <!--[if mso]>
  <style type=""text/css"">
    table { border-collapse: collapse; }
    td { font-family: 'Malgun Gothic', '맑은 고딕', 'Apple SD Gothic Neo', 'Segoe UI', Helvetica, Arial, sans-serif; }
  </style>
  <![endif]-->
</head>
<body style=""margin:0;padding:0;background-color:#eaf1f5;font-family:'Malgun Gothic', '맑은 고딕', 'Apple SD Gothic Neo', 'Segoe UI', Helvetica, Arial, sans-serif;font-size:15px;line-height:1.7;color:#0e2233;-webkit-text-size-adjust:100%;-ms-text-size-adjust:100%;"">

  <!-- Outer wrapper table for centering -->
  <table role=""presentation"" width=""100%"" cellpadding=""0"" cellspacing=""0"" border=""0"" style=""background-color:#eaf1f5;"">
    <tr>
      <td align=""center"" style=""padding:40px 16px 50px 16px;"">

        <!--[if mso]><table role=""presentation"" width=""680"" cellpadding=""0"" cellspacing=""0"" border=""0"" align=""center""><tr><td><![endif]-->
        <table role=""presentation"" width=""100%"" cellpadding=""0"" cellspacing=""0"" border=""0"" style=""max-width:680px;margin:0 auto;background-color:#ffffff;border:1px solid #d4e1e8;"">

          <!-- ========== HEADER ========== -->
          <tr>
            <td style=""padding:34px 36px 24px 36px;background-color:#f3f9f8;border-bottom:2px solid #0d8f84;"">
              <!-- Eyebrow badge -->
              <table role=""presentation"" cellpadding=""0"" cellspacing=""0"" border=""0"">
                <tr>
                  <td style=""background-color:#e6f4f2;padding:5px 14px;font-size:11px;font-weight:bold;color:#094d47;letter-spacing:0.08em;font-family:'Malgun Gothic', '맑은 고딕', 'Apple SD Gothic Neo', 'Segoe UI', Helvetica, Arial, sans-serif;"">
                    &#9679;&nbsp; 현대제철 리더십 교육 F/U
                  </td>
                </tr>
              </table>
              <!-- Title -->
              <h1 style=""margin:16px 0 8px 0;font-size:24px;font-weight:bold;line-height:1.35;color:#091e2f;font-family:'Malgun Gothic', '맑은 고딕', 'Apple SD Gothic Neo', 'Segoe UI', Helvetica, Arial, sans-serif;"">[현대제철 리더십 교육 F/U] 마이크로사이트 구축을 위한 후속 지원</h1>
              <!-- Recipient info -->
              <p style=""margin:0;font-size:14px;line-height:1.7;color:#4a6a82;font-family:'Malgun Gothic', '맑은 고딕', 'Apple SD Gothic Neo', 'Segoe UI', Helvetica, Arial, sans-serif;"">오채윤&#xB2D8; &middot; 코웨이 Tech Talent TF &middot; 선임연구원</p>
            </td>
          </tr>

          <!-- ========== BODY ========== -->
          <tr>
            <td style=""padding:30px 36px 10px 36px;"">
              <p style=""margin:0 0 18px 0;font-size:15px;font-weight:bold;color:#094d47;font-family:'Malgun Gothic', '맑은 고딕', 'Apple SD Gothic Neo', 'Segoe UI', Helvetica, Arial, sans-serif;"">오채윤&#xB2D8; &#xC548;&#xB155;&#xD558;&#xC138;&#xC694;.</p>
              <p style=""margin:0 0 14px 0;font-size:15px;line-height:1.9;color:#0e2233;"">교육 중 언급하신 정적 페이지의 중요성을 마이크로사이트 구축에 반영해 보시길 권장합니다.</p>
<p style=""margin:0 0 14px 0;font-size:15px;line-height:1.9;color:#0e2233;"">일정 및 과제 안내를 체계화하여 참가자가 스스로 확인하는 환경을 만드는 것으로 목표를 시작해 주세요.</p>
            </td>
          </tr>

          <!-- ========== INFO CARDS (2x2 table) ========== -->
          <tr>
            <td style=""padding:0 36px 10px 36px;"">
              <table role=""presentation"" width=""100%"" cellpadding=""0"" cellspacing=""0"" border=""0"">
                <tr>
                  <!-- Card 1: Action Plan -->
                  <td width=""50%"" valign=""top"" style=""padding:0 6px 12px 0;"">
                    <table role=""presentation"" width=""100%"" cellpadding=""0"" cellspacing=""0"" border=""0"" style=""background-color:#f7fafa;border:1px solid #dae4ec;"">
                      <tr>
                        <td style=""padding:16px 18px;"">
                          <p style=""margin:0 0 8px 0;font-size:11px;font-weight:bold;color:#0d8f84;letter-spacing:0.06em;font-family:'Malgun Gothic', '맑은 고딕', 'Apple SD Gothic Neo', 'Segoe UI', Helvetica, Arial, sans-serif;"">&#9654; &#xD575;&#xC2EC; &#xC2E4;&#xD589;&#xACC4;&#xD68D;</p>
                          <p style=""margin:0;font-size:14px;line-height:1.8;color:#0e2233;font-family:'Malgun Gothic', '맑은 고딕', 'Apple SD Gothic Neo', 'Segoe UI', Helvetica, Arial, sans-serif;"">교육 안내 페이지를 단일 마이크로사이트로 재구성하고 FAQ를 표준화</p>
                        </td>
                      </tr>
                    </table>
                  </td>
                  <!-- Card 2: Expected Behavior -->
                  <td width=""50%"" valign=""top"" style=""padding:0 0 12px 6px;"">
                    <table role=""presentation"" width=""100%"" cellpadding=""0"" cellspacing=""0"" border=""0"" style=""background-color:#f7fafa;border:1px solid #dae4ec;"">
                      <tr>
                        <td style=""padding:16px 18px;"">
                          <p style=""margin:0 0 8px 0;font-size:11px;font-weight:bold;color:#0d8f84;letter-spacing:0.06em;font-family:'Malgun Gothic', '맑은 고딕', 'Apple SD Gothic Neo', 'Segoe UI', Helvetica, Arial, sans-serif;"">&#9654; &#xAE30;&#xB300; &#xD589;&#xB3D9;</p>
                          <p style=""margin:0;font-size:14px;line-height:1.8;color:#0e2233;font-family:'Malgun Gothic', '맑은 고딕', 'Apple SD Gothic Neo', 'Segoe UI', Helvetica, Arial, sans-serif;"">참가자가 일정, 준비물, 과제 안내를 스스로 확인해 반복 문의를 줄인다</p>
                        </td>
                      </tr>
                    </table>
                  </td>
                </tr>
                <tr>
                  <!-- Card 3: Key Takeaway -->
                  <td width=""50%"" valign=""top"" style=""padding:0 6px 12px 0;"">
                    <table role=""presentation"" width=""100%"" cellpadding=""0"" cellspacing=""0"" border=""0"" style=""background-color:#f7fafa;border:1px solid #dae4ec;"">
                      <tr>
                        <td style=""padding:16px 18px;"">
                          <p style=""margin:0 0 8px 0;font-size:11px;font-weight:bold;color:#0d8f84;letter-spacing:0.06em;font-family:'Malgun Gothic', '맑은 고딕', 'Apple SD Gothic Neo', 'Segoe UI', Helvetica, Arial, sans-serif;"">&#9654; &#xAD50;&#xC721; &#xD575;&#xC2EC; &#xD3EC;&#xC778;&#xD2B8;</p>
                          <p style=""margin:0;font-size:14px;line-height:1.8;color:#0e2233;font-family:'Malgun Gothic', '맑은 고딕', 'Apple SD Gothic Neo', 'Segoe UI', Helvetica, Arial, sans-serif;"">정확성이 중요한 정보는 챗봇보다 정적 페이지가 더 안정적이라는 점</p>
                        </td>
                      </tr>
                    </table>
                  </td>
                  <!-- Card 4: Comment -->
                  <td width=""50%"" valign=""top"" style=""padding:0 0 12px 6px;"">
                    <table role=""presentation"" width=""100%"" cellpadding=""0"" cellspacing=""0"" border=""0"" style=""background-color:#f7fafa;border:1px solid #dae4ec;"">
                      <tr>
                        <td style=""padding:16px 18px;"">
                          <p style=""margin:0 0 8px 0;font-size:11px;font-weight:bold;color:#0d8f84;letter-spacing:0.06em;font-family:'Malgun Gothic', '맑은 고딕', 'Apple SD Gothic Neo', 'Segoe UI', Helvetica, Arial, sans-serif;"">&#9654; &#xCC38;&#xAC00;&#xC790; &#xCF54;&#xBA58;&#xD2B8;</p>
                          <p style=""margin:0;font-size:14px;line-height:1.8;color:#0e2233;font-family:'Malgun Gothic', '맑은 고딕', 'Apple SD Gothic Neo', 'Segoe UI', Helvetica, Arial, sans-serif;"">FAQ와 안내 페이지를 분리하지 않고 한 흐름으로 설계한 부분이 특히 실무적이었다. 강의-시연-실습이 하나의 흐름으로 이어져 집중하기 쉬웠다. 현업 사례가 더 세분화되면 우리 조직에 옮겨 담기 쉬울 것 같다.</p>
                        </td>
                      </tr>
                    </table>
                  </td>
                </tr>
              </table>
            </td>
          </tr>

          <!-- ========== NEXT ACTION ========== -->
          <tr>
            <td style=""padding:6px 36px 20px 36px;"">
              <table role=""presentation"" width=""100%"" cellpadding=""0"" cellspacing=""0"" border=""0"" style=""background-color:#0d8f84;"">
                <tr>
                  <td style=""padding:20px 24px;"">
                    <p style=""margin:0 0 6px 0;font-size:11px;font-weight:bold;letter-spacing:0.1em;color:#b8e6e0;font-family:'Malgun Gothic', '맑은 고딕', 'Apple SD Gothic Neo', 'Segoe UI', Helvetica, Arial, sans-serif;"">NEXT ACTION</p>
                    <p style=""margin:0;font-size:16px;line-height:1.8;font-weight:bold;color:#ffffff;font-family:'Malgun Gothic', '맑은 고딕', 'Apple SD Gothic Neo', 'Segoe UI', Helvetica, Arial, sans-serif;"">마이크로사이트 구조 기획안 작성 및 점검</p>
                  </td>
                </tr>
              </table>
            </td>
          </tr>

          <!-- ========== SIGNATURE ========== -->
          <tr>
            <td style=""padding:0 36px 36px 36px;"">
              <table role=""presentation"" width=""100%"" cellpadding=""0"" cellspacing=""0"" border=""0"" style=""border-top:1px solid #dae4ec;"">
                <tr>
                  <td style=""padding:20px 0 0 0;font-size:13px;line-height:1.9;color:#4a6a82;font-family:'Malgun Gothic', '맑은 고딕', 'Apple SD Gothic Neo', 'Segoe UI', Helvetica, Arial, sans-serif;"">
                    감사합니다.<br />
                    한충석<br />
                    현대제철 컬처디자인팀
                  </td>
                </tr>
              </table>
            </td>
          </tr>

        </table>
        <!--[if mso]></td></tr></table><![endif]-->

      </td>
    </tr>
  </table>

</body>
</html>
",sample_data/교육_액션플랜_데이터_feedback_output_html_preview/011_오채윤.html,completed,glm-4.5-air,2026-07-21T21:17:37
P012,조주영,participant012@hrd-ai-demo.example.com,풍산,교육문화팀,대리,HRD,교육 직후의 의지를 사라지지 않게 만들고 실행 전환율을 높이겠다,교육 종료 후 2주 단위 액션플랜 체크인 메시지를 자동화,수강자가 교육 직후 세운 계획을 잊지 않고 팀 내 공유까지 이어가게 한다,개인화 메시지를 자동화하되 사람 검수를 남기는 구조가 설득력 있었다. 실습 전 사전 안내가 조금 더 구조화되면 따라가기 한결 수월하겠다. 이론과 실습의 난이도 균형은 전반적으로 적절했다.,초안 자동화 후 사람이 톤을 통제하는 방식이 현실적이라는 점,박서윤,현대제철 리더십 교육 후속: 액션플랜 자동화 실행 가이드,"조주영 대리님, 현실적인 자동화 방안에 대해 깊이 고민해 주셔서 감사합니다. 교육 의지를 지속하기 위해 2주 단위 액션플랜 체크인 자동화 시스템을 먼저 구축해 보시기 바랍니다. 수강자가 세운 계획을 팀 내 공유로 이어갈 수 있도록 프로세스를 점검해 주십시오. 다음 주까지 첫 번째 체크인 메시지 시나리오를 작성해 주세요.",다음 주까지 첫 번째 체크인 메시지 시나리오 작성,ok,"<!DOCTYPE html PUBLIC ""-//W3C//DTD XHTML 1.0 Transitional//EN"" ""http://www.w3.org/TR/xhtml1/DTD/xhtml1-transitional.dtd"">
<html xmlns=""http://www.w3.org/1999/xhtml"" lang=""ko"">
<head>
  <meta http-equiv=""Content-Type"" content=""text/html; charset=utf-8"" />
  <meta name=""viewport"" content=""width=device-width, initial-scale=1.0"" />
  <title>현대제철 리더십 교육 후속: 액션플랜 자동화 실행 가이드</title>
  <!--[if mso]>
  <style type=""text/css"">
    table { border-collapse: collapse; }
    td { font-family: 'Malgun Gothic', '맑은 고딕', 'Apple SD Gothic Neo', 'Segoe UI', Helvetica, Arial, sans-serif; }
  </style>
  <![endif]-->
</head>
<body style=""margin:0;padding:0;background-color:#eaf1f5;font-family:'Malgun Gothic', '맑은 고딕', 'Apple SD Gothic Neo', 'Segoe UI', Helvetica, Arial, sans-serif;font-size:15px;line-height:1.7;color:#0e2233;-webkit-text-size-adjust:100%;-ms-text-size-adjust:100%;"">

  <!-- Outer wrapper table for centering -->
  <table role=""presentation"" width=""100%"" cellpadding=""0"" cellspacing=""0"" border=""0"" style=""background-color:#eaf1f5;"">
    <tr>
      <td align=""center"" style=""padding:40px 16px 50px 16px;"">

        <!--[if mso]><table role=""presentation"" width=""680"" cellpadding=""0"" cellspacing=""0"" border=""0"" align=""center""><tr><td><![endif]-->
        <table role=""presentation"" width=""100%"" cellpadding=""0"" cellspacing=""0"" border=""0"" style=""max-width:680px;margin:0 auto;background-color:#ffffff;border:1px solid #d4e1e8;"">

          <!-- ========== HEADER ========== -->
          <tr>
            <td style=""padding:34px 36px 24px 36px;background-color:#f3f9f8;border-bottom:2px solid #0d8f84;"">
              <!-- Eyebrow badge -->
              <table role=""presentation"" cellpadding=""0"" cellspacing=""0"" border=""0"">
                <tr>
                  <td style=""background-color:#e6f4f2;padding:5px 14px;font-size:11px;font-weight:bold;color:#094d47;letter-spacing:0.08em;font-family:'Malgun Gothic', '맑은 고딕', 'Apple SD Gothic Neo', 'Segoe UI', Helvetica, Arial, sans-serif;"">
                    &#9679;&nbsp; 현대제철 리더십 교육 F/U
                  </td>
                </tr>
              </table>
              <!-- Title -->
              <h1 style=""margin:16px 0 8px 0;font-size:24px;font-weight:bold;line-height:1.35;color:#091e2f;font-family:'Malgun Gothic', '맑은 고딕', 'Apple SD Gothic Neo', 'Segoe UI', Helvetica, Arial, sans-serif;"">현대제철 리더십 교육 후속: 액션플랜 자동화 실행 가이드</h1>
              <!-- Recipient info -->
              <p style=""margin:0;font-size:14px;line-height:1.7;color:#4a6a82;font-family:'Malgun Gothic', '맑은 고딕', 'Apple SD Gothic Neo', 'Segoe UI', Helvetica, Arial, sans-serif;"">조주영&#xB2D8; &middot; 풍산 교육문화팀 &middot; 대리</p>
            </td>
          </tr>

          <!-- ========== BODY ========== -->
          <tr>
            <td style=""padding:30px 36px 10px 36px;"">
              <p style=""margin:0 0 18px 0;font-size:15px;font-weight:bold;color:#094d47;font-family:'Malgun Gothic', '맑은 고딕', 'Apple SD Gothic Neo', 'Segoe UI', Helvetica, Arial, sans-serif;"">조주영&#xB2D8; &#xC548;&#xB155;&#xD558;&#xC138;&#xC694;.</p>
              <p style=""margin:0 0 14px 0;font-size:15px;line-height:1.9;color:#0e2233;"">조주영 대리님, 현실적인 자동화 방안에 대해 깊이 고민해 주셔서 감사합니다.</p>
<p style=""margin:0 0 14px 0;font-size:15px;line-height:1.9;color:#0e2233;"">교육 의지를 지속하기 위해 2주 단위 액션플랜 체크인 자동화 시스템을 먼저 구축해 보시기 바랍니다.</p>
<p style=""margin:0 0 14px 0;font-size:15px;line-height:1.9;color:#0e2233;"">수강자가 세운 계획을 팀 내 공유로 이어갈 수 있도록 프로세스를 점검해 주십시오.</p>
<p style=""margin:0 0 14px 0;font-size:15px;line-height:1.9;color:#0e2233;"">다음 주까지 첫 번째 체크인 메시지 시나리오를 작성해 주세요.</p>
            </td>
          </tr>

          <!-- ========== INFO CARDS (2x2 table) ========== -->
          <tr>
            <td style=""padding:0 36px 10px 36px;"">
              <table role=""presentation"" width=""100%"" cellpadding=""0"" cellspacing=""0"" border=""0"">
                <tr>
                  <!-- Card 1: Action Plan -->
                  <td width=""50%"" valign=""top"" style=""padding:0 6px 12px 0;"">
                    <table role=""presentation"" width=""100%"" cellpadding=""0"" cellspacing=""0"" border=""0"" style=""background-color:#f7fafa;border:1px solid #dae4ec;"">
                      <tr>
                        <td style=""padding:16px 18px;"">
                          <p style=""margin:0 0 8px 0;font-size:11px;font-weight:bold;color:#0d8f84;letter-spacing:0.06em;font-family:'Malgun Gothic', '맑은 고딕', 'Apple SD Gothic Neo', 'Segoe UI', Helvetica, Arial, sans-serif;"">&#9654; &#xD575;&#xC2EC; &#xC2E4;&#xD589;&#xACC4;&#xD68D;</p>
                          <p style=""margin:0;font-size:14px;line-height:1.8;color:#0e2233;font-family:'Malgun Gothic', '맑은 고딕', 'Apple SD Gothic Neo', 'Segoe UI', Helvetica, Arial, sans-serif;"">교육 종료 후 2주 단위 액션플랜 체크인 메시지를 자동화</p>
                        </td>
                      </tr>
                    </table>
                  </td>
                  <!-- Card 2: Expected Behavior -->
                  <td width=""50%"" valign=""top"" style=""padding:0 0 12px 6px;"">
                    <table role=""presentation"" width=""100%"" cellpadding=""0"" cellspacing=""0"" border=""0"" style=""background-color:#f7fafa;border:1px solid #dae4ec;"">
                      <tr>
                        <td style=""padding:16px 18px;"">
                          <p style=""margin:0 0 8px 0;font-size:11px;font-weight:bold;color:#0d8f84;letter-spacing:0.06em;font-family:'Malgun Gothic', '맑은 고딕', 'Apple SD Gothic Neo', 'Segoe UI', Helvetica, Arial, sans-serif;"">&#9654; &#xAE30;&#xB300; &#xD589;&#xB3D9;</p>
                          <p style=""margin:0;font-size:14px;line-height:1.8;color:#0e2233;font-family:'Malgun Gothic', '맑은 고딕', 'Apple SD Gothic Neo', 'Segoe UI', Helvetica, Arial, sans-serif;"">수강자가 교육 직후 세운 계획을 잊지 않고 팀 내 공유까지 이어가게 한다</p>
                        </td>
                      </tr>
                    </table>
                  </td>
                </tr>
                <tr>
                  <!-- Card 3: Key Takeaway -->
                  <td width=""50%"" valign=""top"" style=""padding:0 6px 12px 0;"">
                    <table role=""presentation"" width=""100%"" cellpadding=""0"" cellspacing=""0"" border=""0"" style=""background-color:#f7fafa;border:1px solid #dae4ec;"">
                      <tr>
                        <td style=""padding:16px 18px;"">
                          <p style=""margin:0 0 8px 0;font-size:11px;font-weight:bold;color:#0d8f84;letter-spacing:0.06em;font-family:'Malgun Gothic', '맑은 고딕', 'Apple SD Gothic Neo', 'Segoe UI', Helvetica, Arial, sans-serif;"">&#9654; &#xAD50;&#xC721; &#xD575;&#xC2EC; &#xD3EC;&#xC778;&#xD2B8;</p>
                          <p style=""margin:0;font-size:14px;line-height:1.8;color:#0e2233;font-family:'Malgun Gothic', '맑은 고딕', 'Apple SD Gothic Neo', 'Segoe UI', Helvetica, Arial, sans-serif;"">초안 자동화 후 사람이 톤을 통제하는 방식이 현실적이라는 점</p>
                        </td>
                      </tr>
                    </table>
                  </td>
                  <!-- Card 4: Comment -->
                  <td width=""50%"" valign=""top"" style=""padding:0 0 12px 6px;"">
                    <table role=""presentation"" width=""100%"" cellpadding=""0"" cellspacing=""0"" border=""0"" style=""background-color:#f7fafa;border:1px solid #dae4ec;"">
                      <tr>
                        <td style=""padding:16px 18px;"">
                          <p style=""margin:0 0 8px 0;font-size:11px;font-weight:bold;color:#0d8f84;letter-spacing:0.06em;font-family:'Malgun Gothic', '맑은 고딕', 'Apple SD Gothic Neo', 'Segoe UI', Helvetica, Arial, sans-serif;"">&#9654; &#xCC38;&#xAC00;&#xC790; &#xCF54;&#xBA58;&#xD2B8;</p>
                          <p style=""margin:0;font-size:14px;line-height:1.8;color:#0e2233;font-family:'Malgun Gothic', '맑은 고딕', 'Apple SD Gothic Neo', 'Segoe UI', Helvetica, Arial, sans-serif;"">개인화 메시지를 자동화하되 사람 검수를 남기는 구조가 설득력 있었다. 실습 전 사전 안내가 조금 더 구조화되면 따라가기 한결 수월하겠다. 이론과 실습의 난이도 균형은 전반적으로 적절했다.</p>
                        </td>
                      </tr>
                    </table>
                  </td>
                </tr>
              </table>
            </td>
          </tr>

          <!-- ========== NEXT ACTION ========== -->
          <tr>
            <td style=""padding:6px 36px 20px 36px;"">
              <table role=""presentation"" width=""100%"" cellpadding=""0"" cellspacing=""0"" border=""0"" style=""background-color:#0d8f84;"">
                <tr>
                  <td style=""padding:20px 24px;"">
                    <p style=""margin:0 0 6px 0;font-size:11px;font-weight:bold;letter-spacing:0.1em;color:#b8e6e0;font-family:'Malgun Gothic', '맑은 고딕', 'Apple SD Gothic Neo', 'Segoe UI', Helvetica, Arial, sans-serif;"">NEXT ACTION</p>
                    <p style=""margin:0;font-size:16px;line-height:1.8;font-weight:bold;color:#ffffff;font-family:'Malgun Gothic', '맑은 고딕', 'Apple SD Gothic Neo', 'Segoe UI', Helvetica, Arial, sans-serif;"">다음 주까지 첫 번째 체크인 메시지 시나리오 작성</p>
                  </td>
                </tr>
              </table>
            </td>
          </tr>

          <!-- ========== SIGNATURE ========== -->
          <tr>
            <td style=""padding:0 36px 36px 36px;"">
              <table role=""presentation"" width=""100%"" cellpadding=""0"" cellspacing=""0"" border=""0"" style=""border-top:1px solid #dae4ec;"">
                <tr>
                  <td style=""padding:20px 0 0 0;font-size:13px;line-height:1.9;color:#4a6a82;font-family:'Malgun Gothic', '맑은 고딕', 'Apple SD Gothic Neo', 'Segoe UI', Helvetica, Arial, sans-serif;"">
                    감사합니다.<br />
                    박서윤<br />
                    현대제철 컬처디자인팀
                  </td>
                </tr>
              </table>
            </td>
          </tr>

        </table>
        <!--[if mso]></td></tr></table><![endif]-->

      </td>
    </tr>
  </table>

</body>
</html>
",sample_data/교육_액션플랜_데이터_feedback_output_html_preview/012_조주영.html,completed,glm-4.5-air,2026-07-21T21:18:33
P013,강민서,participant013@hrd-ai-demo.example.com,한빛에너지,인재개발팀,과장,인재육성,보고서 작성 시간을 줄이고 데이터 기반으로 다음 차수 개선안을 제시하겠다,만족도 조사 데이터를 월별 대시보드와 1페이지 요약 보고서로 연결,정량 점수와 정성 코멘트를 함께 보며 다음 차수 개선 우선순위를 빠르게 합의한다,정성 의견을 숫자 옆에 붙여 스토리로 보여주는 예시가 인상 깊었다. 오전 이론 파트는 비전공자 기준으로 속도가 조금 빨랐다. 다만 오전 기술 동향 파트는 초급자에게 조금 빠르게 느껴질 수 있었다.,정량과 정성을 같이 봐야 의사결정이 빨라진다는 점,김민주,[현대제철 리더십 교육 F/U] 정량·정성 데이터 결합을 통한 개선안 제시,"강민서 과장님, 정량과 정성 데이터를 함께 보면 의사결정이 빨라진다는 인사이트를 공유해 주셔서 감사합니다. 액션플랜대로 만족도 조사 데이터를 월별 대시보드와 요약 보고서로 연결하여 시각화해 보시기 바랍니다. 이를 통해 동료들과 다음 차수 개선 우선순위를 신속히 합의하시길 기대합니다.",월별 대시보드 및 요약 보고서 작성 후 팀원들과 개선 우선순위 합의하기,ok,"<!DOCTYPE html PUBLIC ""-//W3C//DTD XHTML 1.0 Transitional//EN"" ""http://www.w3.org/TR/xhtml1/DTD/xhtml1-transitional.dtd"">
<html xmlns=""http://www.w3.org/1999/xhtml"" lang=""ko"">
<head>
  <meta http-equiv=""Content-Type"" content=""text/html; charset=utf-8"" />
  <meta name=""viewport"" content=""width=device-width, initial-scale=1.0"" />
  <title>[현대제철 리더십 교육 F/U] 정량·정성 데이터 결합을 통한 개선안 제시</title>
  <!--[if mso]>
  <style type=""text/css"">
    table { border-collapse: collapse; }
    td { font-family: 'Malgun Gothic', '맑은 고딕', 'Apple SD Gothic Neo', 'Segoe UI', Helvetica, Arial, sans-serif; }
  </style>
  <![endif]-->
</head>
<body style=""margin:0;padding:0;background-color:#eaf1f5;font-family:'Malgun Gothic', '맑은 고딕', 'Apple SD Gothic Neo', 'Segoe UI', Helvetica, Arial, sans-serif;font-size:15px;line-height:1.7;color:#0e2233;-webkit-text-size-adjust:100%;-ms-text-size-adjust:100%;"">

  <!-- Outer wrapper table for centering -->
  <table role=""presentation"" width=""100%"" cellpadding=""0"" cellspacing=""0"" border=""0"" style=""background-color:#eaf1f5;"">
    <tr>
      <td align=""center"" style=""padding:40px 16px 50px 16px;"">

        <!--[if mso]><table role=""presentation"" width=""680"" cellpadding=""0"" cellspacing=""0"" border=""0"" align=""center""><tr><td><![endif]-->
        <table role=""presentation"" width=""100%"" cellpadding=""0"" cellspacing=""0"" border=""0"" style=""max-width:680px;margin:0 auto;background-color:#ffffff;border:1px solid #d4e1e8;"">

          <!-- ========== HEADER ========== -->
          <tr>
            <td style=""padding:34px 36px 24px 36px;background-color:#f3f9f8;border-bottom:2px solid #0d8f84;"">
              <!-- Eyebrow badge -->
              <table role=""presentation"" cellpadding=""0"" cellspacing=""0"" border=""0"">
                <tr>
                  <td style=""background-color:#e6f4f2;padding:5px 14px;font-size:11px;font-weight:bold;color:#094d47;letter-spacing:0.08em;font-family:'Malgun Gothic', '맑은 고딕', 'Apple SD Gothic Neo', 'Segoe UI', Helvetica, Arial, sans-serif;"">
                    &#9679;&nbsp; 현대제철 리더십 교육 F/U
                  </td>
                </tr>
              </table>
              <!-- Title -->
              <h1 style=""margin:16px 0 8px 0;font-size:24px;font-weight:bold;line-height:1.35;color:#091e2f;font-family:'Malgun Gothic', '맑은 고딕', 'Apple SD Gothic Neo', 'Segoe UI', Helvetica, Arial, sans-serif;"">[현대제철 리더십 교육 F/U] 정량·정성 데이터 결합을 통한 개선안 제시</h1>
              <!-- Recipient info -->
              <p style=""margin:0;font-size:14px;line-height:1.7;color:#4a6a82;font-family:'Malgun Gothic', '맑은 고딕', 'Apple SD Gothic Neo', 'Segoe UI', Helvetica, Arial, sans-serif;"">강민서&#xB2D8; &middot; 한빛에너지 인재개발팀 &middot; 과장</p>
            </td>
          </tr>

          <!-- ========== BODY ========== -->
          <tr>
            <td style=""padding:30px 36px 10px 36px;"">
              <p style=""margin:0 0 18px 0;font-size:15px;font-weight:bold;color:#094d47;font-family:'Malgun Gothic', '맑은 고딕', 'Apple SD Gothic Neo', 'Segoe UI', Helvetica, Arial, sans-serif;"">강민서&#xB2D8; &#xC548;&#xB155;&#xD558;&#xC138;&#xC694;.</p>
              <p style=""margin:0 0 14px 0;font-size:15px;line-height:1.9;color:#0e2233;"">강민서 과장님, 정량과 정성 데이터를 함께 보면 의사결정이 빨라진다는 인사이트를 공유해 주셔서 감사합니다.</p>
<p style=""margin:0 0 14px 0;font-size:15px;line-height:1.9;color:#0e2233;"">액션플랜대로 만족도 조사 데이터를 월별 대시보드와 요약 보고서로 연결하여 시각화해 보시기 바랍니다.</p>
<p style=""margin:0 0 14px 0;font-size:15px;line-height:1.9;color:#0e2233;"">이를 통해 동료들과 다음 차수 개선 우선순위를 신속히 합의하시길 기대합니다.</p>
            </td>
          </tr>

          <!-- ========== INFO CARDS (2x2 table) ========== -->
          <tr>
            <td style=""padding:0 36px 10px 36px;"">
              <table role=""presentation"" width=""100%"" cellpadding=""0"" cellspacing=""0"" border=""0"">
                <tr>
                  <!-- Card 1: Action Plan -->
                  <td width=""50%"" valign=""top"" style=""padding:0 6px 12px 0;"">
                    <table role=""presentation"" width=""100%"" cellpadding=""0"" cellspacing=""0"" border=""0"" style=""background-color:#f7fafa;border:1px solid #dae4ec;"">
                      <tr>
                        <td style=""padding:16px 18px;"">
                          <p style=""margin:0 0 8px 0;font-size:11px;font-weight:bold;color:#0d8f84;letter-spacing:0.06em;font-family:'Malgun Gothic', '맑은 고딕', 'Apple SD Gothic Neo', 'Segoe UI', Helvetica, Arial, sans-serif;"">&#9654; &#xD575;&#xC2EC; &#xC2E4;&#xD589;&#xACC4;&#xD68D;</p>
                          <p style=""margin:0;font-size:14px;line-height:1.8;color:#0e2233;font-family:'Malgun Gothic', '맑은 고딕', 'Apple SD Gothic Neo', 'Segoe UI', Helvetica, Arial, sans-serif;"">만족도 조사 데이터를 월별 대시보드와 1페이지 요약 보고서로 연결</p>
                        </td>
                      </tr>
                    </table>
                  </td>
                  <!-- Card 2: Expected Behavior -->
                  <td width=""50%"" valign=""top"" style=""padding:0 0 12px 6px;"">
                    <table role=""presentation"" width=""100%"" cellpadding=""0"" cellspacing=""0"" border=""0"" style=""background-color:#f7fafa;border:1px solid #dae4ec;"">
                      <tr>
                        <td style=""padding:16px 18px;"">
                          <p style=""margin:0 0 8px 0;font-size:11px;font-weight:bold;color:#0d8f84;letter-spacing:0.06em;font-family:'Malgun Gothic', '맑은 고딕', 'Apple SD Gothic Neo', 'Segoe UI', Helvetica, Arial, sans-serif;"">&#9654; &#xAE30;&#xB300; &#xD589;&#xB3D9;</p>
                          <p style=""margin:0;font-size:14px;line-height:1.8;color:#0e2233;font-family:'Malgun Gothic', '맑은 고딕', 'Apple SD Gothic Neo', 'Segoe UI', Helvetica, Arial, sans-serif;"">정량 점수와 정성 코멘트를 함께 보며 다음 차수 개선 우선순위를 빠르게 합의한다</p>
                        </td>
                      </tr>
                    </table>
                  </td>
                </tr>
                <tr>
                  <!-- Card 3: Key Takeaway -->
                  <td width=""50%"" valign=""top"" style=""padding:0 6px 12px 0;"">
                    <table role=""presentation"" width=""100%"" cellpadding=""0"" cellspacing=""0"" border=""0"" style=""background-color:#f7fafa;border:1px solid #dae4ec;"">
                      <tr>
                        <td style=""padding:16px 18px;"">
                          <p style=""margin:0 0 8px 0;font-size:11px;font-weight:bold;color:#0d8f84;letter-spacing:0.06em;font-family:'Malgun Gothic', '맑은 고딕', 'Apple SD Gothic Neo', 'Segoe UI', Helvetica, Arial, sans-serif;"">&#9654; &#xAD50;&#xC721; &#xD575;&#xC2EC; &#xD3EC;&#xC778;&#xD2B8;</p>
                          <p style=""margin:0;font-size:14px;line-height:1.8;color:#0e2233;font-family:'Malgun Gothic', '맑은 고딕', 'Apple SD Gothic Neo', 'Segoe UI', Helvetica, Arial, sans-serif;"">정량과 정성을 같이 봐야 의사결정이 빨라진다는 점</p>
                        </td>
                      </tr>
                    </table>
                  </td>
                  <!-- Card 4: Comment -->
                  <td width=""50%"" valign=""top"" style=""padding:0 0 12px 6px;"">
                    <table role=""presentation"" width=""100%"" cellpadding=""0"" cellspacing=""0"" border=""0"" style=""background-color:#f7fafa;border:1px solid #dae4ec;"">
                      <tr>
                        <td style=""padding:16px 18px;"">
                          <p style=""margin:0 0 8px 0;font-size:11px;font-weight:bold;color:#0d8f84;letter-spacing:0.06em;font-family:'Malgun Gothic', '맑은 고딕', 'Apple SD Gothic Neo', 'Segoe UI', Helvetica, Arial, sans-serif;"">&#9654; &#xCC38;&#xAC00;&#xC790; &#xCF54;&#xBA58;&#xD2B8;</p>
                          <p style=""margin:0;font-size:14px;line-height:1.8;color:#0e2233;font-family:'Malgun Gothic', '맑은 고딕', 'Apple SD Gothic Neo', 'Segoe UI', Helvetica, Arial, sans-serif;"">정성 의견을 숫자 옆에 붙여 스토리로 보여주는 예시가 인상 깊었다. 오전 이론 파트는 비전공자 기준으로 속도가 조금 빨랐다. 다만 오전 기술 동향 파트는 초급자에게 조금 빠르게 느껴질 수 있었다.</p>
                        </td>
                      </tr>
                    </table>
                  </td>
                </tr>
              </table>
            </td>
          </tr>

          <!-- ========== NEXT ACTION ========== -->
          <tr>
            <td style=""padding:6px 36px 20px 36px;"">
              <table role=""presentation"" width=""100%"" cellpadding=""0"" cellspacing=""0"" border=""0"" style=""background-color:#0d8f84;"">
                <tr>
                  <td style=""padding:20px 24px;"">
                    <p style=""margin:0 0 6px 0;font-size:11px;font-weight:bold;letter-spacing:0.1em;color:#b8e6e0;font-family:'Malgun Gothic', '맑은 고딕', 'Apple SD Gothic Neo', 'Segoe UI', Helvetica, Arial, sans-serif;"">NEXT ACTION</p>
                    <p style=""margin:0;font-size:16px;line-height:1.8;font-weight:bold;color:#ffffff;font-family:'Malgun Gothic', '맑은 고딕', 'Apple SD Gothic Neo', 'Segoe UI', Helvetica, Arial, sans-serif;"">월별 대시보드 및 요약 보고서 작성 후 팀원들과 개선 우선순위 합의하기</p>
                  </td>
                </tr>
              </table>
            </td>
          </tr>

          <!-- ========== SIGNATURE ========== -->
          <tr>
            <td style=""padding:0 36px 36px 36px;"">
              <table role=""presentation"" width=""100%"" cellpadding=""0"" cellspacing=""0"" border=""0"" style=""border-top:1px solid #dae4ec;"">
                <tr>
                  <td style=""padding:20px 0 0 0;font-size:13px;line-height:1.9;color:#4a6a82;font-family:'Malgun Gothic', '맑은 고딕', 'Apple SD Gothic Neo', 'Segoe UI', Helvetica, Arial, sans-serif;"">
                    감사합니다.<br />
                    김민주<br />
                    현대제철 컬처디자인팀
                  </td>
                </tr>
              </table>
            </td>
          </tr>

        </table>
        <!--[if mso]></td></tr></table><![endif]-->

      </td>
    </tr>
  </table>

</body>
</html>
",sample_data/교육_액션플랜_데이터_feedback_output_html_preview/013_강민서.html,completed,glm-4.5-air,2026-07-21T21:19:26
P014,고태윤,participant014@hrd-ai-demo.example.com,동해정밀,교육혁신파트,차장,HRD,길게 쌓인 VOC를 읽는 시간보다 의사결정 시간을 더 확보하겠다,정성 코멘트에서 핵심 토픽 3개와 대표 인용문 3개를 자동 추출,운영진이 불만 포인트와 강점을 빠르게 파악해 다음 차수 반영 속도를 높인다,정성데이터를 너무 무겁게 다루지 않아도 된다는 설명이 부담을 줄여줬다. 강사의 설명이 기술 용어를 과하게 쓰지 않아 이해가 쉬웠다. 다만 오전 기술 동향 파트는 초급자에게 조금 빠르게 느껴질 수 있었다.,인용문 3개와 토픽 3개만 잘 뽑아도 보고 품질이 높아진다는 점,이도현,"[현대제철] 동해정밀 고태윤 차장님, 리더십 교육 액션플랜 점검",정성적 VOC 분석의 부담을 줄이는 방법에 깊이 공감해주셔서 감사합니다. 핵심 토픽과 인용문 추출 기능을 활용해 의사결정 시간을 확보하시길 바랍니다. 운영진이 불만 포인트를 파악하여 다음 차기 반영 속도를 높여주시기 바랍니다.,정성 코멘트 자동 추출 시스템 적용 및 결과 공유,ok,"<!DOCTYPE html PUBLIC ""-//W3C//DTD XHTML 1.0 Transitional//EN"" ""http://www.w3.org/TR/xhtml1/DTD/xhtml1-transitional.dtd"">
<html xmlns=""http://www.w3.org/1999/xhtml"" lang=""ko"">
<head>
  <meta http-equiv=""Content-Type"" content=""text/html; charset=utf-8"" />
  <meta name=""viewport"" content=""width=device-width, initial-scale=1.0"" />
  <title>[현대제철] 동해정밀 고태윤 차장님, 리더십 교육 액션플랜 점검</title>
  <!--[if mso]>
  <style type=""text/css"">
    table { border-collapse: collapse; }
    td { font-family: 'Malgun Gothic', '맑은 고딕', 'Apple SD Gothic Neo', 'Segoe UI', Helvetica, Arial, sans-serif; }
  </style>
  <![endif]-->
</head>
<body style=""margin:0;padding:0;background-color:#eaf1f5;font-family:'Malgun Gothic', '맑은 고딕', 'Apple SD Gothic Neo', 'Segoe UI', Helvetica, Arial, sans-serif;font-size:15px;line-height:1.7;color:#0e2233;-webkit-text-size-adjust:100%;-ms-text-size-adjust:100%;"">

  <!-- Outer wrapper table for centering -->
  <table role=""presentation"" width=""100%"" cellpadding=""0"" cellspacing=""0"" border=""0"" style=""background-color:#eaf1f5;"">
    <tr>
      <td align=""center"" style=""padding:40px 16px 50px 16px;"">

        <!--[if mso]><table role=""presentation"" width=""680"" cellpadding=""0"" cellspacing=""0"" border=""0"" align=""center""><tr><td><![endif]-->
        <table role=""presentation"" width=""100%"" cellpadding=""0"" cellspacing=""0"" border=""0"" style=""max-width:680px;margin:0 auto;background-color:#ffffff;border:1px solid #d4e1e8;"">

          <!-- ========== HEADER ========== -->
          <tr>
            <td style=""padding:34px 36px 24px 36px;background-color:#f3f9f8;border-bottom:2px solid #0d8f84;"">
              <!-- Eyebrow badge -->
              <table role=""presentation"" cellpadding=""0"" cellspacing=""0"" border=""0"">
                <tr>
                  <td style=""background-color:#e6f4f2;padding:5px 14px;font-size:11px;font-weight:bold;color:#094d47;letter-spacing:0.08em;font-family:'Malgun Gothic', '맑은 고딕', 'Apple SD Gothic Neo', 'Segoe UI', Helvetica, Arial, sans-serif;"">
                    &#9679;&nbsp; 현대제철 리더십 교육 F/U
                  </td>
                </tr>
              </table>
              <!-- Title -->
              <h1 style=""margin:16px 0 8px 0;font-size:24px;font-weight:bold;line-height:1.35;color:#091e2f;font-family:'Malgun Gothic', '맑은 고딕', 'Apple SD Gothic Neo', 'Segoe UI', Helvetica, Arial, sans-serif;"">[현대제철] 동해정밀 고태윤 차장님, 리더십 교육 액션플랜 점검</h1>
              <!-- Recipient info -->
              <p style=""margin:0;font-size:14px;line-height:1.7;color:#4a6a82;font-family:'Malgun Gothic', '맑은 고딕', 'Apple SD Gothic Neo', 'Segoe UI', Helvetica, Arial, sans-serif;"">고태윤&#xB2D8; &middot; 동해정밀 교육혁신파트 &middot; 차장</p>
            </td>
          </tr>

          <!-- ========== BODY ========== -->
          <tr>
            <td style=""padding:30px 36px 10px 36px;"">
              <p style=""margin:0 0 18px 0;font-size:15px;font-weight:bold;color:#094d47;font-family:'Malgun Gothic', '맑은 고딕', 'Apple SD Gothic Neo', 'Segoe UI', Helvetica, Arial, sans-serif;"">고태윤&#xB2D8; &#xC548;&#xB155;&#xD558;&#xC138;&#xC694;.</p>
              <p style=""margin:0 0 14px 0;font-size:15px;line-height:1.9;color:#0e2233;"">정성적 VOC 분석의 부담을 줄이는 방법에 깊이 공감해주셔서 감사합니다.</p>
<p style=""margin:0 0 14px 0;font-size:15px;line-height:1.9;color:#0e2233;"">핵심 토픽과 인용문 추출 기능을 활용해 의사결정 시간을 확보하시길 바랍니다.</p>
<p style=""margin:0 0 14px 0;font-size:15px;line-height:1.9;color:#0e2233;"">운영진이 불만 포인트를 파악하여 다음 차기 반영 속도를 높여주시기 바랍니다.</p>
            </td>
          </tr>

          <!-- ========== INFO CARDS (2x2 table) ========== -->
          <tr>
            <td style=""padding:0 36px 10px 36px;"">
              <table role=""presentation"" width=""100%"" cellpadding=""0"" cellspacing=""0"" border=""0"">
                <tr>
                  <!-- Card 1: Action Plan -->
                  <td width=""50%"" valign=""top"" style=""padding:0 6px 12px 0;"">
                    <table role=""presentation"" width=""100%"" cellpadding=""0"" cellspacing=""0"" border=""0"" style=""background-color:#f7fafa;border:1px solid #dae4ec;"">
                      <tr>
                        <td style=""padding:16px 18px;"">
                          <p style=""margin:0 0 8px 0;font-size:11px;font-weight:bold;color:#0d8f84;letter-spacing:0.06em;font-family:'Malgun Gothic', '맑은 고딕', 'Apple SD Gothic Neo', 'Segoe UI', Helvetica, Arial, sans-serif;"">&#9654; &#xD575;&#xC2EC; &#xC2E4;&#xD589;&#xACC4;&#xD68D;</p>
                          <p style=""margin:0;font-size:14px;line-height:1.8;color:#0e2233;font-family:'Malgun Gothic', '맑은 고딕', 'Apple SD Gothic Neo', 'Segoe UI', Helvetica, Arial, sans-serif;"">정성 코멘트에서 핵심 토픽 3개와 대표 인용문 3개를 자동 추출</p>
                        </td>
                      </tr>
                    </table>
                  </td>
                  <!-- Card 2: Expected Behavior -->
                  <td width=""50%"" valign=""top"" style=""padding:0 0 12px 6px;"">
                    <table role=""presentation"" width=""100%"" cellpadding=""0"" cellspacing=""0"" border=""0"" style=""background-color:#f7fafa;border:1px solid #dae4ec;"">
                      <tr>
                        <td style=""padding:16px 18px;"">
                          <p style=""margin:0 0 8px 0;font-size:11px;font-weight:bold;color:#0d8f84;letter-spacing:0.06em;font-family:'Malgun Gothic', '맑은 고딕', 'Apple SD Gothic Neo', 'Segoe UI', Helvetica, Arial, sans-serif;"">&#9654; &#xAE30;&#xB300; &#xD589;&#xB3D9;</p>
                          <p style=""margin:0;font-size:14px;line-height:1.8;color:#0e2233;font-family:'Malgun Gothic', '맑은 고딕', 'Apple SD Gothic Neo', 'Segoe UI', Helvetica, Arial, sans-serif;"">운영진이 불만 포인트와 강점을 빠르게 파악해 다음 차수 반영 속도를 높인다</p>
                        </td>
                      </tr>
                    </table>
                  </td>
                </tr>
                <tr>
                  <!-- Card 3: Key Takeaway -->
                  <td width=""50%"" valign=""top"" style=""padding:0 6px 12px 0;"">
                    <table role=""presentation"" width=""100%"" cellpadding=""0"" cellspacing=""0"" border=""0"" style=""background-color:#f7fafa;border:1px solid #dae4ec;"">
                      <tr>
                        <td style=""padding:16px 18px;"">
                          <p style=""margin:0 0 8px 0;font-size:11px;font-weight:bold;color:#0d8f84;letter-spacing:0.06em;font-family:'Malgun Gothic', '맑은 고딕', 'Apple SD Gothic Neo', 'Segoe UI', Helvetica, Arial, sans-serif;"">&#9654; &#xAD50;&#xC721; &#xD575;&#xC2EC; &#xD3EC;&#xC778;&#xD2B8;</p>
                          <p style=""margin:0;font-size:14px;line-height:1.8;color:#0e2233;font-family:'Malgun Gothic', '맑은 고딕', 'Apple SD Gothic Neo', 'Segoe UI', Helvetica, Arial, sans-serif;"">인용문 3개와 토픽 3개만 잘 뽑아도 보고 품질이 높아진다는 점</p>
                        </td>
                      </tr>
                    </table>
                  </td>
                  <!-- Card 4: Comment -->
                  <td width=""50%"" valign=""top"" style=""padding:0 0 12px 6px;"">
                    <table role=""presentation"" width=""100%"" cellpadding=""0"" cellspacing=""0"" border=""0"" style=""background-color:#f7fafa;border:1px solid #dae4ec;"">
                      <tr>
                        <td style=""padding:16px 18px;"">
                          <p style=""margin:0 0 8px 0;font-size:11px;font-weight:bold;color:#0d8f84;letter-spacing:0.06em;font-family:'Malgun Gothic', '맑은 고딕', 'Apple SD Gothic Neo', 'Segoe UI', Helvetica, Arial, sans-serif;"">&#9654; &#xCC38;&#xAC00;&#xC790; &#xCF54;&#xBA58;&#xD2B8;</p>
                          <p style=""margin:0;font-size:14px;line-height:1.8;color:#0e2233;font-family:'Malgun Gothic', '맑은 고딕', 'Apple SD Gothic Neo', 'Segoe UI', Helvetica, Arial, sans-serif;"">정성데이터를 너무 무겁게 다루지 않아도 된다는 설명이 부담을 줄여줬다. 강사의 설명이 기술 용어를 과하게 쓰지 않아 이해가 쉬웠다. 다만 오전 기술 동향 파트는 초급자에게 조금 빠르게 느껴질 수 있었다.</p>
                        </td>
                      </tr>
                    </table>
                  </td>
                </tr>
              </table>
            </td>
          </tr>

          <!-- ========== NEXT ACTION ========== -->
          <tr>
            <td style=""padding:6px 36px 20px 36px;"">
              <table role=""presentation"" width=""100%"" cellpadding=""0"" cellspacing=""0"" border=""0"" style=""background-color:#0d8f84;"">
                <tr>
                  <td style=""padding:20px 24px;"">
                    <p style=""margin:0 0 6px 0;font-size:11px;font-weight:bold;letter-spacing:0.1em;color:#b8e6e0;font-family:'Malgun Gothic', '맑은 고딕', 'Apple SD Gothic Neo', 'Segoe UI', Helvetica, Arial, sans-serif;"">NEXT ACTION</p>
                    <p style=""margin:0;font-size:16px;line-height:1.8;font-weight:bold;color:#ffffff;font-family:'Malgun Gothic', '맑은 고딕', 'Apple SD Gothic Neo', 'Segoe UI', Helvetica, Arial, sans-serif;"">정성 코멘트 자동 추출 시스템 적용 및 결과 공유</p>
                  </td>
                </tr>
              </table>
            </td>
          </tr>

          <!-- ========== SIGNATURE ========== -->
          <tr>
            <td style=""padding:0 36px 36px 36px;"">
              <table role=""presentation"" width=""100%"" cellpadding=""0"" cellspacing=""0"" border=""0"" style=""border-top:1px solid #dae4ec;"">
                <tr>
                  <td style=""padding:20px 0 0 0;font-size:13px;line-height:1.9;color:#4a6a82;font-family:'Malgun Gothic', '맑은 고딕', 'Apple SD Gothic Neo', 'Segoe UI', Helvetica, Arial, sans-serif;"">
                    감사합니다.<br />
                    이도현<br />
                    현대제철 컬처디자인팀
                  </td>
                </tr>
              </table>
            </td>
          </tr>

        </table>
        <!--[if mso]></td></tr></table><![endif]-->

      </td>
    </tr>
  </table>

</body>
</html>
",sample_data/교육_액션플랜_데이터_feedback_output_html_preview/014_고태윤.html,completed,glm-4.5-air,2026-07-21T21:20:19
P015,구서현,participant015@hrd-ai-demo.example.com,세림케미칼,HRD기획팀,대리,HRD,교육 효과를 운영 기록이 아니라 경영 의사결정 자료로 전환하겠다,경영진 공유용으로 5장 내외의 교육 효과 요약 슬라이드 템플릿을 만든다,교육 결과를 숫자와 실행 과제로 연결해 부서 리더 보고 속도를 높인다,보고용 스토리라인을 먼저 잡고 데이터를 넣는 방식이 도움이 됐다. 교육 후 실행으로 이어지는 그림을 잡는 데 큰 도움이 됐다. 중간 Q&A 시간을 한 번 더 넣어주면 이해가 더 안정될 것 같다.,숫자와 서술형 의견을 한 장의 스토리로 묶어야 경영진이 이해하기 쉽다는 점,정유라,[리더십 교육 F/U] 경영진 공유용 슬라이드 템플릿 활용 가이드,"구서현 대리님, 교육 효과를 경영 의사결정 자료로 전환하겠다는 목표가 뚜렷합니다. 5장 내외의 요약 슬라이드 템플릿을 활용해 결과를 숫자와 실행 과제로 명확히 연결해 주십시오. 이를 통해 부서 리더 보고의 속도와 효율을 높여보시기 바랍니다.",경영진 공유용 슬라이드 템플릿 초안 작성 및 제출,ok,"<!DOCTYPE html PUBLIC ""-//W3C//DTD XHTML 1.0 Transitional//EN"" ""http://www.w3.org/TR/xhtml1/DTD/xhtml1-transitional.dtd"">
<html xmlns=""http://www.w3.org/1999/xhtml"" lang=""ko"">
<head>
  <meta http-equiv=""Content-Type"" content=""text/html; charset=utf-8"" />
  <meta name=""viewport"" content=""width=device-width, initial-scale=1.0"" />
  <title>[리더십 교육 F/U] 경영진 공유용 슬라이드 템플릿 활용 가이드</title>
  <!--[if mso]>
  <style type=""text/css"">
    table { border-collapse: collapse; }
    td { font-family: 'Malgun Gothic', '맑은 고딕', 'Apple SD Gothic Neo', 'Segoe UI', Helvetica, Arial, sans-serif; }
  </style>
  <![endif]-->
</head>
<body style=""margin:0;padding:0;background-color:#eaf1f5;font-family:'Malgun Gothic', '맑은 고딕', 'Apple SD Gothic Neo', 'Segoe UI', Helvetica, Arial, sans-serif;font-size:15px;line-height:1.7;color:#0e2233;-webkit-text-size-adjust:100%;-ms-text-size-adjust:100%;"">

  <!-- Outer wrapper table for centering -->
  <table role=""presentation"" width=""100%"" cellpadding=""0"" cellspacing=""0"" border=""0"" style=""background-color:#eaf1f5;"">
    <tr>
      <td align=""center"" style=""padding:40px 16px 50px 16px;"">

        <!--[if mso]><table role=""presentation"" width=""680"" cellpadding=""0"" cellspacing=""0"" border=""0"" align=""center""><tr><td><![endif]-->
        <table role=""presentation"" width=""100%"" cellpadding=""0"" cellspacing=""0"" border=""0"" style=""max-width:680px;margin:0 auto;background-color:#ffffff;border:1px solid #d4e1e8;"">

          <!-- ========== HEADER ========== -->
          <tr>
            <td style=""padding:34px 36px 24px 36px;background-color:#f3f9f8;border-bottom:2px solid #0d8f84;"">
              <!-- Eyebrow badge -->
              <table role=""presentation"" cellpadding=""0"" cellspacing=""0"" border=""0"">
                <tr>
                  <td style=""background-color:#e6f4f2;padding:5px 14px;font-size:11px;font-weight:bold;color:#094d47;letter-spacing:0.08em;font-family:'Malgun Gothic', '맑은 고딕', 'Apple SD Gothic Neo', 'Segoe UI', Helvetica, Arial, sans-serif;"">
                    &#9679;&nbsp; 현대제철 리더십 교육 F/U
                  </td>
                </tr>
              </table>
              <!-- Title -->
              <h1 style=""margin:16px 0 8px 0;font-size:24px;font-weight:bold;line-height:1.35;color:#091e2f;font-family:'Malgun Gothic', '맑은 고딕', 'Apple SD Gothic Neo', 'Segoe UI', Helvetica, Arial, sans-serif;"">[리더십 교육 F/U] 경영진 공유용 슬라이드 템플릿 활용 가이드</h1>
              <!-- Recipient info -->
              <p style=""margin:0;font-size:14px;line-height:1.7;color:#4a6a82;font-family:'Malgun Gothic', '맑은 고딕', 'Apple SD Gothic Neo', 'Segoe UI', Helvetica, Arial, sans-serif;"">구서현&#xB2D8; &middot; 세림케미칼 HRD기획팀 &middot; 대리</p>
            </td>
          </tr>

          <!-- ========== BODY ========== -->
          <tr>
            <td style=""padding:30px 36px 10px 36px;"">
              <p style=""margin:0 0 18px 0;font-size:15px;font-weight:bold;color:#094d47;font-family:'Malgun Gothic', '맑은 고딕', 'Apple SD Gothic Neo', 'Segoe UI', Helvetica, Arial, sans-serif;"">구서현&#xB2D8; &#xC548;&#xB155;&#xD558;&#xC138;&#xC694;.</p>
              <p style=""margin:0 0 14px 0;font-size:15px;line-height:1.9;color:#0e2233;"">구서현 대리님, 교육 효과를 경영 의사결정 자료로 전환하겠다는 목표가 뚜렷합니다.</p>
<p style=""margin:0 0 14px 0;font-size:15px;line-height:1.9;color:#0e2233;"">5장 내외의 요약 슬라이드 템플릿을 활용해 결과를 숫자와 실행 과제로 명확히 연결해 주십시오.</p>
<p style=""margin:0 0 14px 0;font-size:15px;line-height:1.9;color:#0e2233;"">이를 통해 부서 리더 보고의 속도와 효율을 높여보시기 바랍니다.</p>
            </td>
          </tr>

          <!-- ========== INFO CARDS (2x2 table) ========== -->
          <tr>
            <td style=""padding:0 36px 10px 36px;"">
              <table role=""presentation"" width=""100%"" cellpadding=""0"" cellspacing=""0"" border=""0"">
                <tr>
                  <!-- Card 1: Action Plan -->
                  <td width=""50%"" valign=""top"" style=""padding:0 6px 12px 0;"">
                    <table role=""presentation"" width=""100%"" cellpadding=""0"" cellspacing=""0"" border=""0"" style=""background-color:#f7fafa;border:1px solid #dae4ec;"">
                      <tr>
                        <td style=""padding:16px 18px;"">
                          <p style=""margin:0 0 8px 0;font-size:11px;font-weight:bold;color:#0d8f84;letter-spacing:0.06em;font-family:'Malgun Gothic', '맑은 고딕', 'Apple SD Gothic Neo', 'Segoe UI', Helvetica, Arial, sans-serif;"">&#9654; &#xD575;&#xC2EC; &#xC2E4;&#xD589;&#xACC4;&#xD68D;</p>
                          <p style=""margin:0;font-size:14px;line-height:1.8;color:#0e2233;font-family:'Malgun Gothic', '맑은 고딕', 'Apple SD Gothic Neo', 'Segoe UI', Helvetica, Arial, sans-serif;"">경영진 공유용으로 5장 내외의 교육 효과 요약 슬라이드 템플릿을 만든다</p>
                        </td>
                      </tr>
                    </table>
                  </td>
                  <!-- Card 2: Expected Behavior -->
                  <td width=""50%"" valign=""top"" style=""padding:0 0 12px 6px;"">
                    <table role=""presentation"" width=""100%"" cellpadding=""0"" cellspacing=""0"" border=""0"" style=""background-color:#f7fafa;border:1px solid #dae4ec;"">
                      <tr>
                        <td style=""padding:16px 18px;"">
                          <p style=""margin:0 0 8px 0;font-size:11px;font-weight:bold;color:#0d8f84;letter-spacing:0.06em;font-family:'Malgun Gothic', '맑은 고딕', 'Apple SD Gothic Neo', 'Segoe UI', Helvetica, Arial, sans-serif;"">&#9654; &#xAE30;&#xB300; &#xD589;&#xB3D9;</p>
                          <p style=""margin:0;font-size:14px;line-height:1.8;color:#0e2233;font-family:'Malgun Gothic', '맑은 고딕', 'Apple SD Gothic Neo', 'Segoe UI', Helvetica, Arial, sans-serif;"">교육 결과를 숫자와 실행 과제로 연결해 부서 리더 보고 속도를 높인다</p>
                        </td>
                      </tr>
                    </table>
                  </td>
                </tr>
                <tr>
                  <!-- Card 3: Key Takeaway -->
                  <td width=""50%"" valign=""top"" style=""padding:0 6px 12px 0;"">
                    <table role=""presentation"" width=""100%"" cellpadding=""0"" cellspacing=""0"" border=""0"" style=""background-color:#f7fafa;border:1px solid #dae4ec;"">
                      <tr>
                        <td style=""padding:16px 18px;"">
                          <p style=""margin:0 0 8px 0;font-size:11px;font-weight:bold;color:#0d8f84;letter-spacing:0.06em;font-family:'Malgun Gothic', '맑은 고딕', 'Apple SD Gothic Neo', 'Segoe UI', Helvetica, Arial, sans-serif;"">&#9654; &#xAD50;&#xC721; &#xD575;&#xC2EC; &#xD3EC;&#xC778;&#xD2B8;</p>
                          <p style=""margin:0;font-size:14px;line-height:1.8;color:#0e2233;font-family:'Malgun Gothic', '맑은 고딕', 'Apple SD Gothic Neo', 'Segoe UI', Helvetica, Arial, sans-serif;"">숫자와 서술형 의견을 한 장의 스토리로 묶어야 경영진이 이해하기 쉽다는 점</p>
                        </td>
                      </tr>
                    </table>
                  </td>
                  <!-- Card 4: Comment -->
                  <td width=""50%"" valign=""top"" style=""padding:0 0 12px 6px;"">
                    <table role=""presentation"" width=""100%"" cellpadding=""0"" cellspacing=""0"" border=""0"" style=""background-color:#f7fafa;border:1px solid #dae4ec;"">
                      <tr>
                        <td style=""padding:16px 18px;"">
                          <p style=""margin:0 0 8px 0;font-size:11px;font-weight:bold;color:#0d8f84;letter-spacing:0.06em;font-family:'Malgun Gothic', '맑은 고딕', 'Apple SD Gothic Neo', 'Segoe UI', Helvetica, Arial, sans-serif;"">&#9654; &#xCC38;&#xAC00;&#xC790; &#xCF54;&#xBA58;&#xD2B8;</p>
                          <p style=""margin:0;font-size:14px;line-height:1.8;color:#0e2233;font-family:'Malgun Gothic', '맑은 고딕', 'Apple SD Gothic Neo', 'Segoe UI', Helvetica, Arial, sans-serif;"">보고용 스토리라인을 먼저 잡고 데이터를 넣는 방식이 도움이 됐다. 교육 후 실행으로 이어지는 그림을 잡는 데 큰 도움이 됐다. 중간 Q&amp;A 시간을 한 번 더 넣어주면 이해가 더 안정될 것 같다.</p>
                        </td>
                      </tr>
                    </table>
                  </td>
                </tr>
              </table>
            </td>
          </tr>

          <!-- ========== NEXT ACTION ========== -->
          <tr>
            <td style=""padding:6px 36px 20px 36px;"">
              <table role=""presentation"" width=""100%"" cellpadding=""0"" cellspacing=""0"" border=""0"" style=""background-color:#0d8f84;"">
                <tr>
                  <td style=""padding:20px 24px;"">
                    <p style=""margin:0 0 6px 0;font-size:11px;font-weight:bold;letter-spacing:0.1em;color:#b8e6e0;font-family:'Malgun Gothic', '맑은 고딕', 'Apple SD Gothic Neo', 'Segoe UI', Helvetica, Arial, sans-serif;"">NEXT ACTION</p>
                    <p style=""margin:0;font-size:16px;line-height:1.8;font-weight:bold;color:#ffffff;font-family:'Malgun Gothic', '맑은 고딕', 'Apple SD Gothic Neo', 'Segoe UI', Helvetica, Arial, sans-serif;"">경영진 공유용 슬라이드 템플릿 초안 작성 및 제출</p>
                  </td>
                </tr>
              </table>
            </td>
          </tr>

          <!-- ========== SIGNATURE ========== -->
          <tr>
            <td style=""padding:0 36px 36px 36px;"">
              <table role=""presentation"" width=""100%"" cellpadding=""0"" cellspacing=""0"" border=""0"" style=""border-top:1px solid #dae4ec;"">
                <tr>
                  <td style=""padding:20px 0 0 0;font-size:13px;line-height:1.9;color:#4a6a82;font-family:'Malgun Gothic', '맑은 고딕', 'Apple SD Gothic Neo', 'Segoe UI', Helvetica, Arial, sans-serif;"">
                    감사합니다.<br />
                    정유라<br />
                    현대제철 컬처디자인팀
                  </td>
                </tr>
              </table>
            </td>
          </tr>

        </table>
        <!--[if mso]></td></tr></table><![endif]-->

      </td>
    </tr>
  </table>

</body>
</html>
",sample_data/교육_액션플랜_데이터_feedback_output_html_preview/015_구서현.html,completed,glm-4.5-air,2026-07-21T21:21:00
P016,권도현,participant016@hrd-ai-demo.example.com,넥스트모빌리티,조직문화팀,매니저,조직문화,개인 역량에 의존하던 AI 활용을 팀 단위의 재사용 자산으로 남기겠다,사내에서 자주 쓰는 프롬프트를 역할·맥락·입력자료·출력형식 템플릿으로 정리,담당자마다 품질 편차가 줄고 비슷한 작업을 반복할 때 초안 속도가 빨라진다,프롬프트를 감으로 쓰지 않고 구조화하는 법을 배운 점이 유용했다. 현업 사례가 더 세분화되면 우리 조직에 옮겨 담기 쉬울 것 같다. 다만 오전 기술 동향 파트는 초급자에게 조금 빠르게 느껴질 수 있었다.,출력형식과 품질기준을 먼저 정해야 결과가 안정된다는 점,한충석,"[교육 후속] 권도현 매니저님, 액션플랜 실행을 위한 지원","권도현 매니저님, 교육에 참여해 주셔서 감사합니다. 계획하신 대로 사내 프롬프트를 역할과 맥락별 템플릿으로 정리하여 팀 단위의 자산으로 만들어 봅시다. 이를 통해 업무 초안 속도를 높이고 품질 편차를 줄이는 성과를 기대하겠습니다.",프롬프트 템플릿 정리 후 적용 결과 공유,ok,"<!DOCTYPE html PUBLIC ""-//W3C//DTD XHTML 1.0 Transitional//EN"" ""http://www.w3.org/TR/xhtml1/DTD/xhtml1-transitional.dtd"">
<html xmlns=""http://www.w3.org/1999/xhtml"" lang=""ko"">
<head>
  <meta http-equiv=""Content-Type"" content=""text/html; charset=utf-8"" />
  <meta name=""viewport"" content=""width=device-width, initial-scale=1.0"" />
  <title>[교육 후속] 권도현 매니저님, 액션플랜 실행을 위한 지원</title>
  <!--[if mso]>
  <style type=""text/css"">
    table { border-collapse: collapse; }
    td { font-family: 'Malgun Gothic', '맑은 고딕', 'Apple SD Gothic Neo', 'Segoe UI', Helvetica, Arial, sans-serif; }
  </style>
  <![endif]-->
</head>
<body style=""margin:0;padding:0;background-color:#eaf1f5;font-family:'Malgun Gothic', '맑은 고딕', 'Apple SD Gothic Neo', 'Segoe UI', Helvetica, Arial, sans-serif;font-size:15px;line-height:1.7;color:#0e2233;-webkit-text-size-adjust:100%;-ms-text-size-adjust:100%;"">

  <!-- Outer wrapper table for centering -->
  <table role=""presentation"" width=""100%"" cellpadding=""0"" cellspacing=""0"" border=""0"" style=""background-color:#eaf1f5;"">
    <tr>
      <td align=""center"" style=""padding:40px 16px 50px 16px;"">

        <!--[if mso]><table role=""presentation"" width=""680"" cellpadding=""0"" cellspacing=""0"" border=""0"" align=""center""><tr><td><![endif]-->
        <table role=""presentation"" width=""100%"" cellpadding=""0"" cellspacing=""0"" border=""0"" style=""max-width:680px;margin:0 auto;background-color:#ffffff;border:1px solid #d4e1e8;"">

          <!-- ========== HEADER ========== -->
          <tr>
            <td style=""padding:34px 36px 24px 36px;background-color:#f3f9f8;border-bottom:2px solid #0d8f84;"">
              <!-- Eyebrow badge -->
              <table role=""presentation"" cellpadding=""0"" cellspacing=""0"" border=""0"">
                <tr>
                  <td style=""background-color:#e6f4f2;padding:5px 14px;font-size:11px;font-weight:bold;color:#094d47;letter-spacing:0.08em;font-family:'Malgun Gothic', '맑은 고딕', 'Apple SD Gothic Neo', 'Segoe UI', Helvetica, Arial, sans-serif;"">
                    &#9679;&nbsp; 현대제철 리더십 교육 F/U
                  </td>
                </tr>
              </table>
              <!-- Title -->
              <h1 style=""margin:16px 0 8px 0;font-size:24px;font-weight:bold;line-height:1.35;color:#091e2f;font-family:'Malgun Gothic', '맑은 고딕', 'Apple SD Gothic Neo', 'Segoe UI', Helvetica, Arial, sans-serif;"">[교육 후속] 권도현 매니저님, 액션플랜 실행을 위한 지원</h1>
              <!-- Recipient info -->
              <p style=""margin:0;font-size:14px;line-height:1.7;color:#4a6a82;font-family:'Malgun Gothic', '맑은 고딕', 'Apple SD Gothic Neo', 'Segoe UI', Helvetica, Arial, sans-serif;"">권도현&#xB2D8; &middot; 넥스트모빌리티 조직문화팀 &middot; 매니저</p>
            </td>
          </tr>

          <!-- ========== BODY ========== -->
          <tr>
            <td style=""padding:30px 36px 10px 36px;"">
              <p style=""margin:0 0 18px 0;font-size:15px;font-weight:bold;color:#094d47;font-family:'Malgun Gothic', '맑은 고딕', 'Apple SD Gothic Neo', 'Segoe UI', Helvetica, Arial, sans-serif;"">권도현&#xB2D8; &#xC548;&#xB155;&#xD558;&#xC138;&#xC694;.</p>
              <p style=""margin:0 0 14px 0;font-size:15px;line-height:1.9;color:#0e2233;"">권도현 매니저님, 교육에 참여해 주셔서 감사합니다.</p>
<p style=""margin:0 0 14px 0;font-size:15px;line-height:1.9;color:#0e2233;"">계획하신 대로 사내 프롬프트를 역할과 맥락별 템플릿으로 정리하여 팀 단위의 자산으로 만들어 봅시다.</p>
<p style=""margin:0 0 14px 0;font-size:15px;line-height:1.9;color:#0e2233;"">이를 통해 업무 초안 속도를 높이고 품질 편차를 줄이는 성과를 기대하겠습니다.</p>
            </td>
          </tr>

          <!-- ========== INFO CARDS (2x2 table) ========== -->
          <tr>
            <td style=""padding:0 36px 10px 36px;"">
              <table role=""presentation"" width=""100%"" cellpadding=""0"" cellspacing=""0"" border=""0"">
                <tr>
                  <!-- Card 1: Action Plan -->
                  <td width=""50%"" valign=""top"" style=""padding:0 6px 12px 0;"">
                    <table role=""presentation"" width=""100%"" cellpadding=""0"" cellspacing=""0"" border=""0"" style=""background-color:#f7fafa;border:1px solid #dae4ec;"">
                      <tr>
                        <td style=""padding:16px 18px;"">
                          <p style=""margin:0 0 8px 0;font-size:11px;font-weight:bold;color:#0d8f84;letter-spacing:0.06em;font-family:'Malgun Gothic', '맑은 고딕', 'Apple SD Gothic Neo', 'Segoe UI', Helvetica, Arial, sans-serif;"">&#9654; &#xD575;&#xC2EC; &#xC2E4;&#xD589;&#xACC4;&#xD68D;</p>
                          <p style=""margin:0;font-size:14px;line-height:1.8;color:#0e2233;font-family:'Malgun Gothic', '맑은 고딕', 'Apple SD Gothic Neo', 'Segoe UI', Helvetica, Arial, sans-serif;"">사내에서 자주 쓰는 프롬프트를 역할·맥락·입력자료·출력형식 템플릿으로 정리</p>
                        </td>
                      </tr>
                    </table>
                  </td>
                  <!-- Card 2: Expected Behavior -->
                  <td width=""50%"" valign=""top"" style=""padding:0 0 12px 6px;"">
                    <table role=""presentation"" width=""100%"" cellpadding=""0"" cellspacing=""0"" border=""0"" style=""background-color:#f7fafa;border:1px solid #dae4ec;"">
                      <tr>
                        <td style=""padding:16px 18px;"">
                          <p style=""margin:0 0 8px 0;font-size:11px;font-weight:bold;color:#0d8f84;letter-spacing:0.06em;font-family:'Malgun Gothic', '맑은 고딕', 'Apple SD Gothic Neo', 'Segoe UI', Helvetica, Arial, sans-serif;"">&#9654; &#xAE30;&#xB300; &#xD589;&#xB3D9;</p>
                          <p style=""margin:0;font-size:14px;line-height:1.8;color:#0e2233;font-family:'Malgun Gothic', '맑은 고딕', 'Apple SD Gothic Neo', 'Segoe UI', Helvetica, Arial, sans-serif;"">담당자마다 품질 편차가 줄고 비슷한 작업을 반복할 때 초안 속도가 빨라진다</p>
                        </td>
                      </tr>
                    </table>
                  </td>
                </tr>
                <tr>
                  <!-- Card 3: Key Takeaway -->
                  <td width=""50%"" valign=""top"" style=""padding:0 6px 12px 0;"">
                    <table role=""presentation"" width=""100%"" cellpadding=""0"" cellspacing=""0"" border=""0"" style=""background-color:#f7fafa;border:1px solid #dae4ec;"">
                      <tr>
                        <td style=""padding:16px 18px;"">
                          <p style=""margin:0 0 8px 0;font-size:11px;font-weight:bold;color:#0d8f84;letter-spacing:0.06em;font-family:'Malgun Gothic', '맑은 고딕', 'Apple SD Gothic Neo', 'Segoe UI', Helvetica, Arial, sans-serif;"">&#9654; &#xAD50;&#xC721; &#xD575;&#xC2EC; &#xD3EC;&#xC778;&#xD2B8;</p>
                          <p style=""margin:0;font-size:14px;line-height:1.8;color:#0e2233;font-family:'Malgun Gothic', '맑은 고딕', 'Apple SD Gothic Neo', 'Segoe UI', Helvetica, Arial, sans-serif;"">출력형식과 품질기준을 먼저 정해야 결과가 안정된다는 점</p>
                        </td>
                      </tr>
                    </table>
                  </td>
                  <!-- Card 4: Comment -->
                  <td width=""50%"" valign=""top"" style=""padding:0 0 12px 6px;"">
                    <table role=""presentation"" width=""100%"" cellpadding=""0"" cellspacing=""0"" border=""0"" style=""background-color:#f7fafa;border:1px solid #dae4ec;"">
                      <tr>
                        <td style=""padding:16px 18px;"">
                          <p style=""margin:0 0 8px 0;font-size:11px;font-weight:bold;color:#0d8f84;letter-spacing:0.06em;font-family:'Malgun Gothic', '맑은 고딕', 'Apple SD Gothic Neo', 'Segoe UI', Helvetica, Arial, sans-serif;"">&#9654; &#xCC38;&#xAC00;&#xC790; &#xCF54;&#xBA58;&#xD2B8;</p>
                          <p style=""margin:0;font-size:14px;line-height:1.8;color:#0e2233;font-family:'Malgun Gothic', '맑은 고딕', 'Apple SD Gothic Neo', 'Segoe UI', Helvetica, Arial, sans-serif;"">프롬프트를 감으로 쓰지 않고 구조화하는 법을 배운 점이 유용했다. 현업 사례가 더 세분화되면 우리 조직에 옮겨 담기 쉬울 것 같다. 다만 오전 기술 동향 파트는 초급자에게 조금 빠르게 느껴질 수 있었다.</p>
                        </td>
                      </tr>
                    </table>
                  </td>
                </tr>
              </table>
            </td>
          </tr>

          <!-- ========== NEXT ACTION ========== -->
          <tr>
            <td style=""padding:6px 36px 20px 36px;"">
              <table role=""presentation"" width=""100%"" cellpadding=""0"" cellspacing=""0"" border=""0"" style=""background-color:#0d8f84;"">
                <tr>
                  <td style=""padding:20px 24px;"">
                    <p style=""margin:0 0 6px 0;font-size:11px;font-weight:bold;letter-spacing:0.1em;color:#b8e6e0;font-family:'Malgun Gothic', '맑은 고딕', 'Apple SD Gothic Neo', 'Segoe UI', Helvetica, Arial, sans-serif;"">NEXT ACTION</p>
                    <p style=""margin:0;font-size:16px;line-height:1.8;font-weight:bold;color:#ffffff;font-family:'Malgun Gothic', '맑은 고딕', 'Apple SD Gothic Neo', 'Segoe UI', Helvetica, Arial, sans-serif;"">프롬프트 템플릿 정리 후 적용 결과 공유</p>
                  </td>
                </tr>
              </table>
            </td>
          </tr>

          <!-- ========== SIGNATURE ========== -->
          <tr>
            <td style=""padding:0 36px 36px 36px;"">
              <table role=""presentation"" width=""100%"" cellpadding=""0"" cellspacing=""0"" border=""0"" style=""border-top:1px solid #dae4ec;"">
                <tr>
                  <td style=""padding:20px 0 0 0;font-size:13px;line-height:1.9;color:#4a6a82;font-family:'Malgun Gothic', '맑은 고딕', 'Apple SD Gothic Neo', 'Segoe UI', Helvetica, Arial, sans-serif;"">
                    감사합니다.<br />
                    한충석<br />
                    현대제철 컬처디자인팀
                  </td>
                </tr>
              </table>
            </td>
          </tr>

        </table>
        <!--[if mso]></td></tr></table><![endif]-->

      </td>
    </tr>
  </table>

</body>
</html>
",sample_data/교육_액션플랜_데이터_feedback_output_html_preview/016_권도현.html,completed,glm-4.5-air,2026-07-21T21:21:54
P017,김나율,participant017@hrd-ai-demo.example.com,미래소재,DX인재육성파트,선임,DX교육,사내 교육 운영에서도 웹 기반 정보 제공 방식을 자연스럽게 정착시키겠다,GitHub Pages 기반 교육 안내 페이지 제작 프로세스를 팀 표준으로 정리,교육 안내 페이지를 빠르게 배포하고 모바일 접근성을 기본값으로 맞춘다,페이지를 단순히 예쁘게 만드는 것이 아니라 운영 리스크를 줄이는 관점이 좋았다. 실습 전 사전 안내가 조금 더 구조화되면 따라가기 한결 수월하겠다. 다만 오전 기술 동향 파트는 초급자에게 조금 빠르게 느껴질 수 있었다.,모바일 우선 설계가 운영 효율과 직결된다는 점,박서윤,[교육 F/U] GitHub Pages 기반 교육 안내 페이지 표준 정립 안내,"김나율 선임님, 모바일 우선 설계가 운영 효율에 미치는 영향을 깊이 고민해 주셔서 감사합니다. 제안하신 대로 GitHub Pages 기반 교육 안내 페이지 제작 프로세스를 팀 표준으로 정리하여 웹 기반 정보 제공 방식을 정착시켜 주시기 바랍니다. 특히 모바일 접근성을 기본으로 설정하여 페이지를 빠르게 배포해 주시길 기대합니다.",GitHub Pages 제작 프로세스 팀 표준 정립 및 가이드 배포,ok,"<!DOCTYPE html PUBLIC ""-//W3C//DTD XHTML 1.0 Transitional//EN"" ""http://www.w3.org/TR/xhtml1/DTD/xhtml1-transitional.dtd"">
<html xmlns=""http://www.w3.org/1999/xhtml"" lang=""ko"">
<head>
  <meta http-equiv=""Content-Type"" content=""text/html; charset=utf-8"" />
  <meta name=""viewport"" content=""width=device-width, initial-scale=1.0"" />
  <title>[교육 F/U] GitHub Pages 기반 교육 안내 페이지 표준 정립 안내</title>
  <!--[if mso]>
  <style type=""text/css"">
    table { border-collapse: collapse; }
    td { font-family: 'Malgun Gothic', '맑은 고딕', 'Apple SD Gothic Neo', 'Segoe UI', Helvetica, Arial, sans-serif; }
  </style>
  <![endif]-->
</head>
<body style=""margin:0;padding:0;background-color:#eaf1f5;font-family:'Malgun Gothic', '맑은 고딕', 'Apple SD Gothic Neo', 'Segoe UI', Helvetica, Arial, sans-serif;font-size:15px;line-height:1.7;color:#0e2233;-webkit-text-size-adjust:100%;-ms-text-size-adjust:100%;"">

  <!-- Outer wrapper table for centering -->
  <table role=""presentation"" width=""100%"" cellpadding=""0"" cellspacing=""0"" border=""0"" style=""background-color:#eaf1f5;"">
    <tr>
      <td align=""center"" style=""padding:40px 16px 50px 16px;"">

        <!--[if mso]><table role=""presentation"" width=""680"" cellpadding=""0"" cellspacing=""0"" border=""0"" align=""center""><tr><td><![endif]-->
        <table role=""presentation"" width=""100%"" cellpadding=""0"" cellspacing=""0"" border=""0"" style=""max-width:680px;margin:0 auto;background-color:#ffffff;border:1px solid #d4e1e8;"">

          <!-- ========== HEADER ========== -->
          <tr>
            <td style=""padding:34px 36px 24px 36px;background-color:#f3f9f8;border-bottom:2px solid #0d8f84;"">
              <!-- Eyebrow badge -->
              <table role=""presentation"" cellpadding=""0"" cellspacing=""0"" border=""0"">
                <tr>
                  <td style=""background-color:#e6f4f2;padding:5px 14px;font-size:11px;font-weight:bold;color:#094d47;letter-spacing:0.08em;font-family:'Malgun Gothic', '맑은 고딕', 'Apple SD Gothic Neo', 'Segoe UI', Helvetica, Arial, sans-serif;"">
                    &#9679;&nbsp; 현대제철 리더십 교육 F/U
                  </td>
                </tr>
              </table>
              <!-- Title -->
              <h1 style=""margin:16px 0 8px 0;font-size:24px;font-weight:bold;line-height:1.35;color:#091e2f;font-family:'Malgun Gothic', '맑은 고딕', 'Apple SD Gothic Neo', 'Segoe UI', Helvetica, Arial, sans-serif;"">[교육 F/U] GitHub Pages 기반 교육 안내 페이지 표준 정립 안내</h1>
              <!-- Recipient info -->
              <p style=""margin:0;font-size:14px;line-height:1.7;color:#4a6a82;font-family:'Malgun Gothic', '맑은 고딕', 'Apple SD Gothic Neo', 'Segoe UI', Helvetica, Arial, sans-serif;"">김나율&#xB2D8; &middot; 미래소재 DX인재육성파트 &middot; 선임</p>
            </td>
          </tr>

          <!-- ========== BODY ========== -->
          <tr>
            <td style=""padding:30px 36px 10px 36px;"">
              <p style=""margin:0 0 18px 0;font-size:15px;font-weight:bold;color:#094d47;font-family:'Malgun Gothic', '맑은 고딕', 'Apple SD Gothic Neo', 'Segoe UI', Helvetica, Arial, sans-serif;"">김나율&#xB2D8; &#xC548;&#xB155;&#xD558;&#xC138;&#xC694;.</p>
              <p style=""margin:0 0 14px 0;font-size:15px;line-height:1.9;color:#0e2233;"">김나율 선임님, 모바일 우선 설계가 운영 효율에 미치는 영향을 깊이 고민해 주셔서 감사합니다.</p>
<p style=""margin:0 0 14px 0;font-size:15px;line-height:1.9;color:#0e2233;"">제안하신 대로 GitHub Pages 기반 교육 안내 페이지 제작 프로세스를 팀 표준으로 정리하여 웹 기반 정보 제공 방식을 정착시켜 주시기 바랍니다.</p>
<p style=""margin:0 0 14px 0;font-size:15px;line-height:1.9;color:#0e2233;"">특히 모바일 접근성을 기본으로 설정하여 페이지를 빠르게 배포해 주시길 기대합니다.</p>
            </td>
          </tr>

          <!-- ========== INFO CARDS (2x2 table) ========== -->
          <tr>
            <td style=""padding:0 36px 10px 36px;"">
              <table role=""presentation"" width=""100%"" cellpadding=""0"" cellspacing=""0"" border=""0"">
                <tr>
                  <!-- Card 1: Action Plan -->
                  <td width=""50%"" valign=""top"" style=""padding:0 6px 12px 0;"">
                    <table role=""presentation"" width=""100%"" cellpadding=""0"" cellspacing=""0"" border=""0"" style=""background-color:#f7fafa;border:1px solid #dae4ec;"">
                      <tr>
                        <td style=""padding:16px 18px;"">
                          <p style=""margin:0 0 8px 0;font-size:11px;font-weight:bold;color:#0d8f84;letter-spacing:0.06em;font-family:'Malgun Gothic', '맑은 고딕', 'Apple SD Gothic Neo', 'Segoe UI', Helvetica, Arial, sans-serif;"">&#9654; &#xD575;&#xC2EC; &#xC2E4;&#xD589;&#xACC4;&#xD68D;</p>
                          <p style=""margin:0;font-size:14px;line-height:1.8;color:#0e2233;font-family:'Malgun Gothic', '맑은 고딕', 'Apple SD Gothic Neo', 'Segoe UI', Helvetica, Arial, sans-serif;"">GitHub Pages 기반 교육 안내 페이지 제작 프로세스를 팀 표준으로 정리</p>
                        </td>
                      </tr>
                    </table>
                  </td>
                  <!-- Card 2: Expected Behavior -->
                  <td width=""50%"" valign=""top"" style=""padding:0 0 12px 6px;"">
                    <table role=""presentation"" width=""100%"" cellpadding=""0"" cellspacing=""0"" border=""0"" style=""background-color:#f7fafa;border:1px solid #dae4ec;"">
                      <tr>
                        <td style=""padding:16px 18px;"">
                          <p style=""margin:0 0 8px 0;font-size:11px;font-weight:bold;color:#0d8f84;letter-spacing:0.06em;font-family:'Malgun Gothic', '맑은 고딕', 'Apple SD Gothic Neo', 'Segoe UI', Helvetica, Arial, sans-serif;"">&#9654; &#xAE30;&#xB300; &#xD589;&#xB3D9;</p>
                          <p style=""margin:0;font-size:14px;line-height:1.8;color:#0e2233;font-family:'Malgun Gothic', '맑은 고딕', 'Apple SD Gothic Neo', 'Segoe UI', Helvetica, Arial, sans-serif;"">교육 안내 페이지를 빠르게 배포하고 모바일 접근성을 기본값으로 맞춘다</p>
                        </td>
                      </tr>
                    </table>
                  </td>
                </tr>
                <tr>
                  <!-- Card 3: Key Takeaway -->
                  <td width=""50%"" valign=""top"" style=""padding:0 6px 12px 0;"">
                    <table role=""presentation"" width=""100%"" cellpadding=""0"" cellspacing=""0"" border=""0"" style=""background-color:#f7fafa;border:1px solid #dae4ec;"">
                      <tr>
                        <td style=""padding:16px 18px;"">
                          <p style=""margin:0 0 8px 0;font-size:11px;font-weight:bold;color:#0d8f84;letter-spacing:0.06em;font-family:'Malgun Gothic', '맑은 고딕', 'Apple SD Gothic Neo', 'Segoe UI', Helvetica, Arial, sans-serif;"">&#9654; &#xAD50;&#xC721; &#xD575;&#xC2EC; &#xD3EC;&#xC778;&#xD2B8;</p>
                          <p style=""margin:0;font-size:14px;line-height:1.8;color:#0e2233;font-family:'Malgun Gothic', '맑은 고딕', 'Apple SD Gothic Neo', 'Segoe UI', Helvetica, Arial, sans-serif;"">모바일 우선 설계가 운영 효율과 직결된다는 점</p>
                        </td>
                      </tr>
                    </table>
                  </td>
                  <!-- Card 4: Comment -->
                  <td width=""50%"" valign=""top"" style=""padding:0 0 12px 6px;"">
                    <table role=""presentation"" width=""100%"" cellpadding=""0"" cellspacing=""0"" border=""0"" style=""background-color:#f7fafa;border:1px solid #dae4ec;"">
                      <tr>
                        <td style=""padding:16px 18px;"">
                          <p style=""margin:0 0 8px 0;font-size:11px;font-weight:bold;color:#0d8f84;letter-spacing:0.06em;font-family:'Malgun Gothic', '맑은 고딕', 'Apple SD Gothic Neo', 'Segoe UI', Helvetica, Arial, sans-serif;"">&#9654; &#xCC38;&#xAC00;&#xC790; &#xCF54;&#xBA58;&#xD2B8;</p>
                          <p style=""margin:0;font-size:14px;line-height:1.8;color:#0e2233;font-family:'Malgun Gothic', '맑은 고딕', 'Apple SD Gothic Neo', 'Segoe UI', Helvetica, Arial, sans-serif;"">페이지를 단순히 예쁘게 만드는 것이 아니라 운영 리스크를 줄이는 관점이 좋았다. 실습 전 사전 안내가 조금 더 구조화되면 따라가기 한결 수월하겠다. 다만 오전 기술 동향 파트는 초급자에게 조금 빠르게 느껴질 수 있었다.</p>
                        </td>
                      </tr>
                    </table>
                  </td>
                </tr>
              </table>
            </td>
          </tr>

          <!-- ========== NEXT ACTION ========== -->
          <tr>
            <td style=""padding:6px 36px 20px 36px;"">
              <table role=""presentation"" width=""100%"" cellpadding=""0"" cellspacing=""0"" border=""0"" style=""background-color:#0d8f84;"">
                <tr>
                  <td style=""padding:20px 24px;"">
                    <p style=""margin:0 0 6px 0;font-size:11px;font-weight:bold;letter-spacing:0.1em;color:#b8e6e0;font-family:'Malgun Gothic', '맑은 고딕', 'Apple SD Gothic Neo', 'Segoe UI', Helvetica, Arial, sans-serif;"">NEXT ACTION</p>
                    <p style=""margin:0;font-size:16px;line-height:1.8;font-weight:bold;color:#ffffff;font-family:'Malgun Gothic', '맑은 고딕', 'Apple SD Gothic Neo', 'Segoe UI', Helvetica, Arial, sans-serif;"">GitHub Pages 제작 프로세스 팀 표준 정립 및 가이드 배포</p>
                  </td>
                </tr>
              </table>
            </td>
          </tr>

          <!-- ========== SIGNATURE ========== -->
          <tr>
            <td style=""padding:0 36px 36px 36px;"">
              <table role=""presentation"" width=""100%"" cellpadding=""0"" cellspacing=""0"" border=""0"" style=""border-top:1px solid #dae4ec;"">
                <tr>
                  <td style=""padding:20px 0 0 0;font-size:13px;line-height:1.9;color:#4a6a82;font-family:'Malgun Gothic', '맑은 고딕', 'Apple SD Gothic Neo', 'Segoe UI', Helvetica, Arial, sans-serif;"">
                    감사합니다.<br />
                    박서윤<br />
                    현대제철 컬처디자인팀
                  </td>
                </tr>
              </table>
            </td>
          </tr>

        </table>
        <!--[if mso]></td></tr></table><![endif]-->

      </td>
    </tr>
  </table>

</body>
</html>
",sample_data/교육_액션플랜_데이터_feedback_output_html_preview/017_김나율.html,completed,glm-4.5-air,2026-07-21T21:22:35
P018,김도윤,participant018@hrd-ai-demo.example.com,프라임메디텍,교육운영팀,과장,HRD,한 번의 교육을 일회성 이벤트가 아니라 행동 변화의 시작점으로 만들겠다,수강 후 4주 실행 습관을 위한 주차별 체크인 시트와 리마인드 메일을 만든다,참가자가 계획을 선언에 그치지 않고 작은 실험을 이어가도록 유도한다,교육 직후 작은 실험부터 설계하라는 메시지가 가장 현실적으로 다가왔다. 도구 설명보다 업무 문제 정의에 초점을 둔 구성이 실무적이었다. 이론과 실습의 난이도 균형은 전반적으로 적절했다.,작게 시작해 빠르게 검증하는 접근이 현업 적용 장벽을 낮춘다는 점,김민주,[현대제철] 리더십 교육 후속 안내 (김도윤 과장님),"교육에서 인상 깊게 느끼신 ‘작게 시작해 빠르게 검증하는’ 방식을 업무에 바로 적용해 보시길 권합니다. 구상하신 4주 실행 습관 형성을 위해 주차별 체크인 시트를 먼저 작성하고, 작은 실험을 실천으로 옮겨주세요.",작성한 주차별 체크인 시트 초안을 3일 이내로 팀에 공유해 주십시오.,ok,"<!DOCTYPE html PUBLIC ""-//W3C//DTD XHTML 1.0 Transitional//EN"" ""http://www.w3.org/TR/xhtml1/DTD/xhtml1-transitional.dtd"">
<html xmlns=""http://www.w3.org/1999/xhtml"" lang=""ko"">
<head>
  <meta http-equiv=""Content-Type"" content=""text/html; charset=utf-8"" />
  <meta name=""viewport"" content=""width=device-width, initial-scale=1.0"" />
  <title>[현대제철] 리더십 교육 후속 안내 (김도윤 과장님)</title>
  <!--[if mso]>
  <style type=""text/css"">
    table { border-collapse: collapse; }
    td { font-family: 'Malgun Gothic', '맑은 고딕', 'Apple SD Gothic Neo', 'Segoe UI', Helvetica, Arial, sans-serif; }
  </style>
  <![endif]-->
</head>
<body style=""margin:0;padding:0;background-color:#eaf1f5;font-family:'Malgun Gothic', '맑은 고딕', 'Apple SD Gothic Neo', 'Segoe UI', Helvetica, Arial, sans-serif;font-size:15px;line-height:1.7;color:#0e2233;-webkit-text-size-adjust:100%;-ms-text-size-adjust:100%;"">

  <!-- Outer wrapper table for centering -->
  <table role=""presentation"" width=""100%"" cellpadding=""0"" cellspacing=""0"" border=""0"" style=""background-color:#eaf1f5;"">
    <tr>
      <td align=""center"" style=""padding:40px 16px 50px 16px;"">

        <!--[if mso]><table role=""presentation"" width=""680"" cellpadding=""0"" cellspacing=""0"" border=""0"" align=""center""><tr><td><![endif]-->
        <table role=""presentation"" width=""100%"" cellpadding=""0"" cellspacing=""0"" border=""0"" style=""max-width:680px;margin:0 auto;background-color:#ffffff;border:1px solid #d4e1e8;"">

          <!-- ========== HEADER ========== -->
          <tr>
            <td style=""padding:34px 36px 24px 36px;background-color:#f3f9f8;border-bottom:2px solid #0d8f84;"">
              <!-- Eyebrow badge -->
              <table role=""presentation"" cellpadding=""0"" cellspacing=""0"" border=""0"">
                <tr>
                  <td style=""background-color:#e6f4f2;padding:5px 14px;font-size:11px;font-weight:bold;color:#094d47;letter-spacing:0.08em;font-family:'Malgun Gothic', '맑은 고딕', 'Apple SD Gothic Neo', 'Segoe UI', Helvetica, Arial, sans-serif;"">
                    &#9679;&nbsp; 현대제철 리더십 교육 F/U
                  </td>
                </tr>
              </table>
              <!-- Title -->
              <h1 style=""margin:16px 0 8px 0;font-size:24px;font-weight:bold;line-height:1.35;color:#091e2f;font-family:'Malgun Gothic', '맑은 고딕', 'Apple SD Gothic Neo', 'Segoe UI', Helvetica, Arial, sans-serif;"">[현대제철] 리더십 교육 후속 안내 (김도윤 과장님)</h1>
              <!-- Recipient info -->
              <p style=""margin:0;font-size:14px;line-height:1.7;color:#4a6a82;font-family:'Malgun Gothic', '맑은 고딕', 'Apple SD Gothic Neo', 'Segoe UI', Helvetica, Arial, sans-serif;"">김도윤&#xB2D8; &middot; 프라임메디텍 교육운영팀 &middot; 과장</p>
            </td>
          </tr>

          <!-- ========== BODY ========== -->
          <tr>
            <td style=""padding:30px 36px 10px 36px;"">
              <p style=""margin:0 0 18px 0;font-size:15px;font-weight:bold;color:#094d47;font-family:'Malgun Gothic', '맑은 고딕', 'Apple SD Gothic Neo', 'Segoe UI', Helvetica, Arial, sans-serif;"">김도윤&#xB2D8; &#xC548;&#xB155;&#xD558;&#xC138;&#xC694;.</p>
              <p style=""margin:0 0 14px 0;font-size:15px;line-height:1.9;color:#0e2233;"">교육에서 인상 깊게 느끼신 ‘작게 시작해 빠르게 검증하는’ 방식을 업무에 바로 적용해 보시길 권합니다.</p>
<p style=""margin:0 0 14px 0;font-size:15px;line-height:1.9;color:#0e2233;"">구상하신 4주 실행 습관 형성을 위해 주차별 체크인 시트를 먼저 작성하고, 작은 실험을 실천으로 옮겨주세요.</p>
            </td>
          </tr>

          <!-- ========== INFO CARDS (2x2 table) ========== -->
          <tr>
            <td style=""padding:0 36px 10px 36px;"">
              <table role=""presentation"" width=""100%"" cellpadding=""0"" cellspacing=""0"" border=""0"">
                <tr>
                  <!-- Card 1: Action Plan -->
                  <td width=""50%"" valign=""top"" style=""padding:0 6px 12px 0;"">
                    <table role=""presentation"" width=""100%"" cellpadding=""0"" cellspacing=""0"" border=""0"" style=""background-color:#f7fafa;border:1px solid #dae4ec;"">
                      <tr>
                        <td style=""padding:16px 18px;"">
                          <p style=""margin:0 0 8px 0;font-size:11px;font-weight:bold;color:#0d8f84;letter-spacing:0.06em;font-family:'Malgun Gothic', '맑은 고딕', 'Apple SD Gothic Neo', 'Segoe UI', Helvetica, Arial, sans-serif;"">&#9654; &#xD575;&#xC2EC; &#xC2E4;&#xD589;&#xACC4;&#xD68D;</p>
                          <p style=""margin:0;font-size:14px;line-height:1.8;color:#0e2233;font-family:'Malgun Gothic', '맑은 고딕', 'Apple SD Gothic Neo', 'Segoe UI', Helvetica, Arial, sans-serif;"">수강 후 4주 실행 습관을 위한 주차별 체크인 시트와 리마인드 메일을 만든다</p>
                        </td>
                      </tr>
                    </table>
                  </td>
                  <!-- Card 2: Expected Behavior -->
                  <td width=""50%"" valign=""top"" style=""padding:0 0 12px 6px;"">
                    <table role=""presentation"" width=""100%"" cellpadding=""0"" cellspacing=""0"" border=""0"" style=""background-color:#f7fafa;border:1px solid #dae4ec;"">
                      <tr>
                        <td style=""padding:16px 18px;"">
                          <p style=""margin:0 0 8px 0;font-size:11px;font-weight:bold;color:#0d8f84;letter-spacing:0.06em;font-family:'Malgun Gothic', '맑은 고딕', 'Apple SD Gothic Neo', 'Segoe UI', Helvetica, Arial, sans-serif;"">&#9654; &#xAE30;&#xB300; &#xD589;&#xB3D9;</p>
                          <p style=""margin:0;font-size:14px;line-height:1.8;color:#0e2233;font-family:'Malgun Gothic', '맑은 고딕', 'Apple SD Gothic Neo', 'Segoe UI', Helvetica, Arial, sans-serif;"">참가자가 계획을 선언에 그치지 않고 작은 실험을 이어가도록 유도한다</p>
                        </td>
                      </tr>
                    </table>
                  </td>
                </tr>
                <tr>
                  <!-- Card 3: Key Takeaway -->
                  <td width=""50%"" valign=""top"" style=""padding:0 6px 12px 0;"">
                    <table role=""presentation"" width=""100%"" cellpadding=""0"" cellspacing=""0"" border=""0"" style=""background-color:#f7fafa;border:1px solid #dae4ec;"">
                      <tr>
                        <td style=""padding:16px 18px;"">
                          <p style=""margin:0 0 8px 0;font-size:11px;font-weight:bold;color:#0d8f84;letter-spacing:0.06em;font-family:'Malgun Gothic', '맑은 고딕', 'Apple SD Gothic Neo', 'Segoe UI', Helvetica, Arial, sans-serif;"">&#9654; &#xAD50;&#xC721; &#xD575;&#xC2EC; &#xD3EC;&#xC778;&#xD2B8;</p>
                          <p style=""margin:0;font-size:14px;line-height:1.8;color:#0e2233;font-family:'Malgun Gothic', '맑은 고딕', 'Apple SD Gothic Neo', 'Segoe UI', Helvetica, Arial, sans-serif;"">작게 시작해 빠르게 검증하는 접근이 현업 적용 장벽을 낮춘다는 점</p>
                        </td>
                      </tr>
                    </table>
                  </td>
                  <!-- Card 4: Comment -->
                  <td width=""50%"" valign=""top"" style=""padding:0 0 12px 6px;"">
                    <table role=""presentation"" width=""100%"" cellpadding=""0"" cellspacing=""0"" border=""0"" style=""background-color:#f7fafa;border:1px solid #dae4ec;"">
                      <tr>
                        <td style=""padding:16px 18px;"">
                          <p style=""margin:0 0 8px 0;font-size:11px;font-weight:bold;color:#0d8f84;letter-spacing:0.06em;font-family:'Malgun Gothic', '맑은 고딕', 'Apple SD Gothic Neo', 'Segoe UI', Helvetica, Arial, sans-serif;"">&#9654; &#xCC38;&#xAC00;&#xC790; &#xCF54;&#xBA58;&#xD2B8;</p>
                          <p style=""margin:0;font-size:14px;line-height:1.8;color:#0e2233;font-family:'Malgun Gothic', '맑은 고딕', 'Apple SD Gothic Neo', 'Segoe UI', Helvetica, Arial, sans-serif;"">교육 직후 작은 실험부터 설계하라는 메시지가 가장 현실적으로 다가왔다. 도구 설명보다 업무 문제 정의에 초점을 둔 구성이 실무적이었다. 이론과 실습의 난이도 균형은 전반적으로 적절했다.</p>
                        </td>
                      </tr>
                    </table>
                  </td>
                </tr>
              </table>
            </td>
          </tr>

          <!-- ========== NEXT ACTION ========== -->
          <tr>
            <td style=""padding:6px 36px 20px 36px;"">
              <table role=""presentation"" width=""100%"" cellpadding=""0"" cellspacing=""0"" border=""0"" style=""background-color:#0d8f84;"">
                <tr>
                  <td style=""padding:20px 24px;"">
                    <p style=""margin:0 0 6px 0;font-size:11px;font-weight:bold;letter-spacing:0.1em;color:#b8e6e0;font-family:'Malgun Gothic', '맑은 고딕', 'Apple SD Gothic Neo', 'Segoe UI', Helvetica, Arial, sans-serif;"">NEXT ACTION</p>
                    <p style=""margin:0;font-size:16px;line-height:1.8;font-weight:bold;color:#ffffff;font-family:'Malgun Gothic', '맑은 고딕', 'Apple SD Gothic Neo', 'Segoe UI', Helvetica, Arial, sans-serif;"">작성한 주차별 체크인 시트 초안을 3일 이내로 팀에 공유해 주십시오.</p>
                  </td>
                </tr>
              </table>
            </td>
          </tr>

          <!-- ========== SIGNATURE ========== -->
          <tr>
            <td style=""padding:0 36px 36px 36px;"">
              <table role=""presentation"" width=""100%"" cellpadding=""0"" cellspacing=""0"" border=""0"" style=""border-top:1px solid #dae4ec;"">
                <tr>
                  <td style=""padding:20px 0 0 0;font-size:13px;line-height:1.9;color:#4a6a82;font-family:'Malgun Gothic', '맑은 고딕', 'Apple SD Gothic Neo', 'Segoe UI', Helvetica, Arial, sans-serif;"">
                    감사합니다.<br />
                    김민주<br />
                    현대제철 컬처디자인팀
                  </td>
                </tr>
              </table>
            </td>
          </tr>

        </table>
        <!--[if mso]></td></tr></table><![endif]-->

      </td>
    </tr>
  </table>

</body>
</html>
",sample_data/교육_액션플랜_데이터_feedback_output_html_preview/018_김도윤.html,completed,glm-4.5-air,2026-07-21T21:23:13
P019,김서우,participant019@hrd-ai-demo.example.com,하이브릭스건설,인재전략팀,차장,인재육성,좋은 사례가 묻히지 않도록 학습 자산으로 반복 활용하겠다,"사내 강사와 우수 사례 인터뷰를 FAQ, 사례 카드, 홍보 문안으로 재활용",교육의 기대효과를 수강 전부터 명확히 전달해 참여 의지를 높인다,기존 사례를 재가공해 여러 산출물로 확장하는 흐름이 특히 인상 깊었다. 강사의 설명이 기술 용어를 과하게 쓰지 않아 이해가 쉬웠다. 실습 데이터 예시가 한두 건 더 있었으면 비교 설명이 쉬웠을 것 같다.,AI를 초안 작성에 쓰고 사람은 사실관계와 맥락을 최종 점검하면 된다는 점,이도현,[현대제철] 리더십 교육 액션플랜 실행 가이드,"김서우 차장님, 기존 사례를 재가공해 학습 자산으로 확장하려는 포부가 돋보입니다. 액션플랜대로 사내 강사 인터뷰와 우수 사례를 FAQ, 사례 카드 등으로 발전시켜 주시고, 이를 통해 교육의 기대효과를 수강생에게 명확히 전달해 주시기 바랍니다.","강사 인터뷰 및 사례 자료를 FAQ, 사례 카드, 홍보 문안으로 재활용하고 교육 기대효과 전달 방안 적용",ok,"<!DOCTYPE html PUBLIC ""-//W3C//DTD XHTML 1.0 Transitional//EN"" ""http://www.w3.org/TR/xhtml1/DTD/xhtml1-transitional.dtd"">
<html xmlns=""http://www.w3.org/1999/xhtml"" lang=""ko"">
<head>
  <meta http-equiv=""Content-Type"" content=""text/html; charset=utf-8"" />
  <meta name=""viewport"" content=""width=device-width, initial-scale=1.0"" />
  <title>[현대제철] 리더십 교육 액션플랜 실행 가이드</title>
  <!--[if mso]>
  <style type=""text/css"">
    table { border-collapse: collapse; }
    td { font-family: 'Malgun Gothic', '맑은 고딕', 'Apple SD Gothic Neo', 'Segoe UI', Helvetica, Arial, sans-serif; }
  </style>
  <![endif]-->
</head>
<body style=""margin:0;padding:0;background-color:#eaf1f5;font-family:'Malgun Gothic', '맑은 고딕', 'Apple SD Gothic Neo', 'Segoe UI', Helvetica, Arial, sans-serif;font-size:15px;line-height:1.7;color:#0e2233;-webkit-text-size-adjust:100%;-ms-text-size-adjust:100%;"">

  <!-- Outer wrapper table for centering -->
  <table role=""presentation"" width=""100%"" cellpadding=""0"" cellspacing=""0"" border=""0"" style=""background-color:#eaf1f5;"">
    <tr>
      <td align=""center"" style=""padding:40px 16px 50px 16px;"">

        <!--[if mso]><table role=""presentation"" width=""680"" cellpadding=""0"" cellspacing=""0"" border=""0"" align=""center""><tr><td><![endif]-->
        <table role=""presentation"" width=""100%"" cellpadding=""0"" cellspacing=""0"" border=""0"" style=""max-width:680px;margin:0 auto;background-color:#ffffff;border:1px solid #d4e1e8;"">

          <!-- ========== HEADER ========== -->
          <tr>
            <td style=""padding:34px 36px 24px 36px;background-color:#f3f9f8;border-bottom:2px solid #0d8f84;"">
              <!-- Eyebrow badge -->
              <table role=""presentation"" cellpadding=""0"" cellspacing=""0"" border=""0"">
                <tr>
                  <td style=""background-color:#e6f4f2;padding:5px 14px;font-size:11px;font-weight:bold;color:#094d47;letter-spacing:0.08em;font-family:'Malgun Gothic', '맑은 고딕', 'Apple SD Gothic Neo', 'Segoe UI', Helvetica, Arial, sans-serif;"">
                    &#9679;&nbsp; 현대제철 리더십 교육 F/U
                  </td>
                </tr>
              </table>
              <!-- Title -->
              <h1 style=""margin:16px 0 8px 0;font-size:24px;font-weight:bold;line-height:1.35;color:#091e2f;font-family:'Malgun Gothic', '맑은 고딕', 'Apple SD Gothic Neo', 'Segoe UI', Helvetica, Arial, sans-serif;"">[현대제철] 리더십 교육 액션플랜 실행 가이드</h1>
              <!-- Recipient info -->
              <p style=""margin:0;font-size:14px;line-height:1.7;color:#4a6a82;font-family:'Malgun Gothic', '맑은 고딕', 'Apple SD Gothic Neo', 'Segoe UI', Helvetica, Arial, sans-serif;"">김서우&#xB2D8; &middot; 하이브릭스건설 인재전략팀 &middot; 차장</p>
            </td>
          </tr>

          <!-- ========== BODY ========== -->
          <tr>
            <td style=""padding:30px 36px 10px 36px;"">
              <p style=""margin:0 0 18px 0;font-size:15px;font-weight:bold;color:#094d47;font-family:'Malgun Gothic', '맑은 고딕', 'Apple SD Gothic Neo', 'Segoe UI', Helvetica, Arial, sans-serif;"">김서우&#xB2D8; &#xC548;&#xB155;&#xD558;&#xC138;&#xC694;.</p>
              <p style=""margin:0 0 14px 0;font-size:15px;line-height:1.9;color:#0e2233;"">김서우 차장님, 기존 사례를 재가공해 학습 자산으로 확장하려는 포부가 돋보입니다.</p>
<p style=""margin:0 0 14px 0;font-size:15px;line-height:1.9;color:#0e2233;"">액션플랜대로 사내 강사 인터뷰와 우수 사례를 FAQ, 사례 카드 등으로 발전시켜 주시고, 이를 통해 교육의 기대효과를 수강생에게 명확히 전달해 주시기 바랍니다.</p>
            </td>
          </tr>

          <!-- ========== INFO CARDS (2x2 table) ========== -->
          <tr>
            <td style=""padding:0 36px 10px 36px;"">
              <table role=""presentation"" width=""100%"" cellpadding=""0"" cellspacing=""0"" border=""0"">
                <tr>
                  <!-- Card 1: Action Plan -->
                  <td width=""50%"" valign=""top"" style=""padding:0 6px 12px 0;"">
                    <table role=""presentation"" width=""100%"" cellpadding=""0"" cellspacing=""0"" border=""0"" style=""background-color:#f7fafa;border:1px solid #dae4ec;"">
                      <tr>
                        <td style=""padding:16px 18px;"">
                          <p style=""margin:0 0 8px 0;font-size:11px;font-weight:bold;color:#0d8f84;letter-spacing:0.06em;font-family:'Malgun Gothic', '맑은 고딕', 'Apple SD Gothic Neo', 'Segoe UI', Helvetica, Arial, sans-serif;"">&#9654; &#xD575;&#xC2EC; &#xC2E4;&#xD589;&#xACC4;&#xD68D;</p>
                          <p style=""margin:0;font-size:14px;line-height:1.8;color:#0e2233;font-family:'Malgun Gothic', '맑은 고딕', 'Apple SD Gothic Neo', 'Segoe UI', Helvetica, Arial, sans-serif;"">사내 강사와 우수 사례 인터뷰를 FAQ, 사례 카드, 홍보 문안으로 재활용</p>
                        </td>
                      </tr>
                    </table>
                  </td>
                  <!-- Card 2: Expected Behavior -->
                  <td width=""50%"" valign=""top"" style=""padding:0 0 12px 6px;"">
                    <table role=""presentation"" width=""100%"" cellpadding=""0"" cellspacing=""0"" border=""0"" style=""background-color:#f7fafa;border:1px solid #dae4ec;"">
                      <tr>
                        <td style=""padding:16px 18px;"">
                          <p style=""margin:0 0 8px 0;font-size:11px;font-weight:bold;color:#0d8f84;letter-spacing:0.06em;font-family:'Malgun Gothic', '맑은 고딕', 'Apple SD Gothic Neo', 'Segoe UI', Helvetica, Arial, sans-serif;"">&#9654; &#xAE30;&#xB300; &#xD589;&#xB3D9;</p>
                          <p style=""margin:0;font-size:14px;line-height:1.8;color:#0e2233;font-family:'Malgun Gothic', '맑은 고딕', 'Apple SD Gothic Neo', 'Segoe UI', Helvetica, Arial, sans-serif;"">교육의 기대효과를 수강 전부터 명확히 전달해 참여 의지를 높인다</p>
                        </td>
                      </tr>
                    </table>
                  </td>
                </tr>
                <tr>
                  <!-- Card 3: Key Takeaway -->
                  <td width=""50%"" valign=""top"" style=""padding:0 6px 12px 0;"">
                    <table role=""presentation"" width=""100%"" cellpadding=""0"" cellspacing=""0"" border=""0"" style=""background-color:#f7fafa;border:1px solid #dae4ec;"">
                      <tr>
                        <td style=""padding:16px 18px;"">
                          <p style=""margin:0 0 8px 0;font-size:11px;font-weight:bold;color:#0d8f84;letter-spacing:0.06em;font-family:'Malgun Gothic', '맑은 고딕', 'Apple SD Gothic Neo', 'Segoe UI', Helvetica, Arial, sans-serif;"">&#9654; &#xAD50;&#xC721; &#xD575;&#xC2EC; &#xD3EC;&#xC778;&#xD2B8;</p>
                          <p style=""margin:0;font-size:14px;line-height:1.8;color:#0e2233;font-family:'Malgun Gothic', '맑은 고딕', 'Apple SD Gothic Neo', 'Segoe UI', Helvetica, Arial, sans-serif;"">AI를 초안 작성에 쓰고 사람은 사실관계와 맥락을 최종 점검하면 된다는 점</p>
                        </td>
                      </tr>
                    </table>
                  </td>
                  <!-- Card 4: Comment -->
                  <td width=""50%"" valign=""top"" style=""padding:0 0 12px 6px;"">
                    <table role=""presentation"" width=""100%"" cellpadding=""0"" cellspacing=""0"" border=""0"" style=""background-color:#f7fafa;border:1px solid #dae4ec;"">
                      <tr>
                        <td style=""padding:16px 18px;"">
                          <p style=""margin:0 0 8px 0;font-size:11px;font-weight:bold;color:#0d8f84;letter-spacing:0.06em;font-family:'Malgun Gothic', '맑은 고딕', 'Apple SD Gothic Neo', 'Segoe UI', Helvetica, Arial, sans-serif;"">&#9654; &#xCC38;&#xAC00;&#xC790; &#xCF54;&#xBA58;&#xD2B8;</p>
                          <p style=""margin:0;font-size:14px;line-height:1.8;color:#0e2233;font-family:'Malgun Gothic', '맑은 고딕', 'Apple SD Gothic Neo', 'Segoe UI', Helvetica, Arial, sans-serif;"">기존 사례를 재가공해 여러 산출물로 확장하는 흐름이 특히 인상 깊었다. 강사의 설명이 기술 용어를 과하게 쓰지 않아 이해가 쉬웠다. 실습 데이터 예시가 한두 건 더 있었으면 비교 설명이 쉬웠을 것 같다.</p>
                        </td>
                      </tr>
                    </table>
                  </td>
                </tr>
              </table>
            </td>
          </tr>

          <!-- ========== NEXT ACTION ========== -->
          <tr>
            <td style=""padding:6px 36px 20px 36px;"">
              <table role=""presentation"" width=""100%"" cellpadding=""0"" cellspacing=""0"" border=""0"" style=""background-color:#0d8f84;"">
                <tr>
                  <td style=""padding:20px 24px;"">
                    <p style=""margin:0 0 6px 0;font-size:11px;font-weight:bold;letter-spacing:0.1em;color:#b8e6e0;font-family:'Malgun Gothic', '맑은 고딕', 'Apple SD Gothic Neo', 'Segoe UI', Helvetica, Arial, sans-serif;"">NEXT ACTION</p>
                    <p style=""margin:0;font-size:16px;line-height:1.8;font-weight:bold;color:#ffffff;font-family:'Malgun Gothic', '맑은 고딕', 'Apple SD Gothic Neo', 'Segoe UI', Helvetica, Arial, sans-serif;"">강사 인터뷰 및 사례 자료를 FAQ, 사례 카드, 홍보 문안으로 재활용하고 교육 기대효과 전달 방안 적용</p>
                  </td>
                </tr>
              </table>
            </td>
          </tr>

          <!-- ========== SIGNATURE ========== -->
          <tr>
            <td style=""padding:0 36px 36px 36px;"">
              <table role=""presentation"" width=""100%"" cellpadding=""0"" cellspacing=""0"" border=""0"" style=""border-top:1px solid #dae4ec;"">
                <tr>
                  <td style=""padding:20px 0 0 0;font-size:13px;line-height:1.9;color:#4a6a82;font-family:'Malgun Gothic', '맑은 고딕', 'Apple SD Gothic Neo', 'Segoe UI', Helvetica, Arial, sans-serif;"">
                    감사합니다.<br />
                    이도현<br />
                    현대제철 컬처디자인팀
                  </td>
                </tr>
              </table>
            </td>
          </tr>

        </table>
        <!--[if mso]></td></tr></table><![endif]-->

      </td>
    </tr>
  </table>

</body>
</html>
",sample_data/교육_액션플랜_데이터_feedback_output_html_preview/019_김서우.html,completed,glm-4.5-air,2026-07-21T21:24:07
P020,김예린,participant020@hrd-ai-demo.example.com,온누리푸드,현장교육팀,대리,HRD,실무자가 안심하고 AI를 쓰도록 보안 가이드와 운영 기준을 함께 만들겠다,Action Plan 데이터 비식별화 기준과 외부 서비스 업로드 원칙을 정리한다,AI 활용 속도를 유지하면서도 민감정보 노출 리스크를 줄인다,편의성보다 데이터 통제 원칙을 먼저 설명한 점이 신뢰를 높였다. 중간 Q&A 시간을 한 번 더 넣어주면 이해가 더 안정될 것 같다. 기초 설명은 충분했지만 실습 난도는 한 단계 높여도 좋겠다고 느꼈다.,자동화보다 먼저 데이터 경계와 검수 단계를 정의해야 한다는 점,정유라,[현대제철] 김예린 대리님의 AI 보안 기준 정립 지원,"김예린 대리님, 실무자가 안심하고 AI를 활용할 수 있는 보안 가이드 제작을 계획하신 점을 확인했습니다. 우선 데이터 비식별화 기준과 외부 업로드 원칙을 정리하여 AI 활용 속도와 보안 균형을 맞추는 첫 단계를 진행해 주시기 바랍니다.",데이터 비식별화 기준 및 외부 서비스 업로드 원칙 정리,ok,"<!DOCTYPE html PUBLIC ""-//W3C//DTD XHTML 1.0 Transitional//EN"" ""http://www.w3.org/TR/xhtml1/DTD/xhtml1-transitional.dtd"">
<html xmlns=""http://www.w3.org/1999/xhtml"" lang=""ko"">
<head>
  <meta http-equiv=""Content-Type"" content=""text/html; charset=utf-8"" />
  <meta name=""viewport"" content=""width=device-width, initial-scale=1.0"" />
  <title>[현대제철] 김예린 대리님의 AI 보안 기준 정립 지원</title>
  <!--[if mso]>
  <style type=""text/css"">
    table { border-collapse: collapse; }
    td { font-family: 'Malgun Gothic', '맑은 고딕', 'Apple SD Gothic Neo', 'Segoe UI', Helvetica, Arial, sans-serif; }
  </style>
  <![endif]-->
</head>
<body style=""margin:0;padding:0;background-color:#eaf1f5;font-family:'Malgun Gothic', '맑은 고딕', 'Apple SD Gothic Neo', 'Segoe UI', Helvetica, Arial, sans-serif;font-size:15px;line-height:1.7;color:#0e2233;-webkit-text-size-adjust:100%;-ms-text-size-adjust:100%;"">

  <!-- Outer wrapper table for centering -->
  <table role=""presentation"" width=""100%"" cellpadding=""0"" cellspacing=""0"" border=""0"" style=""background-color:#eaf1f5;"">
    <tr>
      <td align=""center"" style=""padding:40px 16px 50px 16px;"">

        <!--[if mso]><table role=""presentation"" width=""680"" cellpadding=""0"" cellspacing=""0"" border=""0"" align=""center""><tr><td><![endif]-->
        <table role=""presentation"" width=""100%"" cellpadding=""0"" cellspacing=""0"" border=""0"" style=""max-width:680px;margin:0 auto;background-color:#ffffff;border:1px solid #d4e1e8;"">

          <!-- ========== HEADER ========== -->
          <tr>
            <td style=""padding:34px 36px 24px 36px;background-color:#f3f9f8;border-bottom:2px solid #0d8f84;"">
              <!-- Eyebrow badge -->
              <table role=""presentation"" cellpadding=""0"" cellspacing=""0"" border=""0"">
                <tr>
                  <td style=""background-color:#e6f4f2;padding:5px 14px;font-size:11px;font-weight:bold;color:#094d47;letter-spacing:0.08em;font-family:'Malgun Gothic', '맑은 고딕', 'Apple SD Gothic Neo', 'Segoe UI', Helvetica, Arial, sans-serif;"">
                    &#9679;&nbsp; 현대제철 리더십 교육 F/U
                  </td>
                </tr>
              </table>
              <!-- Title -->
              <h1 style=""margin:16px 0 8px 0;font-size:24px;font-weight:bold;line-height:1.35;color:#091e2f;font-family:'Malgun Gothic', '맑은 고딕', 'Apple SD Gothic Neo', 'Segoe UI', Helvetica, Arial, sans-serif;"">[현대제철] 김예린 대리님의 AI 보안 기준 정립 지원</h1>
              <!-- Recipient info -->
              <p style=""margin:0;font-size:14px;line-height:1.7;color:#4a6a82;font-family:'Malgun Gothic', '맑은 고딕', 'Apple SD Gothic Neo', 'Segoe UI', Helvetica, Arial, sans-serif;"">김예린&#xB2D8; &middot; 온누리푸드 현장교육팀 &middot; 대리</p>
            </td>
          </tr>

          <!-- ========== BODY ========== -->
          <tr>
            <td style=""padding:30px 36px 10px 36px;"">
              <p style=""margin:0 0 18px 0;font-size:15px;font-weight:bold;color:#094d47;font-family:'Malgun Gothic', '맑은 고딕', 'Apple SD Gothic Neo', 'Segoe UI', Helvetica, Arial, sans-serif;"">김예린&#xB2D8; &#xC548;&#xB155;&#xD558;&#xC138;&#xC694;.</p>
              <p style=""margin:0 0 14px 0;font-size:15px;line-height:1.9;color:#0e2233;"">김예린 대리님, 실무자가 안심하고 AI를 활용할 수 있는 보안 가이드 제작을 계획하신 점을 확인했습니다.</p>
<p style=""margin:0 0 14px 0;font-size:15px;line-height:1.9;color:#0e2233;"">우선 데이터 비식별화 기준과 외부 업로드 원칙을 정리하여 AI 활용 속도와 보안 균형을 맞추는 첫 단계를 진행해 주시기 바랍니다.</p>
            </td>
          </tr>

          <!-- ========== INFO CARDS (2x2 table) ========== -->
          <tr>
            <td style=""padding:0 36px 10px 36px;"">
              <table role=""presentation"" width=""100%"" cellpadding=""0"" cellspacing=""0"" border=""0"">
                <tr>
                  <!-- Card 1: Action Plan -->
                  <td width=""50%"" valign=""top"" style=""padding:0 6px 12px 0;"">
                    <table role=""presentation"" width=""100%"" cellpadding=""0"" cellspacing=""0"" border=""0"" style=""background-color:#f7fafa;border:1px solid #dae4ec;"">
                      <tr>
                        <td style=""padding:16px 18px;"">
                          <p style=""margin:0 0 8px 0;font-size:11px;font-weight:bold;color:#0d8f84;letter-spacing:0.06em;font-family:'Malgun Gothic', '맑은 고딕', 'Apple SD Gothic Neo', 'Segoe UI', Helvetica, Arial, sans-serif;"">&#9654; &#xD575;&#xC2EC; &#xC2E4;&#xD589;&#xACC4;&#xD68D;</p>
                          <p style=""margin:0;font-size:14px;line-height:1.8;color:#0e2233;font-family:'Malgun Gothic', '맑은 고딕', 'Apple SD Gothic Neo', 'Segoe UI', Helvetica, Arial, sans-serif;"">Action Plan 데이터 비식별화 기준과 외부 서비스 업로드 원칙을 정리한다</p>
                        </td>
                      </tr>
                    </table>
                  </td>
                  <!-- Card 2: Expected Behavior -->
                  <td width=""50%"" valign=""top"" style=""padding:0 0 12px 6px;"">
                    <table role=""presentation"" width=""100%"" cellpadding=""0"" cellspacing=""0"" border=""0"" style=""background-color:#f7fafa;border:1px solid #dae4ec;"">
                      <tr>
                        <td style=""padding:16px 18px;"">
                          <p style=""margin:0 0 8px 0;font-size:11px;font-weight:bold;color:#0d8f84;letter-spacing:0.06em;font-family:'Malgun Gothic', '맑은 고딕', 'Apple SD Gothic Neo', 'Segoe UI', Helvetica, Arial, sans-serif;"">&#9654; &#xAE30;&#xB300; &#xD589;&#xB3D9;</p>
                          <p style=""margin:0;font-size:14px;line-height:1.8;color:#0e2233;font-family:'Malgun Gothic', '맑은 고딕', 'Apple SD Gothic Neo', 'Segoe UI', Helvetica, Arial, sans-serif;"">AI 활용 속도를 유지하면서도 민감정보 노출 리스크를 줄인다</p>
                        </td>
                      </tr>
                    </table>
                  </td>
                </tr>
                <tr>
                  <!-- Card 3: Key Takeaway -->
                  <td width=""50%"" valign=""top"" style=""padding:0 6px 12px 0;"">
                    <table role=""presentation"" width=""100%"" cellpadding=""0"" cellspacing=""0"" border=""0"" style=""background-color:#f7fafa;border:1px solid #dae4ec;"">
                      <tr>
                        <td style=""padding:16px 18px;"">
                          <p style=""margin:0 0 8px 0;font-size:11px;font-weight:bold;color:#0d8f84;letter-spacing:0.06em;font-family:'Malgun Gothic', '맑은 고딕', 'Apple SD Gothic Neo', 'Segoe UI', Helvetica, Arial, sans-serif;"">&#9654; &#xAD50;&#xC721; &#xD575;&#xC2EC; &#xD3EC;&#xC778;&#xD2B8;</p>
                          <p style=""margin:0;font-size:14px;line-height:1.8;color:#0e2233;font-family:'Malgun Gothic', '맑은 고딕', 'Apple SD Gothic Neo', 'Segoe UI', Helvetica, Arial, sans-serif;"">자동화보다 먼저 데이터 경계와 검수 단계를 정의해야 한다는 점</p>
                        </td>
                      </tr>
                    </table>
                  </td>
                  <!-- Card 4: Comment -->
                  <td width=""50%"" valign=""top"" style=""padding:0 0 12px 6px;"">
                    <table role=""presentation"" width=""100%"" cellpadding=""0"" cellspacing=""0"" border=""0"" style=""background-color:#f7fafa;border:1px solid #dae4ec;"">
                      <tr>
                        <td style=""padding:16px 18px;"">
                          <p style=""margin:0 0 8px 0;font-size:11px;font-weight:bold;color:#0d8f84;letter-spacing:0.06em;font-family:'Malgun Gothic', '맑은 고딕', 'Apple SD Gothic Neo', 'Segoe UI', Helvetica, Arial, sans-serif;"">&#9654; &#xCC38;&#xAC00;&#xC790; &#xCF54;&#xBA58;&#xD2B8;</p>
                          <p style=""margin:0;font-size:14px;line-height:1.8;color:#0e2233;font-family:'Malgun Gothic', '맑은 고딕', 'Apple SD Gothic Neo', 'Segoe UI', Helvetica, Arial, sans-serif;"">편의성보다 데이터 통제 원칙을 먼저 설명한 점이 신뢰를 높였다. 중간 Q&amp;A 시간을 한 번 더 넣어주면 이해가 더 안정될 것 같다. 기초 설명은 충분했지만 실습 난도는 한 단계 높여도 좋겠다고 느꼈다.</p>
                        </td>
                      </tr>
                    </table>
                  </td>
                </tr>
              </table>
            </td>
          </tr>

          <!-- ========== NEXT ACTION ========== -->
          <tr>
            <td style=""padding:6px 36px 20px 36px;"">
              <table role=""presentation"" width=""100%"" cellpadding=""0"" cellspacing=""0"" border=""0"" style=""background-color:#0d8f84;"">
                <tr>
                  <td style=""padding:20px 24px;"">
                    <p style=""margin:0 0 6px 0;font-size:11px;font-weight:bold;letter-spacing:0.1em;color:#b8e6e0;font-family:'Malgun Gothic', '맑은 고딕', 'Apple SD Gothic Neo', 'Segoe UI', Helvetica, Arial, sans-serif;"">NEXT ACTION</p>
                    <p style=""margin:0;font-size:16px;line-height:1.8;font-weight:bold;color:#ffffff;font-family:'Malgun Gothic', '맑은 고딕', 'Apple SD Gothic Neo', 'Segoe UI', Helvetica, Arial, sans-serif;"">데이터 비식별화 기준 및 외부 서비스 업로드 원칙 정리</p>
                  </td>
                </tr>
              </table>
            </td>
          </tr>

          <!-- ========== SIGNATURE ========== -->
          <tr>
            <td style=""padding:0 36px 36px 36px;"">
              <table role=""presentation"" width=""100%"" cellpadding=""0"" cellspacing=""0"" border=""0"" style=""border-top:1px solid #dae4ec;"">
                <tr>
                  <td style=""padding:20px 0 0 0;font-size:13px;line-height:1.9;color:#4a6a82;font-family:'Malgun Gothic', '맑은 고딕', 'Apple SD Gothic Neo', 'Segoe UI', Helvetica, Arial, sans-serif;"">
                    감사합니다.<br />
                    정유라<br />
                    현대제철 컬처디자인팀
                  </td>
                </tr>
              </table>
            </td>
          </tr>

        </table>
        <!--[if mso]></td></tr></table><![endif]-->

      </td>
    </tr>
  </table>

</body>
</html>
",sample_data/교육_액션플랜_데이터_feedback_output_html_preview/020_김예린.html,completed,glm-4.5-air,2026-07-21T21:24:44
P021,김주원,participant021@hrd-ai-demo.example.com,블루웨이브반도체,리더십개발팀,책임,리더십,반복 운영 업무를 줄이고 참가자 경험을 한 번에 표준 운영안으로 정착시키겠다,리더십 교육 안내 페이지를 단일 마이크로사이트로 재구성하고 FAQ를 표준화,"참가자가 일정, 준비물, 과제 안내를 스스로 확인해 반복 문의를 줄인다",FAQ와 안내 페이지를 분리하지 않고 한 흐름으로 설계한 부분이 특히 실무적이었다. 이론과 실습의 난이도 균형은 전반적으로 적절했다.,정확성이 중요한 정보는 챗봇보다 정적 페이지가 더 안정적이라는 점,한충석,[리더십 교육 F/U] 마이크로사이트 구축 및 FAQ 표준화 액션플랜,정보의 정확성을 위해 정적 페이지를 활용하겠다는 실무적 통찰이 훌륭했습니다. 계획하신 대로 단일 마이크로사이트를 구축하여 참가자가 스스로 정보를 확인하고 반복 문의를 줄이는 성과를 기대합니다.,단일 마이크로사이트 구축 및 FAQ 표준화 기획안 수립,ok,"<!DOCTYPE html PUBLIC ""-//W3C//DTD XHTML 1.0 Transitional//EN"" ""http://www.w3.org/TR/xhtml1/DTD/xhtml1-transitional.dtd"">
<html xmlns=""http://www.w3.org/1999/xhtml"" lang=""ko"">
<head>
  <meta http-equiv=""Content-Type"" content=""text/html; charset=utf-8"" />
  <meta name=""viewport"" content=""width=device-width, initial-scale=1.0"" />
  <title>[리더십 교육 F/U] 마이크로사이트 구축 및 FAQ 표준화 액션플랜</title>
  <!--[if mso]>
  <style type=""text/css"">
    table { border-collapse: collapse; }
    td { font-family: 'Malgun Gothic', '맑은 고딕', 'Apple SD Gothic Neo', 'Segoe UI', Helvetica, Arial, sans-serif; }
  </style>
  <![endif]-->
</head>
<body style=""margin:0;padding:0;background-color:#eaf1f5;font-family:'Malgun Gothic', '맑은 고딕', 'Apple SD Gothic Neo', 'Segoe UI', Helvetica, Arial, sans-serif;font-size:15px;line-height:1.7;color:#0e2233;-webkit-text-size-adjust:100%;-ms-text-size-adjust:100%;"">

  <!-- Outer wrapper table for centering -->
  <table role=""presentation"" width=""100%"" cellpadding=""0"" cellspacing=""0"" border=""0"" style=""background-color:#eaf1f5;"">
    <tr>
      <td align=""center"" style=""padding:40px 16px 50px 16px;"">

        <!--[if mso]><table role=""presentation"" width=""680"" cellpadding=""0"" cellspacing=""0"" border=""0"" align=""center""><tr><td><![endif]-->
        <table role=""presentation"" width=""100%"" cellpadding=""0"" cellspacing=""0"" border=""0"" style=""max-width:680px;margin:0 auto;background-color:#ffffff;border:1px solid #d4e1e8;"">

          <!-- ========== HEADER ========== -->
          <tr>
            <td style=""padding:34px 36px 24px 36px;background-color:#f3f9f8;border-bottom:2px solid #0d8f84;"">
              <!-- Eyebrow badge -->
              <table role=""presentation"" cellpadding=""0"" cellspacing=""0"" border=""0"">
                <tr>
                  <td style=""background-color:#e6f4f2;padding:5px 14px;font-size:11px;font-weight:bold;color:#094d47;letter-spacing:0.08em;font-family:'Malgun Gothic', '맑은 고딕', 'Apple SD Gothic Neo', 'Segoe UI', Helvetica, Arial, sans-serif;"">
                    &#9679;&nbsp; 현대제철 리더십 교육 F/U
                  </td>
                </tr>
              </table>
              <!-- Title -->
              <h1 style=""margin:16px 0 8px 0;font-size:24px;font-weight:bold;line-height:1.35;color:#091e2f;font-family:'Malgun Gothic', '맑은 고딕', 'Apple SD Gothic Neo', 'Segoe UI', Helvetica, Arial, sans-serif;"">[리더십 교육 F/U] 마이크로사이트 구축 및 FAQ 표준화 액션플랜</h1>
              <!-- Recipient info -->
              <p style=""margin:0;font-size:14px;line-height:1.7;color:#4a6a82;font-family:'Malgun Gothic', '맑은 고딕', 'Apple SD Gothic Neo', 'Segoe UI', Helvetica, Arial, sans-serif;"">김주원&#xB2D8; &middot; 블루웨이브반도체 리더십개발팀 &middot; 책임</p>
            </td>
          </tr>

          <!-- ========== BODY ========== -->
          <tr>
            <td style=""padding:30px 36px 10px 36px;"">
              <p style=""margin:0 0 18px 0;font-size:15px;font-weight:bold;color:#094d47;font-family:'Malgun Gothic', '맑은 고딕', 'Apple SD Gothic Neo', 'Segoe UI', Helvetica, Arial, sans-serif;"">김주원&#xB2D8; &#xC548;&#xB155;&#xD558;&#xC138;&#xC694;.</p>
              <p style=""margin:0 0 14px 0;font-size:15px;line-height:1.9;color:#0e2233;"">정보의 정확성을 위해 정적 페이지를 활용하겠다는 실무적 통찰이 훌륭했습니다.</p>
<p style=""margin:0 0 14px 0;font-size:15px;line-height:1.9;color:#0e2233;"">계획하신 대로 단일 마이크로사이트를 구축하여 참가자가 스스로 정보를 확인하고 반복 문의를 줄이는 성과를 기대합니다.</p>
            </td>
          </tr>

          <!-- ========== INFO CARDS (2x2 table) ========== -->
          <tr>
            <td style=""padding:0 36px 10px 36px;"">
              <table role=""presentation"" width=""100%"" cellpadding=""0"" cellspacing=""0"" border=""0"">
                <tr>
                  <!-- Card 1: Action Plan -->
                  <td width=""50%"" valign=""top"" style=""padding:0 6px 12px 0;"">
                    <table role=""presentation"" width=""100%"" cellpadding=""0"" cellspacing=""0"" border=""0"" style=""background-color:#f7fafa;border:1px solid #dae4ec;"">
                      <tr>
                        <td style=""padding:16px 18px;"">
                          <p style=""margin:0 0 8px 0;font-size:11px;font-weight:bold;color:#0d8f84;letter-spacing:0.06em;font-family:'Malgun Gothic', '맑은 고딕', 'Apple SD Gothic Neo', 'Segoe UI', Helvetica, Arial, sans-serif;"">&#9654; &#xD575;&#xC2EC; &#xC2E4;&#xD589;&#xACC4;&#xD68D;</p>
                          <p style=""margin:0;font-size:14px;line-height:1.8;color:#0e2233;font-family:'Malgun Gothic', '맑은 고딕', 'Apple SD Gothic Neo', 'Segoe UI', Helvetica, Arial, sans-serif;"">리더십 교육 안내 페이지를 단일 마이크로사이트로 재구성하고 FAQ를 표준화</p>
                        </td>
                      </tr>
                    </table>
                  </td>
                  <!-- Card 2: Expected Behavior -->
                  <td width=""50%"" valign=""top"" style=""padding:0 0 12px 6px;"">
                    <table role=""presentation"" width=""100%"" cellpadding=""0"" cellspacing=""0"" border=""0"" style=""background-color:#f7fafa;border:1px solid #dae4ec;"">
                      <tr>
                        <td style=""padding:16px 18px;"">
                          <p style=""margin:0 0 8px 0;font-size:11px;font-weight:bold;color:#0d8f84;letter-spacing:0.06em;font-family:'Malgun Gothic', '맑은 고딕', 'Apple SD Gothic Neo', 'Segoe UI', Helvetica, Arial, sans-serif;"">&#9654; &#xAE30;&#xB300; &#xD589;&#xB3D9;</p>
                          <p style=""margin:0;font-size:14px;line-height:1.8;color:#0e2233;font-family:'Malgun Gothic', '맑은 고딕', 'Apple SD Gothic Neo', 'Segoe UI', Helvetica, Arial, sans-serif;"">참가자가 일정, 준비물, 과제 안내를 스스로 확인해 반복 문의를 줄인다</p>
                        </td>
                      </tr>
                    </table>
                  </td>
                </tr>
                <tr>
                  <!-- Card 3: Key Takeaway -->
                  <td width=""50%"" valign=""top"" style=""padding:0 6px 12px 0;"">
                    <table role=""presentation"" width=""100%"" cellpadding=""0"" cellspacing=""0"" border=""0"" style=""background-color:#f7fafa;border:1px solid #dae4ec;"">
                      <tr>
                        <td style=""padding:16px 18px;"">
                          <p style=""margin:0 0 8px 0;font-size:11px;font-weight:bold;color:#0d8f84;letter-spacing:0.06em;font-family:'Malgun Gothic', '맑은 고딕', 'Apple SD Gothic Neo', 'Segoe UI', Helvetica, Arial, sans-serif;"">&#9654; &#xAD50;&#xC721; &#xD575;&#xC2EC; &#xD3EC;&#xC778;&#xD2B8;</p>
                          <p style=""margin:0;font-size:14px;line-height:1.8;color:#0e2233;font-family:'Malgun Gothic', '맑은 고딕', 'Apple SD Gothic Neo', 'Segoe UI', Helvetica, Arial, sans-serif;"">정확성이 중요한 정보는 챗봇보다 정적 페이지가 더 안정적이라는 점</p>
                        </td>
                      </tr>
                    </table>
                  </td>
                  <!-- Card 4: Comment -->
                  <td width=""50%"" valign=""top"" style=""padding:0 0 12px 6px;"">
                    <table role=""presentation"" width=""100%"" cellpadding=""0"" cellspacing=""0"" border=""0"" style=""background-color:#f7fafa;border:1px solid #dae4ec;"">
                      <tr>
                        <td style=""padding:16px 18px;"">
                          <p style=""margin:0 0 8px 0;font-size:11px;font-weight:bold;color:#0d8f84;letter-spacing:0.06em;font-family:'Malgun Gothic', '맑은 고딕', 'Apple SD Gothic Neo', 'Segoe UI', Helvetica, Arial, sans-serif;"">&#9654; &#xCC38;&#xAC00;&#xC790; &#xCF54;&#xBA58;&#xD2B8;</p>
                          <p style=""margin:0;font-size:14px;line-height:1.8;color:#0e2233;font-family:'Malgun Gothic', '맑은 고딕', 'Apple SD Gothic Neo', 'Segoe UI', Helvetica, Arial, sans-serif;"">FAQ와 안내 페이지를 분리하지 않고 한 흐름으로 설계한 부분이 특히 실무적이었다. 이론과 실습의 난이도 균형은 전반적으로 적절했다.</p>
                        </td>
                      </tr>
                    </table>
                  </td>
                </tr>
              </table>
            </td>
          </tr>

          <!-- ========== NEXT ACTION ========== -->
          <tr>
            <td style=""padding:6px 36px 20px 36px;"">
              <table role=""presentation"" width=""100%"" cellpadding=""0"" cellspacing=""0"" border=""0"" style=""background-color:#0d8f84;"">
                <tr>
                  <td style=""padding:20px 24px;"">
                    <p style=""margin:0 0 6px 0;font-size:11px;font-weight:bold;letter-spacing:0.1em;color:#b8e6e0;font-family:'Malgun Gothic', '맑은 고딕', 'Apple SD Gothic Neo', 'Segoe UI', Helvetica, Arial, sans-serif;"">NEXT ACTION</p>
                    <p style=""margin:0;font-size:16px;line-height:1.8;font-weight:bold;color:#ffffff;font-family:'Malgun Gothic', '맑은 고딕', 'Apple SD Gothic Neo', 'Segoe UI', Helvetica, Arial, sans-serif;"">단일 마이크로사이트 구축 및 FAQ 표준화 기획안 수립</p>
                  </td>
                </tr>
              </table>
            </td>
          </tr>

          <!-- ========== SIGNATURE ========== -->
          <tr>
            <td style=""padding:0 36px 36px 36px;"">
              <table role=""presentation"" width=""100%"" cellpadding=""0"" cellspacing=""0"" border=""0"" style=""border-top:1px solid #dae4ec;"">
                <tr>
                  <td style=""padding:20px 0 0 0;font-size:13px;line-height:1.9;color:#4a6a82;font-family:'Malgun Gothic', '맑은 고딕', 'Apple SD Gothic Neo', 'Segoe UI', Helvetica, Arial, sans-serif;"">
                    감사합니다.<br />
                    한충석<br />
                    현대제철 컬처디자인팀
                  </td>
                </tr>
              </table>
            </td>
          </tr>

        </table>
        <!--[if mso]></td></tr></table><![endif]-->

      </td>
    </tr>
  </table>

</body>
</html>
",sample_data/교육_액션플랜_데이터_feedback_output_html_preview/021_김주원.html,completed,glm-4.5-air,2026-07-21T21:25:22
P022,남지후,participant022@hrd-ai-demo.example.com,새한인프라,교육문화팀,매니저,HRD,교육 직후의 의지를 사라지지 않게 만들고 실행 전환율을 높이겠다,교육 종료 후 2주 단위 액션플랜 체크인 메시지를 자동화,수강자가 교육 직후 세운 계획을 잊지 않고 팀 내 공유까지 이어가게 한다,개인화 메시지를 자동화하되 사람 검수를 남기는 구조가 설득력 있었다. 실습 전 사전 안내가 조금 더 구조화되면 따라가기 한결 수월하겠다. 기초 설명은 충분했지만 실습 난도는 한 단계 높여도 좋겠다고 느꼈다.,초안 자동화 후 사람이 톤을 통제하는 방식이 현실적이라는 점,박서윤,"[리더십 교육 F/U] 남지후 매니저, 액션플랜 실행 전환을 위한 다음 단계",교육 중 언급하신 자동화 후 사람 검수 구조에 대한 남지후 매니저님의 통찰은 인상 깊었습니다. 계획하신 대로 2주 단위 액션플랜 체크인 시스템을 구축하여 실행 전환율을 높여봅시다. 다음 주까지 수강자들이 팀 내 계획을 공유할 수 있는 구체적인 가이드를 수립해 주시기 바랍니다.,다음 주까지 수강자 팀 공유 가이드 수립,ok,"<!DOCTYPE html PUBLIC ""-//W3C//DTD XHTML 1.0 Transitional//EN"" ""http://www.w3.org/TR/xhtml1/DTD/xhtml1-transitional.dtd"">
<html xmlns=""http://www.w3.org/1999/xhtml"" lang=""ko"">
<head>
  <meta http-equiv=""Content-Type"" content=""text/html; charset=utf-8"" />
  <meta name=""viewport"" content=""width=device-width, initial-scale=1.0"" />
  <title>[리더십 교육 F/U] 남지후 매니저, 액션플랜 실행 전환을 위한 다음 단계</title>
  <!--[if mso]>
  <style type=""text/css"">
    table { border-collapse: collapse; }
    td { font-family: 'Malgun Gothic', '맑은 고딕', 'Apple SD Gothic Neo', 'Segoe UI', Helvetica, Arial, sans-serif; }
  </style>
  <![endif]-->
</head>
<body style=""margin:0;padding:0;background-color:#eaf1f5;font-family:'Malgun Gothic', '맑은 고딕', 'Apple SD Gothic Neo', 'Segoe UI', Helvetica, Arial, sans-serif;font-size:15px;line-height:1.7;color:#0e2233;-webkit-text-size-adjust:100%;-ms-text-size-adjust:100%;"">

  <!-- Outer wrapper table for centering -->
  <table role=""presentation"" width=""100%"" cellpadding=""0"" cellspacing=""0"" border=""0"" style=""background-color:#eaf1f5;"">
    <tr>
      <td align=""center"" style=""padding:40px 16px 50px 16px;"">

        <!--[if mso]><table role=""presentation"" width=""680"" cellpadding=""0"" cellspacing=""0"" border=""0"" align=""center""><tr><td><![endif]-->
        <table role=""presentation"" width=""100%"" cellpadding=""0"" cellspacing=""0"" border=""0"" style=""max-width:680px;margin:0 auto;background-color:#ffffff;border:1px solid #d4e1e8;"">

          <!-- ========== HEADER ========== -->
          <tr>
            <td style=""padding:34px 36px 24px 36px;background-color:#f3f9f8;border-bottom:2px solid #0d8f84;"">
              <!-- Eyebrow badge -->
              <table role=""presentation"" cellpadding=""0"" cellspacing=""0"" border=""0"">
                <tr>
                  <td style=""background-color:#e6f4f2;padding:5px 14px;font-size:11px;font-weight:bold;color:#094d47;letter-spacing:0.08em;font-family:'Malgun Gothic', '맑은 고딕', 'Apple SD Gothic Neo', 'Segoe UI', Helvetica, Arial, sans-serif;"">
                    &#9679;&nbsp; 현대제철 리더십 교육 F/U
                  </td>
                </tr>
              </table>
              <!-- Title -->
              <h1 style=""margin:16px 0 8px 0;font-size:24px;font-weight:bold;line-height:1.35;color:#091e2f;font-family:'Malgun Gothic', '맑은 고딕', 'Apple SD Gothic Neo', 'Segoe UI', Helvetica, Arial, sans-serif;"">[리더십 교육 F/U] 남지후 매니저, 액션플랜 실행 전환을 위한 다음 단계</h1>
              <!-- Recipient info -->
              <p style=""margin:0;font-size:14px;line-height:1.7;color:#4a6a82;font-family:'Malgun Gothic', '맑은 고딕', 'Apple SD Gothic Neo', 'Segoe UI', Helvetica, Arial, sans-serif;"">남지후&#xB2D8; &middot; 새한인프라 교육문화팀 &middot; 매니저</p>
            </td>
          </tr>

          <!-- ========== BODY ========== -->
          <tr>
            <td style=""padding:30px 36px 10px 36px;"">
              <p style=""margin:0 0 18px 0;font-size:15px;font-weight:bold;color:#094d47;font-family:'Malgun Gothic', '맑은 고딕', 'Apple SD Gothic Neo', 'Segoe UI', Helvetica, Arial, sans-serif;"">남지후&#xB2D8; &#xC548;&#xB155;&#xD558;&#xC138;&#xC694;.</p>
              <p style=""margin:0 0 14px 0;font-size:15px;line-height:1.9;color:#0e2233;"">교육 중 언급하신 자동화 후 사람 검수 구조에 대한 남지후 매니저님의 통찰은 인상 깊었습니다.</p>
<p style=""margin:0 0 14px 0;font-size:15px;line-height:1.9;color:#0e2233;"">계획하신 대로 2주 단위 액션플랜 체크인 시스템을 구축하여 실행 전환율을 높여봅시다.</p>
<p style=""margin:0 0 14px 0;font-size:15px;line-height:1.9;color:#0e2233;"">다음 주까지 수강자들이 팀 내 계획을 공유할 수 있는 구체적인 가이드를 수립해 주시기 바랍니다.</p>
            </td>
          </tr>

          <!-- ========== INFO CARDS (2x2 table) ========== -->
          <tr>
            <td style=""padding:0 36px 10px 36px;"">
              <table role=""presentation"" width=""100%"" cellpadding=""0"" cellspacing=""0"" border=""0"">
                <tr>
                  <!-- Card 1: Action Plan -->
                  <td width=""50%"" valign=""top"" style=""padding:0 6px 12px 0;"">
                    <table role=""presentation"" width=""100%"" cellpadding=""0"" cellspacing=""0"" border=""0"" style=""background-color:#f7fafa;border:1px solid #dae4ec;"">
                      <tr>
                        <td style=""padding:16px 18px;"">
                          <p style=""margin:0 0 8px 0;font-size:11px;font-weight:bold;color:#0d8f84;letter-spacing:0.06em;font-family:'Malgun Gothic', '맑은 고딕', 'Apple SD Gothic Neo', 'Segoe UI', Helvetica, Arial, sans-serif;"">&#9654; &#xD575;&#xC2EC; &#xC2E4;&#xD589;&#xACC4;&#xD68D;</p>
                          <p style=""margin:0;font-size:14px;line-height:1.8;color:#0e2233;font-family:'Malgun Gothic', '맑은 고딕', 'Apple SD Gothic Neo', 'Segoe UI', Helvetica, Arial, sans-serif;"">교육 종료 후 2주 단위 액션플랜 체크인 메시지를 자동화</p>
                        </td>
                      </tr>
                    </table>
                  </td>
                  <!-- Card 2: Expected Behavior -->
                  <td width=""50%"" valign=""top"" style=""padding:0 0 12px 6px;"">
                    <table role=""presentation"" width=""100%"" cellpadding=""0"" cellspacing=""0"" border=""0"" style=""background-color:#f7fafa;border:1px solid #dae4ec;"">
                      <tr>
                        <td style=""padding:16px 18px;"">
                          <p style=""margin:0 0 8px 0;font-size:11px;font-weight:bold;color:#0d8f84;letter-spacing:0.06em;font-family:'Malgun Gothic', '맑은 고딕', 'Apple SD Gothic Neo', 'Segoe UI', Helvetica, Arial, sans-serif;"">&#9654; &#xAE30;&#xB300; &#xD589;&#xB3D9;</p>
                          <p style=""margin:0;font-size:14px;line-height:1.8;color:#0e2233;font-family:'Malgun Gothic', '맑은 고딕', 'Apple SD Gothic Neo', 'Segoe UI', Helvetica, Arial, sans-serif;"">수강자가 교육 직후 세운 계획을 잊지 않고 팀 내 공유까지 이어가게 한다</p>
                        </td>
                      </tr>
                    </table>
                  </td>
                </tr>
                <tr>
                  <!-- Card 3: Key Takeaway -->
                  <td width=""50%"" valign=""top"" style=""padding:0 6px 12px 0;"">
                    <table role=""presentation"" width=""100%"" cellpadding=""0"" cellspacing=""0"" border=""0"" style=""background-color:#f7fafa;border:1px solid #dae4ec;"">
                      <tr>
                        <td style=""padding:16px 18px;"">
                          <p style=""margin:0 0 8px 0;font-size:11px;font-weight:bold;color:#0d8f84;letter-spacing:0.06em;font-family:'Malgun Gothic', '맑은 고딕', 'Apple SD Gothic Neo', 'Segoe UI', Helvetica, Arial, sans-serif;"">&#9654; &#xAD50;&#xC721; &#xD575;&#xC2EC; &#xD3EC;&#xC778;&#xD2B8;</p>
                          <p style=""margin:0;font-size:14px;line-height:1.8;color:#0e2233;font-family:'Malgun Gothic', '맑은 고딕', 'Apple SD Gothic Neo', 'Segoe UI', Helvetica, Arial, sans-serif;"">초안 자동화 후 사람이 톤을 통제하는 방식이 현실적이라는 점</p>
                        </td>
                      </tr>
                    </table>
                  </td>
                  <!-- Card 4: Comment -->
                  <td width=""50%"" valign=""top"" style=""padding:0 0 12px 6px;"">
                    <table role=""presentation"" width=""100%"" cellpadding=""0"" cellspacing=""0"" border=""0"" style=""background-color:#f7fafa;border:1px solid #dae4ec;"">
                      <tr>
                        <td style=""padding:16px 18px;"">
                          <p style=""margin:0 0 8px 0;font-size:11px;font-weight:bold;color:#0d8f84;letter-spacing:0.06em;font-family:'Malgun Gothic', '맑은 고딕', 'Apple SD Gothic Neo', 'Segoe UI', Helvetica, Arial, sans-serif;"">&#9654; &#xCC38;&#xAC00;&#xC790; &#xCF54;&#xBA58;&#xD2B8;</p>
                          <p style=""margin:0;font-size:14px;line-height:1.8;color:#0e2233;font-family:'Malgun Gothic', '맑은 고딕', 'Apple SD Gothic Neo', 'Segoe UI', Helvetica, Arial, sans-serif;"">개인화 메시지를 자동화하되 사람 검수를 남기는 구조가 설득력 있었다. 실습 전 사전 안내가 조금 더 구조화되면 따라가기 한결 수월하겠다. 기초 설명은 충분했지만 실습 난도는 한 단계 높여도 좋겠다고 느꼈다.</p>
                        </td>
                      </tr>
                    </table>
                  </td>
                </tr>
              </table>
            </td>
          </tr>

          <!-- ========== NEXT ACTION ========== -->
          <tr>
            <td style=""padding:6px 36px 20px 36px;"">
              <table role=""presentation"" width=""100%"" cellpadding=""0"" cellspacing=""0"" border=""0"" style=""background-color:#0d8f84;"">
                <tr>
                  <td style=""padding:20px 24px;"">
                    <p style=""margin:0 0 6px 0;font-size:11px;font-weight:bold;letter-spacing:0.1em;color:#b8e6e0;font-family:'Malgun Gothic', '맑은 고딕', 'Apple SD Gothic Neo', 'Segoe UI', Helvetica, Arial, sans-serif;"">NEXT ACTION</p>
                    <p style=""margin:0;font-size:16px;line-height:1.8;font-weight:bold;color:#ffffff;font-family:'Malgun Gothic', '맑은 고딕', 'Apple SD Gothic Neo', 'Segoe UI', Helvetica, Arial, sans-serif;"">다음 주까지 수강자 팀 공유 가이드 수립</p>
                  </td>
                </tr>
              </table>
            </td>
          </tr>

          <!-- ========== SIGNATURE ========== -->
          <tr>
            <td style=""padding:0 36px 36px 36px;"">
              <table role=""presentation"" width=""100%"" cellpadding=""0"" cellspacing=""0"" border=""0"" style=""border-top:1px solid #dae4ec;"">
                <tr>
                  <td style=""padding:20px 0 0 0;font-size:13px;line-height:1.9;color:#4a6a82;font-family:'Malgun Gothic', '맑은 고딕', 'Apple SD Gothic Neo', 'Segoe UI', Helvetica, Arial, sans-serif;"">
                    감사합니다.<br />
                    박서윤<br />
                    현대제철 컬처디자인팀
                  </td>
                </tr>
              </table>
            </td>
          </tr>

        </table>
        <!--[if mso]></td></tr></table><![endif]-->

      </td>
    </tr>
  </table>

</body>
</html>
",sample_data/교육_액션플랜_데이터_feedback_output_html_preview/022_남지후.html,completed,glm-4.5-air,2026-07-21T21:26:01
P023,노유진,participant023@hrd-ai-demo.example.com,다온리테일,HR혁신셀,선임,HRD,보고서 작성 시간을 줄이고 데이터 기반으로 다음 차수 개선안을 제시하겠다,만족도 조사 데이터를 월별 대시보드와 1페이지 요약 보고서로 연결,정량 점수와 정성 코멘트를 함께 보며 다음 차수 개선 우선순위를 빠르게 합의한다,정성 의견을 숫자 옆에 붙여 스토리로 보여주는 예시가 인상 깊었다. 도구 설명보다 업무 문제 정의에 초점을 둔 구성이 실무적이었다. 오전 이론 파트는 비전공자 기준으로 속도가 조금 빨랐다.,정량과 정성을 같이 봐야 의사결정이 빨라진다는 점,김민주,현대제철 리더십 교육 F/U: 노유진 선임님의 액션플랜 점검,"노유진 선임님, 교육에 참여해 주셔서 감사합니다. 선임님께서 제안하신 만족도 데이터 대시보드 및 1페이지 요약 보고서 구축을 통해 정량 점수와 정성 코멘트를 결합한 분석을 진행해 주시기 바랍니다. 이를 통해 다음 차수 개선 우선순위를 빠르게 합의하는 기대행동을 실현하시길 응원합니다.",만족도 조사 데이터 월별 대시보드 구축 및 1페이지 요약 보고서 작성,ok,"<!DOCTYPE html PUBLIC ""-//W3C//DTD XHTML 1.0 Transitional//EN"" ""http://www.w3.org/TR/xhtml1/DTD/xhtml1-transitional.dtd"">
<html xmlns=""http://www.w3.org/1999/xhtml"" lang=""ko"">
<head>
  <meta http-equiv=""Content-Type"" content=""text/html; charset=utf-8"" />
  <meta name=""viewport"" content=""width=device-width, initial-scale=1.0"" />
  <title>현대제철 리더십 교육 F/U: 노유진 선임님의 액션플랜 점검</title>
  <!--[if mso]>
  <style type=""text/css"">
    table { border-collapse: collapse; }
    td { font-family: 'Malgun Gothic', '맑은 고딕', 'Apple SD Gothic Neo', 'Segoe UI', Helvetica, Arial, sans-serif; }
  </style>
  <![endif]-->
</head>
<body style=""margin:0;padding:0;background-color:#eaf1f5;font-family:'Malgun Gothic', '맑은 고딕', 'Apple SD Gothic Neo', 'Segoe UI', Helvetica, Arial, sans-serif;font-size:15px;line-height:1.7;color:#0e2233;-webkit-text-size-adjust:100%;-ms-text-size-adjust:100%;"">

  <!-- Outer wrapper table for centering -->
  <table role=""presentation"" width=""100%"" cellpadding=""0"" cellspacing=""0"" border=""0"" style=""background-color:#eaf1f5;"">
    <tr>
      <td align=""center"" style=""padding:40px 16px 50px 16px;"">

        <!--[if mso]><table role=""presentation"" width=""680"" cellpadding=""0"" cellspacing=""0"" border=""0"" align=""center""><tr><td><![endif]-->
        <table role=""presentation"" width=""100%"" cellpadding=""0"" cellspacing=""0"" border=""0"" style=""max-width:680px;margin:0 auto;background-color:#ffffff;border:1px solid #d4e1e8;"">

          <!-- ========== HEADER ========== -->
          <tr>
            <td style=""padding:34px 36px 24px 36px;background-color:#f3f9f8;border-bottom:2px solid #0d8f84;"">
              <!-- Eyebrow badge -->
              <table role=""presentation"" cellpadding=""0"" cellspacing=""0"" border=""0"">
                <tr>
                  <td style=""background-color:#e6f4f2;padding:5px 14px;font-size:11px;font-weight:bold;color:#094d47;letter-spacing:0.08em;font-family:'Malgun Gothic', '맑은 고딕', 'Apple SD Gothic Neo', 'Segoe UI', Helvetica, Arial, sans-serif;"">
                    &#9679;&nbsp; 현대제철 리더십 교육 F/U
                  </td>
                </tr>
              </table>
              <!-- Title -->
              <h1 style=""margin:16px 0 8px 0;font-size:24px;font-weight:bold;line-height:1.35;color:#091e2f;font-family:'Malgun Gothic', '맑은 고딕', 'Apple SD Gothic Neo', 'Segoe UI', Helvetica, Arial, sans-serif;"">현대제철 리더십 교육 F/U: 노유진 선임님의 액션플랜 점검</h1>
              <!-- Recipient info -->
              <p style=""margin:0;font-size:14px;line-height:1.7;color:#4a6a82;font-family:'Malgun Gothic', '맑은 고딕', 'Apple SD Gothic Neo', 'Segoe UI', Helvetica, Arial, sans-serif;"">노유진&#xB2D8; &middot; 다온리테일 HR혁신셀 &middot; 선임</p>
            </td>
          </tr>

          <!-- ========== BODY ========== -->
          <tr>
            <td style=""padding:30px 36px 10px 36px;"">
              <p style=""margin:0 0 18px 0;font-size:15px;font-weight:bold;color:#094d47;font-family:'Malgun Gothic', '맑은 고딕', 'Apple SD Gothic Neo', 'Segoe UI', Helvetica, Arial, sans-serif;"">노유진&#xB2D8; &#xC548;&#xB155;&#xD558;&#xC138;&#xC694;.</p>
              <p style=""margin:0 0 14px 0;font-size:15px;line-height:1.9;color:#0e2233;"">노유진 선임님, 교육에 참여해 주셔서 감사합니다.</p>
<p style=""margin:0 0 14px 0;font-size:15px;line-height:1.9;color:#0e2233;"">선임님께서 제안하신 만족도 데이터 대시보드 및 1페이지 요약 보고서 구축을 통해 정량 점수와 정성 코멘트를 결합한 분석을 진행해 주시기 바랍니다.</p>
<p style=""margin:0 0 14px 0;font-size:15px;line-height:1.9;color:#0e2233;"">이를 통해 다음 차수 개선 우선순위를 빠르게 합의하는 기대행동을 실현하시길 응원합니다.</p>
            </td>
          </tr>

          <!-- ========== INFO CARDS (2x2 table) ========== -->
          <tr>
            <td style=""padding:0 36px 10px 36px;"">
              <table role=""presentation"" width=""100%"" cellpadding=""0"" cellspacing=""0"" border=""0"">
                <tr>
                  <!-- Card 1: Action Plan -->
                  <td width=""50%"" valign=""top"" style=""padding:0 6px 12px 0;"">
                    <table role=""presentation"" width=""100%"" cellpadding=""0"" cellspacing=""0"" border=""0"" style=""background-color:#f7fafa;border:1px solid #dae4ec;"">
                      <tr>
                        <td style=""padding:16px 18px;"">
                          <p style=""margin:0 0 8px 0;font-size:11px;font-weight:bold;color:#0d8f84;letter-spacing:0.06em;font-family:'Malgun Gothic', '맑은 고딕', 'Apple SD Gothic Neo', 'Segoe UI', Helvetica, Arial, sans-serif;"">&#9654; &#xD575;&#xC2EC; &#xC2E4;&#xD589;&#xACC4;&#xD68D;</p>
                          <p style=""margin:0;font-size:14px;line-height:1.8;color:#0e2233;font-family:'Malgun Gothic', '맑은 고딕', 'Apple SD Gothic Neo', 'Segoe UI', Helvetica, Arial, sans-serif;"">만족도 조사 데이터를 월별 대시보드와 1페이지 요약 보고서로 연결</p>
                        </td>
                      </tr>
                    </table>
                  </td>
                  <!-- Card 2: Expected Behavior -->
                  <td width=""50%"" valign=""top"" style=""padding:0 0 12px 6px;"">
                    <table role=""presentation"" width=""100%"" cellpadding=""0"" cellspacing=""0"" border=""0"" style=""background-color:#f7fafa;border:1px solid #dae4ec;"">
                      <tr>
                        <td style=""padding:16px 18px;"">
                          <p style=""margin:0 0 8px 0;font-size:11px;font-weight:bold;color:#0d8f84;letter-spacing:0.06em;font-family:'Malgun Gothic', '맑은 고딕', 'Apple SD Gothic Neo', 'Segoe UI', Helvetica, Arial, sans-serif;"">&#9654; &#xAE30;&#xB300; &#xD589;&#xB3D9;</p>
                          <p style=""margin:0;font-size:14px;line-height:1.8;color:#0e2233;font-family:'Malgun Gothic', '맑은 고딕', 'Apple SD Gothic Neo', 'Segoe UI', Helvetica, Arial, sans-serif;"">정량 점수와 정성 코멘트를 함께 보며 다음 차수 개선 우선순위를 빠르게 합의한다</p>
                        </td>
                      </tr>
                    </table>
                  </td>
                </tr>
                <tr>
                  <!-- Card 3: Key Takeaway -->
                  <td width=""50%"" valign=""top"" style=""padding:0 6px 12px 0;"">
                    <table role=""presentation"" width=""100%"" cellpadding=""0"" cellspacing=""0"" border=""0"" style=""background-color:#f7fafa;border:1px solid #dae4ec;"">
                      <tr>
                        <td style=""padding:16px 18px;"">
                          <p style=""margin:0 0 8px 0;font-size:11px;font-weight:bold;color:#0d8f84;letter-spacing:0.06em;font-family:'Malgun Gothic', '맑은 고딕', 'Apple SD Gothic Neo', 'Segoe UI', Helvetica, Arial, sans-serif;"">&#9654; &#xAD50;&#xC721; &#xD575;&#xC2EC; &#xD3EC;&#xC778;&#xD2B8;</p>
                          <p style=""margin:0;font-size:14px;line-height:1.8;color:#0e2233;font-family:'Malgun Gothic', '맑은 고딕', 'Apple SD Gothic Neo', 'Segoe UI', Helvetica, Arial, sans-serif;"">정량과 정성을 같이 봐야 의사결정이 빨라진다는 점</p>
                        </td>
                      </tr>
                    </table>
                  </td>
                  <!-- Card 4: Comment -->
                  <td width=""50%"" valign=""top"" style=""padding:0 0 12px 6px;"">
                    <table role=""presentation"" width=""100%"" cellpadding=""0"" cellspacing=""0"" border=""0"" style=""background-color:#f7fafa;border:1px solid #dae4ec;"">
                      <tr>
                        <td style=""padding:16px 18px;"">
                          <p style=""margin:0 0 8px 0;font-size:11px;font-weight:bold;color:#0d8f84;letter-spacing:0.06em;font-family:'Malgun Gothic', '맑은 고딕', 'Apple SD Gothic Neo', 'Segoe UI', Helvetica, Arial, sans-serif;"">&#9654; &#xCC38;&#xAC00;&#xC790; &#xCF54;&#xBA58;&#xD2B8;</p>
                          <p style=""margin:0;font-size:14px;line-height:1.8;color:#0e2233;font-family:'Malgun Gothic', '맑은 고딕', 'Apple SD Gothic Neo', 'Segoe UI', Helvetica, Arial, sans-serif;"">정성 의견을 숫자 옆에 붙여 스토리로 보여주는 예시가 인상 깊었다. 도구 설명보다 업무 문제 정의에 초점을 둔 구성이 실무적이었다. 오전 이론 파트는 비전공자 기준으로 속도가 조금 빨랐다.</p>
                        </td>
                      </tr>
                    </table>
                  </td>
                </tr>
              </table>
            </td>
          </tr>

          <!-- ========== NEXT ACTION ========== -->
          <tr>
            <td style=""padding:6px 36px 20px 36px;"">
              <table role=""presentation"" width=""100%"" cellpadding=""0"" cellspacing=""0"" border=""0"" style=""background-color:#0d8f84;"">
                <tr>
                  <td style=""padding:20px 24px;"">
                    <p style=""margin:0 0 6px 0;font-size:11px;font-weight:bold;letter-spacing:0.1em;color:#b8e6e0;font-family:'Malgun Gothic', '맑은 고딕', 'Apple SD Gothic Neo', 'Segoe UI', Helvetica, Arial, sans-serif;"">NEXT ACTION</p>
                    <p style=""margin:0;font-size:16px;line-height:1.8;font-weight:bold;color:#ffffff;font-family:'Malgun Gothic', '맑은 고딕', 'Apple SD Gothic Neo', 'Segoe UI', Helvetica, Arial, sans-serif;"">만족도 조사 데이터 월별 대시보드 구축 및 1페이지 요약 보고서 작성</p>
                  </td>
                </tr>
              </table>
            </td>
          </tr>

          <!-- ========== SIGNATURE ========== -->
          <tr>
            <td style=""padding:0 36px 36px 36px;"">
              <table role=""presentation"" width=""100%"" cellpadding=""0"" cellspacing=""0"" border=""0"" style=""border-top:1px solid #dae4ec;"">
                <tr>
                  <td style=""padding:20px 0 0 0;font-size:13px;line-height:1.9;color:#4a6a82;font-family:'Malgun Gothic', '맑은 고딕', 'Apple SD Gothic Neo', 'Segoe UI', Helvetica, Arial, sans-serif;"">
                    감사합니다.<br />
                    김민주<br />
                    현대제철 컬처디자인팀
                  </td>
                </tr>
              </table>
            </td>
          </tr>

        </table>
        <!--[if mso]></td></tr></table><![endif]-->

      </td>
    </tr>
  </table>

</body>
</html>
",sample_data/교육_액션플랜_데이터_feedback_output_html_preview/023_노유진.html,completed,glm-4.5-air,2026-07-21T21:27:52
P024,문서윤,participant024@hrd-ai-demo.example.com,청운공업,조직개발팀,과장,HRD,길게 쌓인 VOC를 읽는 시간보다 의사결정 시간을 더 확보하겠다,정성 코멘트에서 핵심 토픽 3개와 대표 인용문 3개를 자동 추출,운영진이 불만 포인트와 강점을 빠르게 파악해 다음 차수 반영 속도를 높인다,정성데이터를 너무 무겁게 다루지 않아도 된다는 설명이 부담을 줄여줬다. 강사의 설명이 기술 용어를 과하게 쓰지 않아 이해가 쉬웠다. 실습 데이터 예시가 한두 건 더 있었으면 비교 설명이 쉬웠을 것 같다.,인용문 3개와 토픽 3개만 잘 뽑아도 보고 품질이 높아진다는 점,이도현,"[현대제철 리더십 교육] 문서윤 과장, 액션플랜 실행을 응원합니다","정성 데이터를 가볍게 다루어 효율을 높이겠다는 포부가 인상 깊습니다. 액션플랜대로 핵심 토픽과 인용문을 자동 추출하여, 운영진이 불만 포인트를 빠르게 파악하고 다음 차기 교육에 즉각 반영할 수 있도록 실행해 주시기 바랍니다.",정성 코멘트 핵심 토픽 및 인용문 자동 추출 시범 적용,ok,"<!DOCTYPE html PUBLIC ""-//W3C//DTD XHTML 1.0 Transitional//EN"" ""http://www.w3.org/TR/xhtml1/DTD/xhtml1-transitional.dtd"">
<html xmlns=""http://www.w3.org/1999/xhtml"" lang=""ko"">
<head>
  <meta http-equiv=""Content-Type"" content=""text/html; charset=utf-8"" />
  <meta name=""viewport"" content=""width=device-width, initial-scale=1.0"" />
  <title>[현대제철 리더십 교육] 문서윤 과장, 액션플랜 실행을 응원합니다</title>
  <!--[if mso]>
  <style type=""text/css"">
    table { border-collapse: collapse; }
    td { font-family: 'Malgun Gothic', '맑은 고딕', 'Apple SD Gothic Neo', 'Segoe UI', Helvetica, Arial, sans-serif; }
  </style>
  <![endif]-->
</head>
<body style=""margin:0;padding:0;background-color:#eaf1f5;font-family:'Malgun Gothic', '맑은 고딕', 'Apple SD Gothic Neo', 'Segoe UI', Helvetica, Arial, sans-serif;font-size:15px;line-height:1.7;color:#0e2233;-webkit-text-size-adjust:100%;-ms-text-size-adjust:100%;"">

  <!-- Outer wrapper table for centering -->
  <table role=""presentation"" width=""100%"" cellpadding=""0"" cellspacing=""0"" border=""0"" style=""background-color:#eaf1f5;"">
    <tr>
      <td align=""center"" style=""padding:40px 16px 50px 16px;"">

        <!--[if mso]><table role=""presentation"" width=""680"" cellpadding=""0"" cellspacing=""0"" border=""0"" align=""center""><tr><td><![endif]-->
        <table role=""presentation"" width=""100%"" cellpadding=""0"" cellspacing=""0"" border=""0"" style=""max-width:680px;margin:0 auto;background-color:#ffffff;border:1px solid #d4e1e8;"">

          <!-- ========== HEADER ========== -->
          <tr>
            <td style=""padding:34px 36px 24px 36px;background-color:#f3f9f8;border-bottom:2px solid #0d8f84;"">
              <!-- Eyebrow badge -->
              <table role=""presentation"" cellpadding=""0"" cellspacing=""0"" border=""0"">
                <tr>
                  <td style=""background-color:#e6f4f2;padding:5px 14px;font-size:11px;font-weight:bold;color:#094d47;letter-spacing:0.08em;font-family:'Malgun Gothic', '맑은 고딕', 'Apple SD Gothic Neo', 'Segoe UI', Helvetica, Arial, sans-serif;"">
                    &#9679;&nbsp; 현대제철 리더십 교육 F/U
                  </td>
                </tr>
              </table>
              <!-- Title -->
              <h1 style=""margin:16px 0 8px 0;font-size:24px;font-weight:bold;line-height:1.35;color:#091e2f;font-family:'Malgun Gothic', '맑은 고딕', 'Apple SD Gothic Neo', 'Segoe UI', Helvetica, Arial, sans-serif;"">[현대제철 리더십 교육] 문서윤 과장, 액션플랜 실행을 응원합니다</h1>
              <!-- Recipient info -->
              <p style=""margin:0;font-size:14px;line-height:1.7;color:#4a6a82;font-family:'Malgun Gothic', '맑은 고딕', 'Apple SD Gothic Neo', 'Segoe UI', Helvetica, Arial, sans-serif;"">문서윤&#xB2D8; &middot; 청운공업 조직개발팀 &middot; 과장</p>
            </td>
          </tr>

          <!-- ========== BODY ========== -->
          <tr>
            <td style=""padding:30px 36px 10px 36px;"">
              <p style=""margin:0 0 18px 0;font-size:15px;font-weight:bold;color:#094d47;font-family:'Malgun Gothic', '맑은 고딕', 'Apple SD Gothic Neo', 'Segoe UI', Helvetica, Arial, sans-serif;"">문서윤&#xB2D8; &#xC548;&#xB155;&#xD558;&#xC138;&#xC694;.</p>
              <p style=""margin:0 0 14px 0;font-size:15px;line-height:1.9;color:#0e2233;"">정성 데이터를 가볍게 다루어 효율을 높이겠다는 포부가 인상 깊습니다.</p>
<p style=""margin:0 0 14px 0;font-size:15px;line-height:1.9;color:#0e2233;"">액션플랜대로 핵심 토픽과 인용문을 자동 추출하여, 운영진이 불만 포인트를 빠르게 파악하고 다음 차기 교육에 즉각 반영할 수 있도록 실행해 주시기 바랍니다.</p>
            </td>
          </tr>

          <!-- ========== INFO CARDS (2x2 table) ========== -->
          <tr>
            <td style=""padding:0 36px 10px 36px;"">
              <table role=""presentation"" width=""100%"" cellpadding=""0"" cellspacing=""0"" border=""0"">
                <tr>
                  <!-- Card 1: Action Plan -->
                  <td width=""50%"" valign=""top"" style=""padding:0 6px 12px 0;"">
                    <table role=""presentation"" width=""100%"" cellpadding=""0"" cellspacing=""0"" border=""0"" style=""background-color:#f7fafa;border:1px solid #dae4ec;"">
                      <tr>
                        <td style=""padding:16px 18px;"">
                          <p style=""margin:0 0 8px 0;font-size:11px;font-weight:bold;color:#0d8f84;letter-spacing:0.06em;font-family:'Malgun Gothic', '맑은 고딕', 'Apple SD Gothic Neo', 'Segoe UI', Helvetica, Arial, sans-serif;"">&#9654; &#xD575;&#xC2EC; &#xC2E4;&#xD589;&#xACC4;&#xD68D;</p>
                          <p style=""margin:0;font-size:14px;line-height:1.8;color:#0e2233;font-family:'Malgun Gothic', '맑은 고딕', 'Apple SD Gothic Neo', 'Segoe UI', Helvetica, Arial, sans-serif;"">정성 코멘트에서 핵심 토픽 3개와 대표 인용문 3개를 자동 추출</p>
                        </td>
                      </tr>
                    </table>
                  </td>
                  <!-- Card 2: Expected Behavior -->
                  <td width=""50%"" valign=""top"" style=""padding:0 0 12px 6px;"">
                    <table role=""presentation"" width=""100%"" cellpadding=""0"" cellspacing=""0"" border=""0"" style=""background-color:#f7fafa;border:1px solid #dae4ec;"">
                      <tr>
                        <td style=""padding:16px 18px;"">
                          <p style=""margin:0 0 8px 0;font-size:11px;font-weight:bold;color:#0d8f84;letter-spacing:0.06em;font-family:'Malgun Gothic', '맑은 고딕', 'Apple SD Gothic Neo', 'Segoe UI', Helvetica, Arial, sans-serif;"">&#9654; &#xAE30;&#xB300; &#xD589;&#xB3D9;</p>
                          <p style=""margin:0;font-size:14px;line-height:1.8;color:#0e2233;font-family:'Malgun Gothic', '맑은 고딕', 'Apple SD Gothic Neo', 'Segoe UI', Helvetica, Arial, sans-serif;"">운영진이 불만 포인트와 강점을 빠르게 파악해 다음 차수 반영 속도를 높인다</p>
                        </td>
                      </tr>
                    </table>
                  </td>
                </tr>
                <tr>
                  <!-- Card 3: Key Takeaway -->
                  <td width=""50%"" valign=""top"" style=""padding:0 6px 12px 0;"">
                    <table role=""presentation"" width=""100%"" cellpadding=""0"" cellspacing=""0"" border=""0"" style=""background-color:#f7fafa;border:1px solid #dae4ec;"">
                      <tr>
                        <td style=""padding:16px 18px;"">
                          <p style=""margin:0 0 8px 0;font-size:11px;font-weight:bold;color:#0d8f84;letter-spacing:0.06em;font-family:'Malgun Gothic', '맑은 고딕', 'Apple SD Gothic Neo', 'Segoe UI', Helvetica, Arial, sans-serif;"">&#9654; &#xAD50;&#xC721; &#xD575;&#xC2EC; &#xD3EC;&#xC778;&#xD2B8;</p>
                          <p style=""margin:0;font-size:14px;line-height:1.8;color:#0e2233;font-family:'Malgun Gothic', '맑은 고딕', 'Apple SD Gothic Neo', 'Segoe UI', Helvetica, Arial, sans-serif;"">인용문 3개와 토픽 3개만 잘 뽑아도 보고 품질이 높아진다는 점</p>
                        </td>
                      </tr>
                    </table>
                  </td>
                  <!-- Card 4: Comment -->
                  <td width=""50%"" valign=""top"" style=""padding:0 0 12px 6px;"">
                    <table role=""presentation"" width=""100%"" cellpadding=""0"" cellspacing=""0"" border=""0"" style=""background-color:#f7fafa;border:1px solid #dae4ec;"">
                      <tr>
                        <td style=""padding:16px 18px;"">
                          <p style=""margin:0 0 8px 0;font-size:11px;font-weight:bold;color:#0d8f84;letter-spacing:0.06em;font-family:'Malgun Gothic', '맑은 고딕', 'Apple SD Gothic Neo', 'Segoe UI', Helvetica, Arial, sans-serif;"">&#9654; &#xCC38;&#xAC00;&#xC790; &#xCF54;&#xBA58;&#xD2B8;</p>
                          <p style=""margin:0;font-size:14px;line-height:1.8;color:#0e2233;font-family:'Malgun Gothic', '맑은 고딕', 'Apple SD Gothic Neo', 'Segoe UI', Helvetica, Arial, sans-serif;"">정성데이터를 너무 무겁게 다루지 않아도 된다는 설명이 부담을 줄여줬다. 강사의 설명이 기술 용어를 과하게 쓰지 않아 이해가 쉬웠다. 실습 데이터 예시가 한두 건 더 있었으면 비교 설명이 쉬웠을 것 같다.</p>
                        </td>
                      </tr>
                    </table>
                  </td>
                </tr>
              </table>
            </td>
          </tr>

          <!-- ========== NEXT ACTION ========== -->
          <tr>
            <td style=""padding:6px 36px 20px 36px;"">
              <table role=""presentation"" width=""100%"" cellpadding=""0"" cellspacing=""0"" border=""0"" style=""background-color:#0d8f84;"">
                <tr>
                  <td style=""padding:20px 24px;"">
                    <p style=""margin:0 0 6px 0;font-size:11px;font-weight:bold;letter-spacing:0.1em;color:#b8e6e0;font-family:'Malgun Gothic', '맑은 고딕', 'Apple SD Gothic Neo', 'Segoe UI', Helvetica, Arial, sans-serif;"">NEXT ACTION</p>
                    <p style=""margin:0;font-size:16px;line-height:1.8;font-weight:bold;color:#ffffff;font-family:'Malgun Gothic', '맑은 고딕', 'Apple SD Gothic Neo', 'Segoe UI', Helvetica, Arial, sans-serif;"">정성 코멘트 핵심 토픽 및 인용문 자동 추출 시범 적용</p>
                  </td>
                </tr>
              </table>
            </td>
          </tr>

          <!-- ========== SIGNATURE ========== -->
          <tr>
            <td style=""padding:0 36px 36px 36px;"">
              <table role=""presentation"" width=""100%"" cellpadding=""0"" cellspacing=""0"" border=""0"" style=""border-top:1px solid #dae4ec;"">
                <tr>
                  <td style=""padding:20px 0 0 0;font-size:13px;line-height:1.9;color:#4a6a82;font-family:'Malgun Gothic', '맑은 고딕', 'Apple SD Gothic Neo', 'Segoe UI', Helvetica, Arial, sans-serif;"">
                    감사합니다.<br />
                    이도현<br />
                    현대제철 컬처디자인팀
                  </td>
                </tr>
              </table>
            </td>
          </tr>

        </table>
        <!--[if mso]></td></tr></table><![endif]-->

      </td>
    </tr>
  </table>

</body>
</html>
",sample_data/교육_액션플랜_데이터_feedback_output_html_preview/024_문서윤.html,completed,glm-4.5-air,2026-07-21T21:28:39
P025,민하준,participant025@hrd-ai-demo.example.com,에이펙스물류,인재육성팀,책임매니저,인재육성,교육 효과를 운영 기록이 아니라 경영 의사결정 자료로 전환하겠다,경영진 공유용으로 5장 내외의 교육 효과 요약 슬라이드 템플릿을 만든다,교육 결과를 숫자와 실행 과제로 연결해 임원 보고 속도를 높인다,보고용 스토리라인을 먼저 잡고 데이터를 넣는 방식이 도움이 됐다. 교육 후 실행으로 이어지는 그림을 잡는 데 큰 도움이 됐다. 중간 Q&A 시간을 한 번 더 넣어주면 이해가 더 안정될 것 같다.,숫자와 서술형 의견을 한 장의 스토리로 묶어야 경영진이 이해하기 쉽다는 점,정유라,"[현대제철 리더십 교육 F/U] 민하준 책임매니저, 경영진 보고용 슬라이드 템플릿 제작 가이드","민하준 책임매니저님, 교육 효과를 경영 의사결정 자료로 전환하시려는 계획이 명확합니다. 준비하신 5장 내외의 요약 슬라이드 템플릿을 통해 숫자와 실행 과제를 체계적으로 연결해 주시길 바랍니다. 임원 보고 속도 향상을 위해 결과물이 완성되면 함께 검토해보겠습니다.",[과제 제출] 경영진 공유용 교육 효과 요약 슬라이드 템플릿(5장 내외) 작성하여 제출하기,ok,"<!DOCTYPE html PUBLIC ""-//W3C//DTD XHTML 1.0 Transitional//EN"" ""http://www.w3.org/TR/xhtml1/DTD/xhtml1-transitional.dtd"">
<html xmlns=""http://www.w3.org/1999/xhtml"" lang=""ko"">
<head>
  <meta http-equiv=""Content-Type"" content=""text/html; charset=utf-8"" />
  <meta name=""viewport"" content=""width=device-width, initial-scale=1.0"" />
  <title>[현대제철 리더십 교육 F/U] 민하준 책임매니저, 경영진 보고용 슬라이드 템플릿 제작 가이드</title>
  <!--[if mso]>
  <style type=""text/css"">
    table { border-collapse: collapse; }
    td { font-family: 'Malgun Gothic', '맑은 고딕', 'Apple SD Gothic Neo', 'Segoe UI', Helvetica, Arial, sans-serif; }
  </style>
  <![endif]-->
</head>
<body style=""margin:0;padding:0;background-color:#eaf1f5;font-family:'Malgun Gothic', '맑은 고딕', 'Apple SD Gothic Neo', 'Segoe UI', Helvetica, Arial, sans-serif;font-size:15px;line-height:1.7;color:#0e2233;-webkit-text-size-adjust:100%;-ms-text-size-adjust:100%;"">

  <!-- Outer wrapper table for centering -->
  <table role=""presentation"" width=""100%"" cellpadding=""0"" cellspacing=""0"" border=""0"" style=""background-color:#eaf1f5;"">
    <tr>
      <td align=""center"" style=""padding:40px 16px 50px 16px;"">

        <!--[if mso]><table role=""presentation"" width=""680"" cellpadding=""0"" cellspacing=""0"" border=""0"" align=""center""><tr><td><![endif]-->
        <table role=""presentation"" width=""100%"" cellpadding=""0"" cellspacing=""0"" border=""0"" style=""max-width:680px;margin:0 auto;background-color:#ffffff;border:1px solid #d4e1e8;"">

          <!-- ========== HEADER ========== -->
          <tr>
            <td style=""padding:34px 36px 24px 36px;background-color:#f3f9f8;border-bottom:2px solid #0d8f84;"">
              <!-- Eyebrow badge -->
              <table role=""presentation"" cellpadding=""0"" cellspacing=""0"" border=""0"">
                <tr>
                  <td style=""background-color:#e6f4f2;padding:5px 14px;font-size:11px;font-weight:bold;color:#094d47;letter-spacing:0.08em;font-family:'Malgun Gothic', '맑은 고딕', 'Apple SD Gothic Neo', 'Segoe UI', Helvetica, Arial, sans-serif;"">
                    &#9679;&nbsp; 현대제철 리더십 교육 F/U
                  </td>
                </tr>
              </table>
              <!-- Title -->
              <h1 style=""margin:16px 0 8px 0;font-size:24px;font-weight:bold;line-height:1.35;color:#091e2f;font-family:'Malgun Gothic', '맑은 고딕', 'Apple SD Gothic Neo', 'Segoe UI', Helvetica, Arial, sans-serif;"">[현대제철 리더십 교육 F/U] 민하준 책임매니저, 경영진 보고용 슬라이드 템플릿 제작 가이드</h1>
              <!-- Recipient info -->
              <p style=""margin:0;font-size:14px;line-height:1.7;color:#4a6a82;font-family:'Malgun Gothic', '맑은 고딕', 'Apple SD Gothic Neo', 'Segoe UI', Helvetica, Arial, sans-serif;"">민하준&#xB2D8; &middot; 에이펙스물류 인재육성팀 &middot; 책임매니저</p>
            </td>
          </tr>

          <!-- ========== BODY ========== -->
          <tr>
            <td style=""padding:30px 36px 10px 36px;"">
              <p style=""margin:0 0 18px 0;font-size:15px;font-weight:bold;color:#094d47;font-family:'Malgun Gothic', '맑은 고딕', 'Apple SD Gothic Neo', 'Segoe UI', Helvetica, Arial, sans-serif;"">민하준&#xB2D8; &#xC548;&#xB155;&#xD558;&#xC138;&#xC694;.</p>
              <p style=""margin:0 0 14px 0;font-size:15px;line-height:1.9;color:#0e2233;"">민하준 책임매니저님, 교육 효과를 경영 의사결정 자료로 전환하시려는 계획이 명확합니다.</p>
<p style=""margin:0 0 14px 0;font-size:15px;line-height:1.9;color:#0e2233;"">준비하신 5장 내외의 요약 슬라이드 템플릿을 통해 숫자와 실행 과제를 체계적으로 연결해 주시길 바랍니다.</p>
<p style=""margin:0 0 14px 0;font-size:15px;line-height:1.9;color:#0e2233;"">임원 보고 속도 향상을 위해 결과물이 완성되면 함께 검토해보겠습니다.</p>
            </td>
          </tr>

          <!-- ========== INFO CARDS (2x2 table) ========== -->
          <tr>
            <td style=""padding:0 36px 10px 36px;"">
              <table role=""presentation"" width=""100%"" cellpadding=""0"" cellspacing=""0"" border=""0"">
                <tr>
                  <!-- Card 1: Action Plan -->
                  <td width=""50%"" valign=""top"" style=""padding:0 6px 12px 0;"">
                    <table role=""presentation"" width=""100%"" cellpadding=""0"" cellspacing=""0"" border=""0"" style=""background-color:#f7fafa;border:1px solid #dae4ec;"">
                      <tr>
                        <td style=""padding:16px 18px;"">
                          <p style=""margin:0 0 8px 0;font-size:11px;font-weight:bold;color:#0d8f84;letter-spacing:0.06em;font-family:'Malgun Gothic', '맑은 고딕', 'Apple SD Gothic Neo', 'Segoe UI', Helvetica, Arial, sans-serif;"">&#9654; &#xD575;&#xC2EC; &#xC2E4;&#xD589;&#xACC4;&#xD68D;</p>
                          <p style=""margin:0;font-size:14px;line-height:1.8;color:#0e2233;font-family:'Malgun Gothic', '맑은 고딕', 'Apple SD Gothic Neo', 'Segoe UI', Helvetica, Arial, sans-serif;"">경영진 공유용으로 5장 내외의 교육 효과 요약 슬라이드 템플릿을 만든다</p>
                        </td>
                      </tr>
                    </table>
                  </td>
                  <!-- Card 2: Expected Behavior -->
                  <td width=""50%"" valign=""top"" style=""padding:0 0 12px 6px;"">
                    <table role=""presentation"" width=""100%"" cellpadding=""0"" cellspacing=""0"" border=""0"" style=""background-color:#f7fafa;border:1px solid #dae4ec;"">
                      <tr>
                        <td style=""padding:16px 18px;"">
                          <p style=""margin:0 0 8px 0;font-size:11px;font-weight:bold;color:#0d8f84;letter-spacing:0.06em;font-family:'Malgun Gothic', '맑은 고딕', 'Apple SD Gothic Neo', 'Segoe UI', Helvetica, Arial, sans-serif;"">&#9654; &#xAE30;&#xB300; &#xD589;&#xB3D9;</p>
                          <p style=""margin:0;font-size:14px;line-height:1.8;color:#0e2233;font-family:'Malgun Gothic', '맑은 고딕', 'Apple SD Gothic Neo', 'Segoe UI', Helvetica, Arial, sans-serif;"">교육 결과를 숫자와 실행 과제로 연결해 임원 보고 속도를 높인다</p>
                        </td>
                      </tr>
                    </table>
                  </td>
                </tr>
                <tr>
                  <!-- Card 3: Key Takeaway -->
                  <td width=""50%"" valign=""top"" style=""padding:0 6px 12px 0;"">
                    <table role=""presentation"" width=""100%"" cellpadding=""0"" cellspacing=""0"" border=""0"" style=""background-color:#f7fafa;border:1px solid #dae4ec;"">
                      <tr>
                        <td style=""padding:16px 18px;"">
                          <p style=""margin:0 0 8px 0;font-size:11px;font-weight:bold;color:#0d8f84;letter-spacing:0.06em;font-family:'Malgun Gothic', '맑은 고딕', 'Apple SD Gothic Neo', 'Segoe UI', Helvetica, Arial, sans-serif;"">&#9654; &#xAD50;&#xC721; &#xD575;&#xC2EC; &#xD3EC;&#xC778;&#xD2B8;</p>
                          <p style=""margin:0;font-size:14px;line-height:1.8;color:#0e2233;font-family:'Malgun Gothic', '맑은 고딕', 'Apple SD Gothic Neo', 'Segoe UI', Helvetica, Arial, sans-serif;"">숫자와 서술형 의견을 한 장의 스토리로 묶어야 경영진이 이해하기 쉽다는 점</p>
                        </td>
                      </tr>
                    </table>
                  </td>
                  <!-- Card 4: Comment -->
                  <td width=""50%"" valign=""top"" style=""padding:0 0 12px 6px;"">
                    <table role=""presentation"" width=""100%"" cellpadding=""0"" cellspacing=""0"" border=""0"" style=""background-color:#f7fafa;border:1px solid #dae4ec;"">
                      <tr>
                        <td style=""padding:16px 18px;"">
                          <p style=""margin:0 0 8px 0;font-size:11px;font-weight:bold;color:#0d8f84;letter-spacing:0.06em;font-family:'Malgun Gothic', '맑은 고딕', 'Apple SD Gothic Neo', 'Segoe UI', Helvetica, Arial, sans-serif;"">&#9654; &#xCC38;&#xAC00;&#xC790; &#xCF54;&#xBA58;&#xD2B8;</p>
                          <p style=""margin:0;font-size:14px;line-height:1.8;color:#0e2233;font-family:'Malgun Gothic', '맑은 고딕', 'Apple SD Gothic Neo', 'Segoe UI', Helvetica, Arial, sans-serif;"">보고용 스토리라인을 먼저 잡고 데이터를 넣는 방식이 도움이 됐다. 교육 후 실행으로 이어지는 그림을 잡는 데 큰 도움이 됐다. 중간 Q&amp;A 시간을 한 번 더 넣어주면 이해가 더 안정될 것 같다.</p>
                        </td>
                      </tr>
                    </table>
                  </td>
                </tr>
              </table>
            </td>
          </tr>

          <!-- ========== NEXT ACTION ========== -->
          <tr>
            <td style=""padding:6px 36px 20px 36px;"">
              <table role=""presentation"" width=""100%"" cellpadding=""0"" cellspacing=""0"" border=""0"" style=""background-color:#0d8f84;"">
                <tr>
                  <td style=""padding:20px 24px;"">
                    <p style=""margin:0 0 6px 0;font-size:11px;font-weight:bold;letter-spacing:0.1em;color:#b8e6e0;font-family:'Malgun Gothic', '맑은 고딕', 'Apple SD Gothic Neo', 'Segoe UI', Helvetica, Arial, sans-serif;"">NEXT ACTION</p>
                    <p style=""margin:0;font-size:16px;line-height:1.8;font-weight:bold;color:#ffffff;font-family:'Malgun Gothic', '맑은 고딕', 'Apple SD Gothic Neo', 'Segoe UI', Helvetica, Arial, sans-serif;"">[과제 제출] 경영진 공유용 교육 효과 요약 슬라이드 템플릿(5장 내외) 작성하여 제출하기</p>
                  </td>
                </tr>
              </table>
            </td>
          </tr>

          <!-- ========== SIGNATURE ========== -->
          <tr>
            <td style=""padding:0 36px 36px 36px;"">
              <table role=""presentation"" width=""100%"" cellpadding=""0"" cellspacing=""0"" border=""0"" style=""border-top:1px solid #dae4ec;"">
                <tr>
                  <td style=""padding:20px 0 0 0;font-size:13px;line-height:1.9;color:#4a6a82;font-family:'Malgun Gothic', '맑은 고딕', 'Apple SD Gothic Neo', 'Segoe UI', Helvetica, Arial, sans-serif;"">
                    감사합니다.<br />
                    정유라<br />
                    현대제철 컬처디자인팀
                  </td>
                </tr>
              </table>
            </td>
          </tr>

        </table>
        <!--[if mso]></td></tr></table><![endif]-->

      </td>
    </tr>
  </table>

</body>
</html>
",sample_data/교육_액션플랜_데이터_feedback_output_html_preview/025_민하준.html,completed,glm-4.5-air,2026-07-21T21:29:22
P026,박가은,participant026@hrd-ai-demo.example.com,그린코어바이오,학습전략파트,대리,HRD,개인 역량에 의존하던 AI 활용을 팀 단위의 재사용 자산으로 남기겠다,사내에서 자주 쓰는 프롬프트를 역할·맥락·입력자료·출력형식 템플릿으로 정리,담당자마다 품질 편차가 줄고 비슷한 작업을 반복할 때 초안 속도가 빨라진다,프롬프트를 감으로 쓰지 않고 구조화하는 법을 배운 점이 유용했다. 강의-시연-실습이 하나의 흐름으로 이어져 집중하기 쉬웠다. 현업 사례가 더 세분화되면 우리 조직에 옮겨 담기 쉬울 것 같다.,출력형식과 품질기준을 먼저 정해야 결과가 안정된다는 점,한충석,[교육 후속] 프롬프트 템플릿 구조화를 위한 다음 단계,구조화된 프롬프트 활용법을 통해 팀 자산을 만드시겠다는 계획을 응원합니다. 계획하신 대로 역할과 맥락별 템플릿을 정리하여 업무 효율을 높여보세요. 준비된 템플릿은 실제 업무에 적용 후 그 결과를 공유해 주시기 바랍니다.,역할 및 맥락별 프롬프트 템플릿 작성 및 실무 적용,ok,"<!DOCTYPE html PUBLIC ""-//W3C//DTD XHTML 1.0 Transitional//EN"" ""http://www.w3.org/TR/xhtml1/DTD/xhtml1-transitional.dtd"">
<html xmlns=""http://www.w3.org/1999/xhtml"" lang=""ko"">
<head>
  <meta http-equiv=""Content-Type"" content=""text/html; charset=utf-8"" />
  <meta name=""viewport"" content=""width=device-width, initial-scale=1.0"" />
  <title>[교육 후속] 프롬프트 템플릿 구조화를 위한 다음 단계</title>
  <!--[if mso]>
  <style type=""text/css"">
    table { border-collapse: collapse; }
    td { font-family: 'Malgun Gothic', '맑은 고딕', 'Apple SD Gothic Neo', 'Segoe UI', Helvetica, Arial, sans-serif; }
  </style>
  <![endif]-->
</head>
<body style=""margin:0;padding:0;background-color:#eaf1f5;font-family:'Malgun Gothic', '맑은 고딕', 'Apple SD Gothic Neo', 'Segoe UI', Helvetica, Arial, sans-serif;font-size:15px;line-height:1.7;color:#0e2233;-webkit-text-size-adjust:100%;-ms-text-size-adjust:100%;"">

  <!-- Outer wrapper table for centering -->
  <table role=""presentation"" width=""100%"" cellpadding=""0"" cellspacing=""0"" border=""0"" style=""background-color:#eaf1f5;"">
    <tr>
      <td align=""center"" style=""padding:40px 16px 50px 16px;"">

        <!--[if mso]><table role=""presentation"" width=""680"" cellpadding=""0"" cellspacing=""0"" border=""0"" align=""center""><tr><td><![endif]-->
        <table role=""presentation"" width=""100%"" cellpadding=""0"" cellspacing=""0"" border=""0"" style=""max-width:680px;margin:0 auto;background-color:#ffffff;border:1px solid #d4e1e8;"">

          <!-- ========== HEADER ========== -->
          <tr>
            <td style=""padding:34px 36px 24px 36px;background-color:#f3f9f8;border-bottom:2px solid #0d8f84;"">
              <!-- Eyebrow badge -->
              <table role=""presentation"" cellpadding=""0"" cellspacing=""0"" border=""0"">
                <tr>
                  <td style=""background-color:#e6f4f2;padding:5px 14px;font-size:11px;font-weight:bold;color:#094d47;letter-spacing:0.08em;font-family:'Malgun Gothic', '맑은 고딕', 'Apple SD Gothic Neo', 'Segoe UI', Helvetica, Arial, sans-serif;"">
                    &#9679;&nbsp; 현대제철 리더십 교육 F/U
                  </td>
                </tr>
              </table>
              <!-- Title -->
              <h1 style=""margin:16px 0 8px 0;font-size:24px;font-weight:bold;line-height:1.35;color:#091e2f;font-family:'Malgun Gothic', '맑은 고딕', 'Apple SD Gothic Neo', 'Segoe UI', Helvetica, Arial, sans-serif;"">[교육 후속] 프롬프트 템플릿 구조화를 위한 다음 단계</h1>
              <!-- Recipient info -->
              <p style=""margin:0;font-size:14px;line-height:1.7;color:#4a6a82;font-family:'Malgun Gothic', '맑은 고딕', 'Apple SD Gothic Neo', 'Segoe UI', Helvetica, Arial, sans-serif;"">박가은&#xB2D8; &middot; 그린코어바이오 학습전략파트 &middot; 대리</p>
            </td>
          </tr>

          <!-- ========== BODY ========== -->
          <tr>
            <td style=""padding:30px 36px 10px 36px;"">
              <p style=""margin:0 0 18px 0;font-size:15px;font-weight:bold;color:#094d47;font-family:'Malgun Gothic', '맑은 고딕', 'Apple SD Gothic Neo', 'Segoe UI', Helvetica, Arial, sans-serif;"">박가은&#xB2D8; &#xC548;&#xB155;&#xD558;&#xC138;&#xC694;.</p>
              <p style=""margin:0 0 14px 0;font-size:15px;line-height:1.9;color:#0e2233;"">구조화된 프롬프트 활용법을 통해 팀 자산을 만드시겠다는 계획을 응원합니다.</p>
<p style=""margin:0 0 14px 0;font-size:15px;line-height:1.9;color:#0e2233;"">계획하신 대로 역할과 맥락별 템플릿을 정리하여 업무 효율을 높여보세요.</p>
<p style=""margin:0 0 14px 0;font-size:15px;line-height:1.9;color:#0e2233;"">준비된 템플릿은 실제 업무에 적용 후 그 결과를 공유해 주시기 바랍니다.</p>
            </td>
          </tr>

          <!-- ========== INFO CARDS (2x2 table) ========== -->
          <tr>
            <td style=""padding:0 36px 10px 36px;"">
              <table role=""presentation"" width=""100%"" cellpadding=""0"" cellspacing=""0"" border=""0"">
                <tr>
                  <!-- Card 1: Action Plan -->
                  <td width=""50%"" valign=""top"" style=""padding:0 6px 12px 0;"">
                    <table role=""presentation"" width=""100%"" cellpadding=""0"" cellspacing=""0"" border=""0"" style=""background-color:#f7fafa;border:1px solid #dae4ec;"">
                      <tr>
                        <td style=""padding:16px 18px;"">
                          <p style=""margin:0 0 8px 0;font-size:11px;font-weight:bold;color:#0d8f84;letter-spacing:0.06em;font-family:'Malgun Gothic', '맑은 고딕', 'Apple SD Gothic Neo', 'Segoe UI', Helvetica, Arial, sans-serif;"">&#9654; &#xD575;&#xC2EC; &#xC2E4;&#xD589;&#xACC4;&#xD68D;</p>
                          <p style=""margin:0;font-size:14px;line-height:1.8;color:#0e2233;font-family:'Malgun Gothic', '맑은 고딕', 'Apple SD Gothic Neo', 'Segoe UI', Helvetica, Arial, sans-serif;"">사내에서 자주 쓰는 프롬프트를 역할·맥락·입력자료·출력형식 템플릿으로 정리</p>
                        </td>
                      </tr>
                    </table>
                  </td>
                  <!-- Card 2: Expected Behavior -->
                  <td width=""50%"" valign=""top"" style=""padding:0 0 12px 6px;"">
                    <table role=""presentation"" width=""100%"" cellpadding=""0"" cellspacing=""0"" border=""0"" style=""background-color:#f7fafa;border:1px solid #dae4ec;"">
                      <tr>
                        <td style=""padding:16px 18px;"">
                          <p style=""margin:0 0 8px 0;font-size:11px;font-weight:bold;color:#0d8f84;letter-spacing:0.06em;font-family:'Malgun Gothic', '맑은 고딕', 'Apple SD Gothic Neo', 'Segoe UI', Helvetica, Arial, sans-serif;"">&#9654; &#xAE30;&#xB300; &#xD589;&#xB3D9;</p>
                          <p style=""margin:0;font-size:14px;line-height:1.8;color:#0e2233;font-family:'Malgun Gothic', '맑은 고딕', 'Apple SD Gothic Neo', 'Segoe UI', Helvetica, Arial, sans-serif;"">담당자마다 품질 편차가 줄고 비슷한 작업을 반복할 때 초안 속도가 빨라진다</p>
                        </td>
                      </tr>
                    </table>
                  </td>
                </tr>
                <tr>
                  <!-- Card 3: Key Takeaway -->
                  <td width=""50%"" valign=""top"" style=""padding:0 6px 12px 0;"">
                    <table role=""presentation"" width=""100%"" cellpadding=""0"" cellspacing=""0"" border=""0"" style=""background-color:#f7fafa;border:1px solid #dae4ec;"">
                      <tr>
                        <td style=""padding:16px 18px;"">
                          <p style=""margin:0 0 8px 0;font-size:11px;font-weight:bold;color:#0d8f84;letter-spacing:0.06em;font-family:'Malgun Gothic', '맑은 고딕', 'Apple SD Gothic Neo', 'Segoe UI', Helvetica, Arial, sans-serif;"">&#9654; &#xAD50;&#xC721; &#xD575;&#xC2EC; &#xD3EC;&#xC778;&#xD2B8;</p>
                          <p style=""margin:0;font-size:14px;line-height:1.8;color:#0e2233;font-family:'Malgun Gothic', '맑은 고딕', 'Apple SD Gothic Neo', 'Segoe UI', Helvetica, Arial, sans-serif;"">출력형식과 품질기준을 먼저 정해야 결과가 안정된다는 점</p>
                        </td>
                      </tr>
                    </table>
                  </td>
                  <!-- Card 4: Comment -->
                  <td width=""50%"" valign=""top"" style=""padding:0 0 12px 6px;"">
                    <table role=""presentation"" width=""100%"" cellpadding=""0"" cellspacing=""0"" border=""0"" style=""background-color:#f7fafa;border:1px solid #dae4ec;"">
                      <tr>
                        <td style=""padding:16px 18px;"">
                          <p style=""margin:0 0 8px 0;font-size:11px;font-weight:bold;color:#0d8f84;letter-spacing:0.06em;font-family:'Malgun Gothic', '맑은 고딕', 'Apple SD Gothic Neo', 'Segoe UI', Helvetica, Arial, sans-serif;"">&#9654; &#xCC38;&#xAC00;&#xC790; &#xCF54;&#xBA58;&#xD2B8;</p>
                          <p style=""margin:0;font-size:14px;line-height:1.8;color:#0e2233;font-family:'Malgun Gothic', '맑은 고딕', 'Apple SD Gothic Neo', 'Segoe UI', Helvetica, Arial, sans-serif;"">프롬프트를 감으로 쓰지 않고 구조화하는 법을 배운 점이 유용했다. 강의-시연-실습이 하나의 흐름으로 이어져 집중하기 쉬웠다. 현업 사례가 더 세분화되면 우리 조직에 옮겨 담기 쉬울 것 같다.</p>
                        </td>
                      </tr>
                    </table>
                  </td>
                </tr>
              </table>
            </td>
          </tr>

          <!-- ========== NEXT ACTION ========== -->
          <tr>
            <td style=""padding:6px 36px 20px 36px;"">
              <table role=""presentation"" width=""100%"" cellpadding=""0"" cellspacing=""0"" border=""0"" style=""background-color:#0d8f84;"">
                <tr>
                  <td style=""padding:20px 24px;"">
                    <p style=""margin:0 0 6px 0;font-size:11px;font-weight:bold;letter-spacing:0.1em;color:#b8e6e0;font-family:'Malgun Gothic', '맑은 고딕', 'Apple SD Gothic Neo', 'Segoe UI', Helvetica, Arial, sans-serif;"">NEXT ACTION</p>
                    <p style=""margin:0;font-size:16px;line-height:1.8;font-weight:bold;color:#ffffff;font-family:'Malgun Gothic', '맑은 고딕', 'Apple SD Gothic Neo', 'Segoe UI', Helvetica, Arial, sans-serif;"">역할 및 맥락별 프롬프트 템플릿 작성 및 실무 적용</p>
                  </td>
                </tr>
              </table>
            </td>
          </tr>

          <!-- ========== SIGNATURE ========== -->
          <tr>
            <td style=""padding:0 36px 36px 36px;"">
              <table role=""presentation"" width=""100%"" cellpadding=""0"" cellspacing=""0"" border=""0"" style=""border-top:1px solid #dae4ec;"">
                <tr>
                  <td style=""padding:20px 0 0 0;font-size:13px;line-height:1.9;color:#4a6a82;font-family:'Malgun Gothic', '맑은 고딕', 'Apple SD Gothic Neo', 'Segoe UI', Helvetica, Arial, sans-serif;"">
                    감사합니다.<br />
                    한충석<br />
                    현대제철 컬처디자인팀
                  </td>
                </tr>
              </table>
            </td>
          </tr>

        </table>
        <!--[if mso]></td></tr></table><![endif]-->

      </td>
    </tr>
  </table>

</body>
</html>
",sample_data/교육_액션플랜_데이터_feedback_output_html_preview/026_박가은.html,completed,glm-4.5-air,2026-07-21T21:30:02
P027,박도훈,participant027@hrd-ai-demo.example.com,리버스틸솔루션,현업전문가육성팀,차장,HRD,사내 교육 운영에서도 웹 기반 정보 제공 방식을 자연스럽게 정착시키겠다,GitHub Pages 기반 교육 안내 페이지 제작 프로세스를 팀 표준으로 정리,교육 안내 페이지를 빠르게 배포하고 모바일 접근성을 기본값으로 맞춘다,페이지를 단순히 예쁘게 만드는 것이 아니라 운영 리스크를 줄이는 관점이 좋았다. 실습 전 사전 안내가 조금 더 구조화되면 따라가기 한결 수월하겠다. 기초 설명은 충분했지만 실습 난도는 한 단계 높여도 좋겠다고 느꼈다.,모바일 우선 설계가 운영 효율과 직결된다는 점,박서윤,[현대제철 리더십 교육 F/U] GitHub Pages 표준 프로세스 정리 및 모바일 기본 설정,"박도훈 차장님, 교육 중 운영 리스크 감소와 모바일 우선 설계의 중요성을 정확히 파악해 주셨습니다. 배운 내용을 바탕으로 GitHub Pages 기반 교육 안내 페이지 제작 프로세스를 팀 표준으로 정리해 주시길 부탁드립니다. 모바일 접근성을 기본값으로 하여 빠르게 페이지를 배포해 보시길 권장합니다.",GitHub Pages 팀 표준 프로세스 정리 및 모바일 친화적 교육 페이지 배포,ok,"<!DOCTYPE html PUBLIC ""-//W3C//DTD XHTML 1.0 Transitional//EN"" ""http://www.w3.org/TR/xhtml1/DTD/xhtml1-transitional.dtd"">
<html xmlns=""http://www.w3.org/1999/xhtml"" lang=""ko"">
<head>
  <meta http-equiv=""Content-Type"" content=""text/html; charset=utf-8"" />
  <meta name=""viewport"" content=""width=device-width, initial-scale=1.0"" />
  <title>[현대제철 리더십 교육 F/U] GitHub Pages 표준 프로세스 정리 및 모바일 기본 설정</title>
  <!--[if mso]>
  <style type=""text/css"">
    table { border-collapse: collapse; }
    td { font-family: 'Malgun Gothic', '맑은 고딕', 'Apple SD Gothic Neo', 'Segoe UI', Helvetica, Arial, sans-serif; }
  </style>
  <![endif]-->
</head>
<body style=""margin:0;padding:0;background-color:#eaf1f5;font-family:'Malgun Gothic', '맑은 고딕', 'Apple SD Gothic Neo', 'Segoe UI', Helvetica, Arial, sans-serif;font-size:15px;line-height:1.7;color:#0e2233;-webkit-text-size-adjust:100%;-ms-text-size-adjust:100%;"">

  <!-- Outer wrapper table for centering -->
  <table role=""presentation"" width=""100%"" cellpadding=""0"" cellspacing=""0"" border=""0"" style=""background-color:#eaf1f5;"">
    <tr>
      <td align=""center"" style=""padding:40px 16px 50px 16px;"">

        <!--[if mso]><table role=""presentation"" width=""680"" cellpadding=""0"" cellspacing=""0"" border=""0"" align=""center""><tr><td><![endif]-->
        <table role=""presentation"" width=""100%"" cellpadding=""0"" cellspacing=""0"" border=""0"" style=""max-width:680px;margin:0 auto;background-color:#ffffff;border:1px solid #d4e1e8;"">

          <!-- ========== HEADER ========== -->
          <tr>
            <td style=""padding:34px 36px 24px 36px;background-color:#f3f9f8;border-bottom:2px solid #0d8f84;"">
              <!-- Eyebrow badge -->
              <table role=""presentation"" cellpadding=""0"" cellspacing=""0"" border=""0"">
                <tr>
                  <td style=""background-color:#e6f4f2;padding:5px 14px;font-size:11px;font-weight:bold;color:#094d47;letter-spacing:0.08em;font-family:'Malgun Gothic', '맑은 고딕', 'Apple SD Gothic Neo', 'Segoe UI', Helvetica, Arial, sans-serif;"">
                    &#9679;&nbsp; 현대제철 리더십 교육 F/U
                  </td>
                </tr>
              </table>
              <!-- Title -->
              <h1 style=""margin:16px 0 8px 0;font-size:24px;font-weight:bold;line-height:1.35;color:#091e2f;font-family:'Malgun Gothic', '맑은 고딕', 'Apple SD Gothic Neo', 'Segoe UI', Helvetica, Arial, sans-serif;"">[현대제철 리더십 교육 F/U] GitHub Pages 표준 프로세스 정리 및 모바일 기본 설정</h1>
              <!-- Recipient info -->
              <p style=""margin:0;font-size:14px;line-height:1.7;color:#4a6a82;font-family:'Malgun Gothic', '맑은 고딕', 'Apple SD Gothic Neo', 'Segoe UI', Helvetica, Arial, sans-serif;"">박도훈&#xB2D8; &middot; 리버스틸솔루션 현업전문가육성팀 &middot; 차장</p>
            </td>
          </tr>

          <!-- ========== BODY ========== -->
          <tr>
            <td style=""padding:30px 36px 10px 36px;"">
              <p style=""margin:0 0 18px 0;font-size:15px;font-weight:bold;color:#094d47;font-family:'Malgun Gothic', '맑은 고딕', 'Apple SD Gothic Neo', 'Segoe UI', Helvetica, Arial, sans-serif;"">박도훈&#xB2D8; &#xC548;&#xB155;&#xD558;&#xC138;&#xC694;.</p>
              <p style=""margin:0 0 14px 0;font-size:15px;line-height:1.9;color:#0e2233;"">박도훈 차장님, 교육 중 운영 리스크 감소와 모바일 우선 설계의 중요성을 정확히 파악해 주셨습니다.</p>
<p style=""margin:0 0 14px 0;font-size:15px;line-height:1.9;color:#0e2233;"">배운 내용을 바탕으로 GitHub Pages 기반 교육 안내 페이지 제작 프로세스를 팀 표준으로 정리해 주시길 부탁드립니다.</p>
<p style=""margin:0 0 14px 0;font-size:15px;line-height:1.9;color:#0e2233;"">모바일 접근성을 기본값으로 하여 빠르게 페이지를 배포해 보시길 권장합니다.</p>
            </td>
          </tr>

          <!-- ========== INFO CARDS (2x2 table) ========== -->
          <tr>
            <td style=""padding:0 36px 10px 36px;"">
              <table role=""presentation"" width=""100%"" cellpadding=""0"" cellspacing=""0"" border=""0"">
                <tr>
                  <!-- Card 1: Action Plan -->
                  <td width=""50%"" valign=""top"" style=""padding:0 6px 12px 0;"">
                    <table role=""presentation"" width=""100%"" cellpadding=""0"" cellspacing=""0"" border=""0"" style=""background-color:#f7fafa;border:1px solid #dae4ec;"">
                      <tr>
                        <td style=""padding:16px 18px;"">
                          <p style=""margin:0 0 8px 0;font-size:11px;font-weight:bold;color:#0d8f84;letter-spacing:0.06em;font-family:'Malgun Gothic', '맑은 고딕', 'Apple SD Gothic Neo', 'Segoe UI', Helvetica, Arial, sans-serif;"">&#9654; &#xD575;&#xC2EC; &#xC2E4;&#xD589;&#xACC4;&#xD68D;</p>
                          <p style=""margin:0;font-size:14px;line-height:1.8;color:#0e2233;font-family:'Malgun Gothic', '맑은 고딕', 'Apple SD Gothic Neo', 'Segoe UI', Helvetica, Arial, sans-serif;"">GitHub Pages 기반 교육 안내 페이지 제작 프로세스를 팀 표준으로 정리</p>
                        </td>
                      </tr>
                    </table>
                  </td>
                  <!-- Card 2: Expected Behavior -->
                  <td width=""50%"" valign=""top"" style=""padding:0 0 12px 6px;"">
                    <table role=""presentation"" width=""100%"" cellpadding=""0"" cellspacing=""0"" border=""0"" style=""background-color:#f7fafa;border:1px solid #dae4ec;"">
                      <tr>
                        <td style=""padding:16px 18px;"">
                          <p style=""margin:0 0 8px 0;font-size:11px;font-weight:bold;color:#0d8f84;letter-spacing:0.06em;font-family:'Malgun Gothic', '맑은 고딕', 'Apple SD Gothic Neo', 'Segoe UI', Helvetica, Arial, sans-serif;"">&#9654; &#xAE30;&#xB300; &#xD589;&#xB3D9;</p>
                          <p style=""margin:0;font-size:14px;line-height:1.8;color:#0e2233;font-family:'Malgun Gothic', '맑은 고딕', 'Apple SD Gothic Neo', 'Segoe UI', Helvetica, Arial, sans-serif;"">교육 안내 페이지를 빠르게 배포하고 모바일 접근성을 기본값으로 맞춘다</p>
                        </td>
                      </tr>
                    </table>
                  </td>
                </tr>
                <tr>
                  <!-- Card 3: Key Takeaway -->
                  <td width=""50%"" valign=""top"" style=""padding:0 6px 12px 0;"">
                    <table role=""presentation"" width=""100%"" cellpadding=""0"" cellspacing=""0"" border=""0"" style=""background-color:#f7fafa;border:1px solid #dae4ec;"">
                      <tr>
                        <td style=""padding:16px 18px;"">
                          <p style=""margin:0 0 8px 0;font-size:11px;font-weight:bold;color:#0d8f84;letter-spacing:0.06em;font-family:'Malgun Gothic', '맑은 고딕', 'Apple SD Gothic Neo', 'Segoe UI', Helvetica, Arial, sans-serif;"">&#9654; &#xAD50;&#xC721; &#xD575;&#xC2EC; &#xD3EC;&#xC778;&#xD2B8;</p>
                          <p style=""margin:0;font-size:14px;line-height:1.8;color:#0e2233;font-family:'Malgun Gothic', '맑은 고딕', 'Apple SD Gothic Neo', 'Segoe UI', Helvetica, Arial, sans-serif;"">모바일 우선 설계가 운영 효율과 직결된다는 점</p>
                        </td>
                      </tr>
                    </table>
                  </td>
                  <!-- Card 4: Comment -->
                  <td width=""50%"" valign=""top"" style=""padding:0 0 12px 6px;"">
                    <table role=""presentation"" width=""100%"" cellpadding=""0"" cellspacing=""0"" border=""0"" style=""background-color:#f7fafa;border:1px solid #dae4ec;"">
                      <tr>
                        <td style=""padding:16px 18px;"">
                          <p style=""margin:0 0 8px 0;font-size:11px;font-weight:bold;color:#0d8f84;letter-spacing:0.06em;font-family:'Malgun Gothic', '맑은 고딕', 'Apple SD Gothic Neo', 'Segoe UI', Helvetica, Arial, sans-serif;"">&#9654; &#xCC38;&#xAC00;&#xC790; &#xCF54;&#xBA58;&#xD2B8;</p>
                          <p style=""margin:0;font-size:14px;line-height:1.8;color:#0e2233;font-family:'Malgun Gothic', '맑은 고딕', 'Apple SD Gothic Neo', 'Segoe UI', Helvetica, Arial, sans-serif;"">페이지를 단순히 예쁘게 만드는 것이 아니라 운영 리스크를 줄이는 관점이 좋았다. 실습 전 사전 안내가 조금 더 구조화되면 따라가기 한결 수월하겠다. 기초 설명은 충분했지만 실습 난도는 한 단계 높여도 좋겠다고 느꼈다.</p>
                        </td>
                      </tr>
                    </table>
                  </td>
                </tr>
              </table>
            </td>
          </tr>

          <!-- ========== NEXT ACTION ========== -->
          <tr>
            <td style=""padding:6px 36px 20px 36px;"">
              <table role=""presentation"" width=""100%"" cellpadding=""0"" cellspacing=""0"" border=""0"" style=""background-color:#0d8f84;"">
                <tr>
                  <td style=""padding:20px 24px;"">
                    <p style=""margin:0 0 6px 0;font-size:11px;font-weight:bold;letter-spacing:0.1em;color:#b8e6e0;font-family:'Malgun Gothic', '맑은 고딕', 'Apple SD Gothic Neo', 'Segoe UI', Helvetica, Arial, sans-serif;"">NEXT ACTION</p>
                    <p style=""margin:0;font-size:16px;line-height:1.8;font-weight:bold;color:#ffffff;font-family:'Malgun Gothic', '맑은 고딕', 'Apple SD Gothic Neo', 'Segoe UI', Helvetica, Arial, sans-serif;"">GitHub Pages 팀 표준 프로세스 정리 및 모바일 친화적 교육 페이지 배포</p>
                  </td>
                </tr>
              </table>
            </td>
          </tr>

          <!-- ========== SIGNATURE ========== -->
          <tr>
            <td style=""padding:0 36px 36px 36px;"">
              <table role=""presentation"" width=""100%"" cellpadding=""0"" cellspacing=""0"" border=""0"" style=""border-top:1px solid #dae4ec;"">
                <tr>
                  <td style=""padding:20px 0 0 0;font-size:13px;line-height:1.9;color:#4a6a82;font-family:'Malgun Gothic', '맑은 고딕', 'Apple SD Gothic Neo', 'Segoe UI', Helvetica, Arial, sans-serif;"">
                    감사합니다.<br />
                    박서윤<br />
                    현대제철 컬처디자인팀
                  </td>
                </tr>
              </table>
            </td>
          </tr>

        </table>
        <!--[if mso]></td></tr></table><![endif]-->

      </td>
    </tr>
  </table>

</body>
</html>
",sample_data/교육_액션플랜_데이터_feedback_output_html_preview/027_박도훈.html,completed,glm-4.5-air,2026-07-21T21:30:46
P028,박서율,participant028@hrd-ai-demo.example.com,케이브릿지파이낸셜,인재성장팀,매니저,인재육성,한 번의 교육을 일회성 이벤트가 아니라 행동 변화의 시작점으로 만들겠다,수강 후 4주 실행 습관을 위한 주차별 체크인 시트와 리마인드 메일을 만든다,참가자가 계획을 선언에 그치지 않고 작은 실험을 이어가도록 유도한다,교육 직후 작은 실험부터 설계하라는 메시지가 가장 현실적으로 다가왔다. 도구 설명보다 업무 문제 정의에 초점을 둔 구성이 실무적이었다. 이론과 실습의 난이도 균형은 전반적으로 적절했다.,작게 시작해 빠르게 검증하는 접근이 현업 적용 장벽을 낮춘다는 점,김민주,현대제철 리더십 교육 후속: 박서율 매니저의 행동 변화 시작,"박서율 매니저, '작게 시작해 빠르게 검증하는' 접근법이 업무 적용의 좋은 시작점이 될 것입니다. 계획하신 4주간의 체크인 시트를 통해 꾸준한 실행 습관을 만들어 보시기를 바랍니다. 지금 바로 첫 번째 작은 실험을 설계하고 실행해 보세요.",주차별 체크인 시트 작성 후 첫 번째 작은 실험 설계 및 실행,ok,"<!DOCTYPE html PUBLIC ""-//W3C//DTD XHTML 1.0 Transitional//EN"" ""http://www.w3.org/TR/xhtml1/DTD/xhtml1-transitional.dtd"">
<html xmlns=""http://www.w3.org/1999/xhtml"" lang=""ko"">
<head>
  <meta http-equiv=""Content-Type"" content=""text/html; charset=utf-8"" />
  <meta name=""viewport"" content=""width=device-width, initial-scale=1.0"" />
  <title>현대제철 리더십 교육 후속: 박서율 매니저의 행동 변화 시작</title>
  <!--[if mso]>
  <style type=""text/css"">
    table { border-collapse: collapse; }
    td { font-family: 'Malgun Gothic', '맑은 고딕', 'Apple SD Gothic Neo', 'Segoe UI', Helvetica, Arial, sans-serif; }
  </style>
  <![endif]-->
</head>
<body style=""margin:0;padding:0;background-color:#eaf1f5;font-family:'Malgun Gothic', '맑은 고딕', 'Apple SD Gothic Neo', 'Segoe UI', Helvetica, Arial, sans-serif;font-size:15px;line-height:1.7;color:#0e2233;-webkit-text-size-adjust:100%;-ms-text-size-adjust:100%;"">

  <!-- Outer wrapper table for centering -->
  <table role=""presentation"" width=""100%"" cellpadding=""0"" cellspacing=""0"" border=""0"" style=""background-color:#eaf1f5;"">
    <tr>
      <td align=""center"" style=""padding:40px 16px 50px 16px;"">

        <!--[if mso]><table role=""presentation"" width=""680"" cellpadding=""0"" cellspacing=""0"" border=""0"" align=""center""><tr><td><![endif]-->
        <table role=""presentation"" width=""100%"" cellpadding=""0"" cellspacing=""0"" border=""0"" style=""max-width:680px;margin:0 auto;background-color:#ffffff;border:1px solid #d4e1e8;"">

          <!-- ========== HEADER ========== -->
          <tr>
            <td style=""padding:34px 36px 24px 36px;background-color:#f3f9f8;border-bottom:2px solid #0d8f84;"">
              <!-- Eyebrow badge -->
              <table role=""presentation"" cellpadding=""0"" cellspacing=""0"" border=""0"">
                <tr>
                  <td style=""background-color:#e6f4f2;padding:5px 14px;font-size:11px;font-weight:bold;color:#094d47;letter-spacing:0.08em;font-family:'Malgun Gothic', '맑은 고딕', 'Apple SD Gothic Neo', 'Segoe UI', Helvetica, Arial, sans-serif;"">
                    &#9679;&nbsp; 현대제철 리더십 교육 F/U
                  </td>
                </tr>
              </table>
              <!-- Title -->
              <h1 style=""margin:16px 0 8px 0;font-size:24px;font-weight:bold;line-height:1.35;color:#091e2f;font-family:'Malgun Gothic', '맑은 고딕', 'Apple SD Gothic Neo', 'Segoe UI', Helvetica, Arial, sans-serif;"">현대제철 리더십 교육 후속: 박서율 매니저의 행동 변화 시작</h1>
              <!-- Recipient info -->
              <p style=""margin:0;font-size:14px;line-height:1.7;color:#4a6a82;font-family:'Malgun Gothic', '맑은 고딕', 'Apple SD Gothic Neo', 'Segoe UI', Helvetica, Arial, sans-serif;"">박서율&#xB2D8; &middot; 케이브릿지파이낸셜 인재성장팀 &middot; 매니저</p>
            </td>
          </tr>

          <!-- ========== BODY ========== -->
          <tr>
            <td style=""padding:30px 36px 10px 36px;"">
              <p style=""margin:0 0 18px 0;font-size:15px;font-weight:bold;color:#094d47;font-family:'Malgun Gothic', '맑은 고딕', 'Apple SD Gothic Neo', 'Segoe UI', Helvetica, Arial, sans-serif;"">박서율&#xB2D8; &#xC548;&#xB155;&#xD558;&#xC138;&#xC694;.</p>
              <p style=""margin:0 0 14px 0;font-size:15px;line-height:1.9;color:#0e2233;"">박서율 매니저, &#x27;작게 시작해 빠르게 검증하는&#x27; 접근법이 업무 적용의 좋은 시작점이 될 것입니다.</p>
<p style=""margin:0 0 14px 0;font-size:15px;line-height:1.9;color:#0e2233;"">계획하신 4주간의 체크인 시트를 통해 꾸준한 실행 습관을 만들어 보시기를 바랍니다.</p>
<p style=""margin:0 0 14px 0;font-size:15px;line-height:1.9;color:#0e2233;"">지금 바로 첫 번째 작은 실험을 설계하고 실행해 보세요.</p>
            </td>
          </tr>

          <!-- ========== INFO CARDS (2x2 table) ========== -->
          <tr>
            <td style=""padding:0 36px 10px 36px;"">
              <table role=""presentation"" width=""100%"" cellpadding=""0"" cellspacing=""0"" border=""0"">
                <tr>
                  <!-- Card 1: Action Plan -->
                  <td width=""50%"" valign=""top"" style=""padding:0 6px 12px 0;"">
                    <table role=""presentation"" width=""100%"" cellpadding=""0"" cellspacing=""0"" border=""0"" style=""background-color:#f7fafa;border:1px solid #dae4ec;"">
                      <tr>
                        <td style=""padding:16px 18px;"">
                          <p style=""margin:0 0 8px 0;font-size:11px;font-weight:bold;color:#0d8f84;letter-spacing:0.06em;font-family:'Malgun Gothic', '맑은 고딕', 'Apple SD Gothic Neo', 'Segoe UI', Helvetica, Arial, sans-serif;"">&#9654; &#xD575;&#xC2EC; &#xC2E4;&#xD589;&#xACC4;&#xD68D;</p>
                          <p style=""margin:0;font-size:14px;line-height:1.8;color:#0e2233;font-family:'Malgun Gothic', '맑은 고딕', 'Apple SD Gothic Neo', 'Segoe UI', Helvetica, Arial, sans-serif;"">수강 후 4주 실행 습관을 위한 주차별 체크인 시트와 리마인드 메일을 만든다</p>
                        </td>
                      </tr>
                    </table>
                  </td>
                  <!-- Card 2: Expected Behavior -->
                  <td width=""50%"" valign=""top"" style=""padding:0 0 12px 6px;"">
                    <table role=""presentation"" width=""100%"" cellpadding=""0"" cellspacing=""0"" border=""0"" style=""background-color:#f7fafa;border:1px solid #dae4ec;"">
                      <tr>
                        <td style=""padding:16px 18px;"">
                          <p style=""margin:0 0 8px 0;font-size:11px;font-weight:bold;color:#0d8f84;letter-spacing:0.06em;font-family:'Malgun Gothic', '맑은 고딕', 'Apple SD Gothic Neo', 'Segoe UI', Helvetica, Arial, sans-serif;"">&#9654; &#xAE30;&#xB300; &#xD589;&#xB3D9;</p>
                          <p style=""margin:0;font-size:14px;line-height:1.8;color:#0e2233;font-family:'Malgun Gothic', '맑은 고딕', 'Apple SD Gothic Neo', 'Segoe UI', Helvetica, Arial, sans-serif;"">참가자가 계획을 선언에 그치지 않고 작은 실험을 이어가도록 유도한다</p>
                        </td>
                      </tr>
                    </table>
                  </td>
                </tr>
                <tr>
                  <!-- Card 3: Key Takeaway -->
                  <td width=""50%"" valign=""top"" style=""padding:0 6px 12px 0;"">
                    <table role=""presentation"" width=""100%"" cellpadding=""0"" cellspacing=""0"" border=""0"" style=""background-color:#f7fafa;border:1px solid #dae4ec;"">
                      <tr>
                        <td style=""padding:16px 18px;"">
                          <p style=""margin:0 0 8px 0;font-size:11px;font-weight:bold;color:#0d8f84;letter-spacing:0.06em;font-family:'Malgun Gothic', '맑은 고딕', 'Apple SD Gothic Neo', 'Segoe UI', Helvetica, Arial, sans-serif;"">&#9654; &#xAD50;&#xC721; &#xD575;&#xC2EC; &#xD3EC;&#xC778;&#xD2B8;</p>
                          <p style=""margin:0;font-size:14px;line-height:1.8;color:#0e2233;font-family:'Malgun Gothic', '맑은 고딕', 'Apple SD Gothic Neo', 'Segoe UI', Helvetica, Arial, sans-serif;"">작게 시작해 빠르게 검증하는 접근이 현업 적용 장벽을 낮춘다는 점</p>
                        </td>
                      </tr>
                    </table>
                  </td>
                  <!-- Card 4: Comment -->
                  <td width=""50%"" valign=""top"" style=""padding:0 0 12px 6px;"">
                    <table role=""presentation"" width=""100%"" cellpadding=""0"" cellspacing=""0"" border=""0"" style=""background-color:#f7fafa;border:1px solid #dae4ec;"">
                      <tr>
                        <td style=""padding:16px 18px;"">
                          <p style=""margin:0 0 8px 0;font-size:11px;font-weight:bold;color:#0d8f84;letter-spacing:0.06em;font-family:'Malgun Gothic', '맑은 고딕', 'Apple SD Gothic Neo', 'Segoe UI', Helvetica, Arial, sans-serif;"">&#9654; &#xCC38;&#xAC00;&#xC790; &#xCF54;&#xBA58;&#xD2B8;</p>
                          <p style=""margin:0;font-size:14px;line-height:1.8;color:#0e2233;font-family:'Malgun Gothic', '맑은 고딕', 'Apple SD Gothic Neo', 'Segoe UI', Helvetica, Arial, sans-serif;"">교육 직후 작은 실험부터 설계하라는 메시지가 가장 현실적으로 다가왔다. 도구 설명보다 업무 문제 정의에 초점을 둔 구성이 실무적이었다. 이론과 실습의 난이도 균형은 전반적으로 적절했다.</p>
                        </td>
                      </tr>
                    </table>
                  </td>
                </tr>
              </table>
            </td>
          </tr>

          <!-- ========== NEXT ACTION ========== -->
          <tr>
            <td style=""padding:6px 36px 20px 36px;"">
              <table role=""presentation"" width=""100%"" cellpadding=""0"" cellspacing=""0"" border=""0"" style=""background-color:#0d8f84;"">
                <tr>
                  <td style=""padding:20px 24px;"">
                    <p style=""margin:0 0 6px 0;font-size:11px;font-weight:bold;letter-spacing:0.1em;color:#b8e6e0;font-family:'Malgun Gothic', '맑은 고딕', 'Apple SD Gothic Neo', 'Segoe UI', Helvetica, Arial, sans-serif;"">NEXT ACTION</p>
                    <p style=""margin:0;font-size:16px;line-height:1.8;font-weight:bold;color:#ffffff;font-family:'Malgun Gothic', '맑은 고딕', 'Apple SD Gothic Neo', 'Segoe UI', Helvetica, Arial, sans-serif;"">주차별 체크인 시트 작성 후 첫 번째 작은 실험 설계 및 실행</p>
                  </td>
                </tr>
              </table>
            </td>
          </tr>

          <!-- ========== SIGNATURE ========== -->
          <tr>
            <td style=""padding:0 36px 36px 36px;"">
              <table role=""presentation"" width=""100%"" cellpadding=""0"" cellspacing=""0"" border=""0"" style=""border-top:1px solid #dae4ec;"">
                <tr>
                  <td style=""padding:20px 0 0 0;font-size:13px;line-height:1.9;color:#4a6a82;font-family:'Malgun Gothic', '맑은 고딕', 'Apple SD Gothic Neo', 'Segoe UI', Helvetica, Arial, sans-serif;"">
                    감사합니다.<br />
                    김민주<br />
                    현대제철 컬처디자인팀
                  </td>
                </tr>
              </table>
            </td>
          </tr>

        </table>
        <!--[if mso]></td></tr></table><![endif]-->

      </td>
    </tr>
  </table>

</body>
</html>
",sample_data/교육_액션플랜_데이터_feedback_output_html_preview/028_박서율.html,completed,glm-4.5-air,2026-07-21T21:31:22
P029,서민준,participant029@hrd-ai-demo.example.com,유니온시스템즈,DX교육TF,선임,DX교육,좋은 사례가 묻히지 않도록 학습 자산으로 반복 활용하겠다,"사내 강사와 우수 사례 인터뷰를 FAQ, 사례 카드, 홍보 문안으로 재활용",교육의 기대효과를 수강 전부터 명확히 전달해 참여 의지를 높인다,기존 사례를 재가공해 여러 산출물로 확장하는 흐름이 특히 인상 깊었다. 강사의 설명이 기술 용어를 과하게 쓰지 않아 이해가 쉬웠다. 실습 데이터 예시가 한두 건 더 있었으면 비교 설명이 쉬웠을 것 같다.,AI를 초안 작성에 쓰고 사람은 사실관계와 맥락을 최종 점검하면 된다는 점,이도현,[현대제철] 교육 후속: 서민준 선임님의 액션플랜 피드백,"서민준 선임님, 교육에 참여해 주셔서 감사합니다. 사례 재가공 과정에 깊이 공감하시고, 이를 FAQ나 사례 카드로 확장하시겠다는 계획이 인상 깊었습니다. 앞으로 사내 강의에서 기대효과를 사전에 명확히 전달해 구성원들의 참여 의지를 높여주시길 기대합니다.","사내 강사 인터뷰를 통한 교육 자료(FAQ, 사례 카드) 제작 및 기대효과 사전 전달",ok,"<!DOCTYPE html PUBLIC ""-//W3C//DTD XHTML 1.0 Transitional//EN"" ""http://www.w3.org/TR/xhtml1/DTD/xhtml1-transitional.dtd"">
<html xmlns=""http://www.w3.org/1999/xhtml"" lang=""ko"">
<head>
  <meta http-equiv=""Content-Type"" content=""text/html; charset=utf-8"" />
  <meta name=""viewport"" content=""width=device-width, initial-scale=1.0"" />
  <title>[현대제철] 교육 후속: 서민준 선임님의 액션플랜 피드백</title>
  <!--[if mso]>
  <style type=""text/css"">
    table { border-collapse: collapse; }
    td { font-family: 'Malgun Gothic', '맑은 고딕', 'Apple SD Gothic Neo', 'Segoe UI', Helvetica, Arial, sans-serif; }
  </style>
  <![endif]-->
</head>
<body style=""margin:0;padding:0;background-color:#eaf1f5;font-family:'Malgun Gothic', '맑은 고딕', 'Apple SD Gothic Neo', 'Segoe UI', Helvetica, Arial, sans-serif;font-size:15px;line-height:1.7;color:#0e2233;-webkit-text-size-adjust:100%;-ms-text-size-adjust:100%;"">

  <!-- Outer wrapper table for centering -->
  <table role=""presentation"" width=""100%"" cellpadding=""0"" cellspacing=""0"" border=""0"" style=""background-color:#eaf1f5;"">
    <tr>
      <td align=""center"" style=""padding:40px 16px 50px 16px;"">

        <!--[if mso]><table role=""presentation"" width=""680"" cellpadding=""0"" cellspacing=""0"" border=""0"" align=""center""><tr><td><![endif]-->
        <table role=""presentation"" width=""100%"" cellpadding=""0"" cellspacing=""0"" border=""0"" style=""max-width:680px;margin:0 auto;background-color:#ffffff;border:1px solid #d4e1e8;"">

          <!-- ========== HEADER ========== -->
          <tr>
            <td style=""padding:34px 36px 24px 36px;background-color:#f3f9f8;border-bottom:2px solid #0d8f84;"">
              <!-- Eyebrow badge -->
              <table role=""presentation"" cellpadding=""0"" cellspacing=""0"" border=""0"">
                <tr>
                  <td style=""background-color:#e6f4f2;padding:5px 14px;font-size:11px;font-weight:bold;color:#094d47;letter-spacing:0.08em;font-family:'Malgun Gothic', '맑은 고딕', 'Apple SD Gothic Neo', 'Segoe UI', Helvetica, Arial, sans-serif;"">
                    &#9679;&nbsp; 현대제철 리더십 교육 F/U
                  </td>
                </tr>
              </table>
              <!-- Title -->
              <h1 style=""margin:16px 0 8px 0;font-size:24px;font-weight:bold;line-height:1.35;color:#091e2f;font-family:'Malgun Gothic', '맑은 고딕', 'Apple SD Gothic Neo', 'Segoe UI', Helvetica, Arial, sans-serif;"">[현대제철] 교육 후속: 서민준 선임님의 액션플랜 피드백</h1>
              <!-- Recipient info -->
              <p style=""margin:0;font-size:14px;line-height:1.7;color:#4a6a82;font-family:'Malgun Gothic', '맑은 고딕', 'Apple SD Gothic Neo', 'Segoe UI', Helvetica, Arial, sans-serif;"">서민준&#xB2D8; &middot; 유니온시스템즈 DX교육TF &middot; 선임</p>
            </td>
          </tr>

          <!-- ========== BODY ========== -->
          <tr>
            <td style=""padding:30px 36px 10px 36px;"">
              <p style=""margin:0 0 18px 0;font-size:15px;font-weight:bold;color:#094d47;font-family:'Malgun Gothic', '맑은 고딕', 'Apple SD Gothic Neo', 'Segoe UI', Helvetica, Arial, sans-serif;"">서민준&#xB2D8; &#xC548;&#xB155;&#xD558;&#xC138;&#xC694;.</p>
              <p style=""margin:0 0 14px 0;font-size:15px;line-height:1.9;color:#0e2233;"">서민준 선임님, 교육에 참여해 주셔서 감사합니다.</p>
<p style=""margin:0 0 14px 0;font-size:15px;line-height:1.9;color:#0e2233;"">사례 재가공 과정에 깊이 공감하시고, 이를 FAQ나 사례 카드로 확장하시겠다는 계획이 인상 깊었습니다.</p>
<p style=""margin:0 0 14px 0;font-size:15px;line-height:1.9;color:#0e2233;"">앞으로 사내 강의에서 기대효과를 사전에 명확히 전달해 구성원들의 참여 의지를 높여주시길 기대합니다.</p>
            </td>
          </tr>

          <!-- ========== INFO CARDS (2x2 table) ========== -->
          <tr>
            <td style=""padding:0 36px 10px 36px;"">
              <table role=""presentation"" width=""100%"" cellpadding=""0"" cellspacing=""0"" border=""0"">
                <tr>
                  <!-- Card 1: Action Plan -->
                  <td width=""50%"" valign=""top"" style=""padding:0 6px 12px 0;"">
                    <table role=""presentation"" width=""100%"" cellpadding=""0"" cellspacing=""0"" border=""0"" style=""background-color:#f7fafa;border:1px solid #dae4ec;"">
                      <tr>
                        <td style=""padding:16px 18px;"">
                          <p style=""margin:0 0 8px 0;font-size:11px;font-weight:bold;color:#0d8f84;letter-spacing:0.06em;font-family:'Malgun Gothic', '맑은 고딕', 'Apple SD Gothic Neo', 'Segoe UI', Helvetica, Arial, sans-serif;"">&#9654; &#xD575;&#xC2EC; &#xC2E4;&#xD589;&#xACC4;&#xD68D;</p>
                          <p style=""margin:0;font-size:14px;line-height:1.8;color:#0e2233;font-family:'Malgun Gothic', '맑은 고딕', 'Apple SD Gothic Neo', 'Segoe UI', Helvetica, Arial, sans-serif;"">사내 강사와 우수 사례 인터뷰를 FAQ, 사례 카드, 홍보 문안으로 재활용</p>
                        </td>
                      </tr>
                    </table>
                  </td>
                  <!-- Card 2: Expected Behavior -->
                  <td width=""50%"" valign=""top"" style=""padding:0 0 12px 6px;"">
                    <table role=""presentation"" width=""100%"" cellpadding=""0"" cellspacing=""0"" border=""0"" style=""background-color:#f7fafa;border:1px solid #dae4ec;"">
                      <tr>
                        <td style=""padding:16px 18px;"">
                          <p style=""margin:0 0 8px 0;font-size:11px;font-weight:bold;color:#0d8f84;letter-spacing:0.06em;font-family:'Malgun Gothic', '맑은 고딕', 'Apple SD Gothic Neo', 'Segoe UI', Helvetica, Arial, sans-serif;"">&#9654; &#xAE30;&#xB300; &#xD589;&#xB3D9;</p>
                          <p style=""margin:0;font-size:14px;line-height:1.8;color:#0e2233;font-family:'Malgun Gothic', '맑은 고딕', 'Apple SD Gothic Neo', 'Segoe UI', Helvetica, Arial, sans-serif;"">교육의 기대효과를 수강 전부터 명확히 전달해 참여 의지를 높인다</p>
                        </td>
                      </tr>
                    </table>
                  </td>
                </tr>
                <tr>
                  <!-- Card 3: Key Takeaway -->
                  <td width=""50%"" valign=""top"" style=""padding:0 6px 12px 0;"">
                    <table role=""presentation"" width=""100%"" cellpadding=""0"" cellspacing=""0"" border=""0"" style=""background-color:#f7fafa;border:1px solid #dae4ec;"">
                      <tr>
                        <td style=""padding:16px 18px;"">
                          <p style=""margin:0 0 8px 0;font-size:11px;font-weight:bold;color:#0d8f84;letter-spacing:0.06em;font-family:'Malgun Gothic', '맑은 고딕', 'Apple SD Gothic Neo', 'Segoe UI', Helvetica, Arial, sans-serif;"">&#9654; &#xAD50;&#xC721; &#xD575;&#xC2EC; &#xD3EC;&#xC778;&#xD2B8;</p>
                          <p style=""margin:0;font-size:14px;line-height:1.8;color:#0e2233;font-family:'Malgun Gothic', '맑은 고딕', 'Apple SD Gothic Neo', 'Segoe UI', Helvetica, Arial, sans-serif;"">AI를 초안 작성에 쓰고 사람은 사실관계와 맥락을 최종 점검하면 된다는 점</p>
                        </td>
                      </tr>
                    </table>
                  </td>
                  <!-- Card 4: Comment -->
                  <td width=""50%"" valign=""top"" style=""padding:0 0 12px 6px;"">
                    <table role=""presentation"" width=""100%"" cellpadding=""0"" cellspacing=""0"" border=""0"" style=""background-color:#f7fafa;border:1px solid #dae4ec;"">
                      <tr>
                        <td style=""padding:16px 18px;"">
                          <p style=""margin:0 0 8px 0;font-size:11px;font-weight:bold;color:#0d8f84;letter-spacing:0.06em;font-family:'Malgun Gothic', '맑은 고딕', 'Apple SD Gothic Neo', 'Segoe UI', Helvetica, Arial, sans-serif;"">&#9654; &#xCC38;&#xAC00;&#xC790; &#xCF54;&#xBA58;&#xD2B8;</p>
                          <p style=""margin:0;font-size:14px;line-height:1.8;color:#0e2233;font-family:'Malgun Gothic', '맑은 고딕', 'Apple SD Gothic Neo', 'Segoe UI', Helvetica, Arial, sans-serif;"">기존 사례를 재가공해 여러 산출물로 확장하는 흐름이 특히 인상 깊었다. 강사의 설명이 기술 용어를 과하게 쓰지 않아 이해가 쉬웠다. 실습 데이터 예시가 한두 건 더 있었으면 비교 설명이 쉬웠을 것 같다.</p>
                        </td>
                      </tr>
                    </table>
                  </td>
                </tr>
              </table>
            </td>
          </tr>

          <!-- ========== NEXT ACTION ========== -->
          <tr>
            <td style=""padding:6px 36px 20px 36px;"">
              <table role=""presentation"" width=""100%"" cellpadding=""0"" cellspacing=""0"" border=""0"" style=""background-color:#0d8f84;"">
                <tr>
                  <td style=""padding:20px 24px;"">
                    <p style=""margin:0 0 6px 0;font-size:11px;font-weight:bold;letter-spacing:0.1em;color:#b8e6e0;font-family:'Malgun Gothic', '맑은 고딕', 'Apple SD Gothic Neo', 'Segoe UI', Helvetica, Arial, sans-serif;"">NEXT ACTION</p>
                    <p style=""margin:0;font-size:16px;line-height:1.8;font-weight:bold;color:#ffffff;font-family:'Malgun Gothic', '맑은 고딕', 'Apple SD Gothic Neo', 'Segoe UI', Helvetica, Arial, sans-serif;"">사내 강사 인터뷰를 통한 교육 자료(FAQ, 사례 카드) 제작 및 기대효과 사전 전달</p>
                  </td>
                </tr>
              </table>
            </td>
          </tr>

          <!-- ========== SIGNATURE ========== -->
          <tr>
            <td style=""padding:0 36px 36px 36px;"">
              <table role=""presentation"" width=""100%"" cellpadding=""0"" cellspacing=""0"" border=""0"" style=""border-top:1px solid #dae4ec;"">
                <tr>
                  <td style=""padding:20px 0 0 0;font-size:13px;line-height:1.9;color:#4a6a82;font-family:'Malgun Gothic', '맑은 고딕', 'Apple SD Gothic Neo', 'Segoe UI', Helvetica, Arial, sans-serif;"">
                    감사합니다.<br />
                    이도현<br />
                    현대제철 컬처디자인팀
                  </td>
                </tr>
              </table>
            </td>
          </tr>

        </table>
        <!--[if mso]></td></tr></table><![endif]-->

      </td>
    </tr>
  </table>

</body>
</html>
",sample_data/교육_액션플랜_데이터_feedback_output_html_preview/029_서민준.html,completed,glm-4.5-air,2026-07-21T21:32:57
P030,손예담,participant030@hrd-ai-demo.example.com,하모니케어,교육기획팀,과장,HRD,실무자가 안심하고 AI를 쓰도록 보안 가이드와 운영 기준을 함께 만들겠다,Action Plan 데이터 비식별화 기준과 외부 서비스 업로드 원칙을 정리한다,AI 활용 속도를 유지하면서도 민감정보 노출 리스크를 줄인다,편의성보다 데이터 통제 원칙을 먼저 설명한 점이 신뢰를 높였다. 교육 후 실행으로 이어지는 그림을 잡는 데 큰 도움이 됐다. 중간 Q&A 시간을 한 번 더 넣어주면 이해가 더 안정될 것 같다.,자동화보다 먼저 데이터 경계와 검수 단계를 정의해야 한다는 점,정유라,현대제철 리더십 교육 F/U: 손예담 과장님 액션플랜 점검,"손예담 과장님, 데이터 통제 원칙에 대한 높은 이해도로 실무 적용 방향을 잘 잡으셨습니다. 액션플랜대로 데이터 비식별화 기준과 업로드 원칙을 정리해, AI 활용 속도를 유지하면서도 보안 리스크를 효과적으로 관리해 주세요.",데이터 비식별화 기준 및 외부 서비스 업로드 원칙 정리,ok,"<!DOCTYPE html PUBLIC ""-//W3C//DTD XHTML 1.0 Transitional//EN"" ""http://www.w3.org/TR/xhtml1/DTD/xhtml1-transitional.dtd"">
<html xmlns=""http://www.w3.org/1999/xhtml"" lang=""ko"">
<head>
  <meta http-equiv=""Content-Type"" content=""text/html; charset=utf-8"" />
  <meta name=""viewport"" content=""width=device-width, initial-scale=1.0"" />
  <title>현대제철 리더십 교육 F/U: 손예담 과장님 액션플랜 점검</title>
  <!--[if mso]>
  <style type=""text/css"">
    table { border-collapse: collapse; }
    td { font-family: 'Malgun Gothic', '맑은 고딕', 'Apple SD Gothic Neo', 'Segoe UI', Helvetica, Arial, sans-serif; }
  </style>
  <![endif]-->
</head>
<body style=""margin:0;padding:0;background-color:#eaf1f5;font-family:'Malgun Gothic', '맑은 고딕', 'Apple SD Gothic Neo', 'Segoe UI', Helvetica, Arial, sans-serif;font-size:15px;line-height:1.7;color:#0e2233;-webkit-text-size-adjust:100%;-ms-text-size-adjust:100%;"">

  <!-- Outer wrapper table for centering -->
  <table role=""presentation"" width=""100%"" cellpadding=""0"" cellspacing=""0"" border=""0"" style=""background-color:#eaf1f5;"">
    <tr>
      <td align=""center"" style=""padding:40px 16px 50px 16px;"">

        <!--[if mso]><table role=""presentation"" width=""680"" cellpadding=""0"" cellspacing=""0"" border=""0"" align=""center""><tr><td><![endif]-->
        <table role=""presentation"" width=""100%"" cellpadding=""0"" cellspacing=""0"" border=""0"" style=""max-width:680px;margin:0 auto;background-color:#ffffff;border:1px solid #d4e1e8;"">

          <!-- ========== HEADER ========== -->
          <tr>
            <td style=""padding:34px 36px 24px 36px;background-color:#f3f9f8;border-bottom:2px solid #0d8f84;"">
              <!-- Eyebrow badge -->
              <table role=""presentation"" cellpadding=""0"" cellspacing=""0"" border=""0"">
                <tr>
                  <td style=""background-color:#e6f4f2;padding:5px 14px;font-size:11px;font-weight:bold;color:#094d47;letter-spacing:0.08em;font-family:'Malgun Gothic', '맑은 고딕', 'Apple SD Gothic Neo', 'Segoe UI', Helvetica, Arial, sans-serif;"">
                    &#9679;&nbsp; 현대제철 리더십 교육 F/U
                  </td>
                </tr>
              </table>
              <!-- Title -->
              <h1 style=""margin:16px 0 8px 0;font-size:24px;font-weight:bold;line-height:1.35;color:#091e2f;font-family:'Malgun Gothic', '맑은 고딕', 'Apple SD Gothic Neo', 'Segoe UI', Helvetica, Arial, sans-serif;"">현대제철 리더십 교육 F/U: 손예담 과장님 액션플랜 점검</h1>
              <!-- Recipient info -->
              <p style=""margin:0;font-size:14px;line-height:1.7;color:#4a6a82;font-family:'Malgun Gothic', '맑은 고딕', 'Apple SD Gothic Neo', 'Segoe UI', Helvetica, Arial, sans-serif;"">손예담&#xB2D8; &middot; 하모니케어 교육기획팀 &middot; 과장</p>
            </td>
          </tr>

          <!-- ========== BODY ========== -->
          <tr>
            <td style=""padding:30px 36px 10px 36px;"">
              <p style=""margin:0 0 18px 0;font-size:15px;font-weight:bold;color:#094d47;font-family:'Malgun Gothic', '맑은 고딕', 'Apple SD Gothic Neo', 'Segoe UI', Helvetica, Arial, sans-serif;"">손예담&#xB2D8; &#xC548;&#xB155;&#xD558;&#xC138;&#xC694;.</p>
              <p style=""margin:0 0 14px 0;font-size:15px;line-height:1.9;color:#0e2233;"">손예담 과장님, 데이터 통제 원칙에 대한 높은 이해도로 실무 적용 방향을 잘 잡으셨습니다.</p>
<p style=""margin:0 0 14px 0;font-size:15px;line-height:1.9;color:#0e2233;"">액션플랜대로 데이터 비식별화 기준과 업로드 원칙을 정리해, AI 활용 속도를 유지하면서도 보안 리스크를 효과적으로 관리해 주세요.</p>
            </td>
          </tr>

          <!-- ========== INFO CARDS (2x2 table) ========== -->
          <tr>
            <td style=""padding:0 36px 10px 36px;"">
              <table role=""presentation"" width=""100%"" cellpadding=""0"" cellspacing=""0"" border=""0"">
                <tr>
                  <!-- Card 1: Action Plan -->
                  <td width=""50%"" valign=""top"" style=""padding:0 6px 12px 0;"">
                    <table role=""presentation"" width=""100%"" cellpadding=""0"" cellspacing=""0"" border=""0"" style=""background-color:#f7fafa;border:1px solid #dae4ec;"">
                      <tr>
                        <td style=""padding:16px 18px;"">
                          <p style=""margin:0 0 8px 0;font-size:11px;font-weight:bold;color:#0d8f84;letter-spacing:0.06em;font-family:'Malgun Gothic', '맑은 고딕', 'Apple SD Gothic Neo', 'Segoe UI', Helvetica, Arial, sans-serif;"">&#9654; &#xD575;&#xC2EC; &#xC2E4;&#xD589;&#xACC4;&#xD68D;</p>
                          <p style=""margin:0;font-size:14px;line-height:1.8;color:#0e2233;font-family:'Malgun Gothic', '맑은 고딕', 'Apple SD Gothic Neo', 'Segoe UI', Helvetica, Arial, sans-serif;"">Action Plan 데이터 비식별화 기준과 외부 서비스 업로드 원칙을 정리한다</p>
                        </td>
                      </tr>
                    </table>
                  </td>
                  <!-- Card 2: Expected Behavior -->
                  <td width=""50%"" valign=""top"" style=""padding:0 0 12px 6px;"">
                    <table role=""presentation"" width=""100%"" cellpadding=""0"" cellspacing=""0"" border=""0"" style=""background-color:#f7fafa;border:1px solid #dae4ec;"">
                      <tr>
                        <td style=""padding:16px 18px;"">
                          <p style=""margin:0 0 8px 0;font-size:11px;font-weight:bold;color:#0d8f84;letter-spacing:0.06em;font-family:'Malgun Gothic', '맑은 고딕', 'Apple SD Gothic Neo', 'Segoe UI', Helvetica, Arial, sans-serif;"">&#9654; &#xAE30;&#xB300; &#xD589;&#xB3D9;</p>
                          <p style=""margin:0;font-size:14px;line-height:1.8;color:#0e2233;font-family:'Malgun Gothic', '맑은 고딕', 'Apple SD Gothic Neo', 'Segoe UI', Helvetica, Arial, sans-serif;"">AI 활용 속도를 유지하면서도 민감정보 노출 리스크를 줄인다</p>
                        </td>
                      </tr>
                    </table>
                  </td>
                </tr>
                <tr>
                  <!-- Card 3: Key Takeaway -->
                  <td width=""50%"" valign=""top"" style=""padding:0 6px 12px 0;"">
                    <table role=""presentation"" width=""100%"" cellpadding=""0"" cellspacing=""0"" border=""0"" style=""background-color:#f7fafa;border:1px solid #dae4ec;"">
                      <tr>
                        <td style=""padding:16px 18px;"">
                          <p style=""margin:0 0 8px 0;font-size:11px;font-weight:bold;color:#0d8f84;letter-spacing:0.06em;font-family:'Malgun Gothic', '맑은 고딕', 'Apple SD Gothic Neo', 'Segoe UI', Helvetica, Arial, sans-serif;"">&#9654; &#xAD50;&#xC721; &#xD575;&#xC2EC; &#xD3EC;&#xC778;&#xD2B8;</p>
                          <p style=""margin:0;font-size:14px;line-height:1.8;color:#0e2233;font-family:'Malgun Gothic', '맑은 고딕', 'Apple SD Gothic Neo', 'Segoe UI', Helvetica, Arial, sans-serif;"">자동화보다 먼저 데이터 경계와 검수 단계를 정의해야 한다는 점</p>
                        </td>
                      </tr>
                    </table>
                  </td>
                  <!-- Card 4: Comment -->
                  <td width=""50%"" valign=""top"" style=""padding:0 0 12px 6px;"">
                    <table role=""presentation"" width=""100%"" cellpadding=""0"" cellspacing=""0"" border=""0"" style=""background-color:#f7fafa;border:1px solid #dae4ec;"">
                      <tr>
                        <td style=""padding:16px 18px;"">
                          <p style=""margin:0 0 8px 0;font-size:11px;font-weight:bold;color:#0d8f84;letter-spacing:0.06em;font-family:'Malgun Gothic', '맑은 고딕', 'Apple SD Gothic Neo', 'Segoe UI', Helvetica, Arial, sans-serif;"">&#9654; &#xCC38;&#xAC00;&#xC790; &#xCF54;&#xBA58;&#xD2B8;</p>
                          <p style=""margin:0;font-size:14px;line-height:1.8;color:#0e2233;font-family:'Malgun Gothic', '맑은 고딕', 'Apple SD Gothic Neo', 'Segoe UI', Helvetica, Arial, sans-serif;"">편의성보다 데이터 통제 원칙을 먼저 설명한 점이 신뢰를 높였다. 교육 후 실행으로 이어지는 그림을 잡는 데 큰 도움이 됐다. 중간 Q&amp;A 시간을 한 번 더 넣어주면 이해가 더 안정될 것 같다.</p>
                        </td>
                      </tr>
                    </table>
                  </td>
                </tr>
              </table>
            </td>
          </tr>

          <!-- ========== NEXT ACTION ========== -->
          <tr>
            <td style=""padding:6px 36px 20px 36px;"">
              <table role=""presentation"" width=""100%"" cellpadding=""0"" cellspacing=""0"" border=""0"" style=""background-color:#0d8f84;"">
                <tr>
                  <td style=""padding:20px 24px;"">
                    <p style=""margin:0 0 6px 0;font-size:11px;font-weight:bold;letter-spacing:0.1em;color:#b8e6e0;font-family:'Malgun Gothic', '맑은 고딕', 'Apple SD Gothic Neo', 'Segoe UI', Helvetica, Arial, sans-serif;"">NEXT ACTION</p>
                    <p style=""margin:0;font-size:16px;line-height:1.8;font-weight:bold;color:#ffffff;font-family:'Malgun Gothic', '맑은 고딕', 'Apple SD Gothic Neo', 'Segoe UI', Helvetica, Arial, sans-serif;"">데이터 비식별화 기준 및 외부 서비스 업로드 원칙 정리</p>
                  </td>
                </tr>
              </table>
            </td>
          </tr>

          <!-- ========== SIGNATURE ========== -->
          <tr>
            <td style=""padding:0 36px 36px 36px;"">
              <table role=""presentation"" width=""100%"" cellpadding=""0"" cellspacing=""0"" border=""0"" style=""border-top:1px solid #dae4ec;"">
                <tr>
                  <td style=""padding:20px 0 0 0;font-size:13px;line-height:1.9;color:#4a6a82;font-family:'Malgun Gothic', '맑은 고딕', 'Apple SD Gothic Neo', 'Segoe UI', Helvetica, Arial, sans-serif;"">
                    감사합니다.<br />
                    정유라<br />
                    현대제철 컬처디자인팀
                  </td>
                </tr>
              </table>
            </td>
          </tr>

        </table>
        <!--[if mso]></td></tr></table><![endif]-->

      </td>
    </tr>
  </table>

</body>
</html>
",sample_data/교육_액션플랜_데이터_feedback_output_html_preview/030_손예담.html,completed,glm-4.5-air,2026-07-21T21:33:27
P031,송다인,participant031@hrd-ai-demo.example.com,오션링크서비스,컬처디자인팀,매니저,조직문화,반복 운영 업무를 줄이고 참가자 경험을 한 번에 정돈된 형태로 제공하겠다,교육 안내 페이지를 단일 마이크로사이트로 재구성하고 FAQ를 표준화,"참가자가 일정, 준비물, 과제 안내를 스스로 확인해 반복 문의를 줄인다",FAQ와 안내 페이지를 분리하지 않고 한 흐름으로 설계한 부분이 특히 실무적이었다. 강의-시연-실습이 하나의 흐름으로 이어져 집중하기 쉬웠다. 다만 오전 기술 동향 파트는 초급자에게 조금 빠르게 느껴질 수 있었다.,정확성이 중요한 정보는 챗봇보다 정적 페이지가 더 안정적이라는 점,한충석,[현대제철 리더십 교육 F/U] 마이크로사이트 구축을 통한 운영 효율화 제고,정적 페이지의 안정성을 강조하신 의견을 바탕으로 마이크로사이트 구축을 응원합니다. 교육 운영 프로세스를 정돈하신 계획대로 참가자들이 정보를 스스로 확인할 수 있는 환경을 조성해 주십시오.,단일 마이크로사이트 구축 및 FAQ 표준화 실행,ok,"<!DOCTYPE html PUBLIC ""-//W3C//DTD XHTML 1.0 Transitional//EN"" ""http://www.w3.org/TR/xhtml1/DTD/xhtml1-transitional.dtd"">
<html xmlns=""http://www.w3.org/1999/xhtml"" lang=""ko"">
<head>
  <meta http-equiv=""Content-Type"" content=""text/html; charset=utf-8"" />
  <meta name=""viewport"" content=""width=device-width, initial-scale=1.0"" />
  <title>[현대제철 리더십 교육 F/U] 마이크로사이트 구축을 통한 운영 효율화 제고</title>
  <!--[if mso]>
  <style type=""text/css"">
    table { border-collapse: collapse; }
    td { font-family: 'Malgun Gothic', '맑은 고딕', 'Apple SD Gothic Neo', 'Segoe UI', Helvetica, Arial, sans-serif; }
  </style>
  <![endif]-->
</head>
<body style=""margin:0;padding:0;background-color:#eaf1f5;font-family:'Malgun Gothic', '맑은 고딕', 'Apple SD Gothic Neo', 'Segoe UI', Helvetica, Arial, sans-serif;font-size:15px;line-height:1.7;color:#0e2233;-webkit-text-size-adjust:100%;-ms-text-size-adjust:100%;"">

  <!-- Outer wrapper table for centering -->
  <table role=""presentation"" width=""100%"" cellpadding=""0"" cellspacing=""0"" border=""0"" style=""background-color:#eaf1f5;"">
    <tr>
      <td align=""center"" style=""padding:40px 16px 50px 16px;"">

        <!--[if mso]><table role=""presentation"" width=""680"" cellpadding=""0"" cellspacing=""0"" border=""0"" align=""center""><tr><td><![endif]-->
        <table role=""presentation"" width=""100%"" cellpadding=""0"" cellspacing=""0"" border=""0"" style=""max-width:680px;margin:0 auto;background-color:#ffffff;border:1px solid #d4e1e8;"">

          <!-- ========== HEADER ========== -->
          <tr>
            <td style=""padding:34px 36px 24px 36px;background-color:#f3f9f8;border-bottom:2px solid #0d8f84;"">
              <!-- Eyebrow badge -->
              <table role=""presentation"" cellpadding=""0"" cellspacing=""0"" border=""0"">
                <tr>
                  <td style=""background-color:#e6f4f2;padding:5px 14px;font-size:11px;font-weight:bold;color:#094d47;letter-spacing:0.08em;font-family:'Malgun Gothic', '맑은 고딕', 'Apple SD Gothic Neo', 'Segoe UI', Helvetica, Arial, sans-serif;"">
                    &#9679;&nbsp; 현대제철 리더십 교육 F/U
                  </td>
                </tr>
              </table>
              <!-- Title -->
              <h1 style=""margin:16px 0 8px 0;font-size:24px;font-weight:bold;line-height:1.35;color:#091e2f;font-family:'Malgun Gothic', '맑은 고딕', 'Apple SD Gothic Neo', 'Segoe UI', Helvetica, Arial, sans-serif;"">[현대제철 리더십 교육 F/U] 마이크로사이트 구축을 통한 운영 효율화 제고</h1>
              <!-- Recipient info -->
              <p style=""margin:0;font-size:14px;line-height:1.7;color:#4a6a82;font-family:'Malgun Gothic', '맑은 고딕', 'Apple SD Gothic Neo', 'Segoe UI', Helvetica, Arial, sans-serif;"">송다인&#xB2D8; &middot; 오션링크서비스 컬처디자인팀 &middot; 매니저</p>
            </td>
          </tr>

          <!-- ========== BODY ========== -->
          <tr>
            <td style=""padding:30px 36px 10px 36px;"">
              <p style=""margin:0 0 18px 0;font-size:15px;font-weight:bold;color:#094d47;font-family:'Malgun Gothic', '맑은 고딕', 'Apple SD Gothic Neo', 'Segoe UI', Helvetica, Arial, sans-serif;"">송다인&#xB2D8; &#xC548;&#xB155;&#xD558;&#xC138;&#xC694;.</p>
              <p style=""margin:0 0 14px 0;font-size:15px;line-height:1.9;color:#0e2233;"">정적 페이지의 안정성을 강조하신 의견을 바탕으로 마이크로사이트 구축을 응원합니다.</p>
<p style=""margin:0 0 14px 0;font-size:15px;line-height:1.9;color:#0e2233;"">교육 운영 프로세스를 정돈하신 계획대로 참가자들이 정보를 스스로 확인할 수 있는 환경을 조성해 주십시오.</p>
            </td>
          </tr>

          <!-- ========== INFO CARDS (2x2 table) ========== -->
          <tr>
            <td style=""padding:0 36px 10px 36px;"">
              <table role=""presentation"" width=""100%"" cellpadding=""0"" cellspacing=""0"" border=""0"">
                <tr>
                  <!-- Card 1: Action Plan -->
                  <td width=""50%"" valign=""top"" style=""padding:0 6px 12px 0;"">
                    <table role=""presentation"" width=""100%"" cellpadding=""0"" cellspacing=""0"" border=""0"" style=""background-color:#f7fafa;border:1px solid #dae4ec;"">
                      <tr>
                        <td style=""padding:16px 18px;"">
                          <p style=""margin:0 0 8px 0;font-size:11px;font-weight:bold;color:#0d8f84;letter-spacing:0.06em;font-family:'Malgun Gothic', '맑은 고딕', 'Apple SD Gothic Neo', 'Segoe UI', Helvetica, Arial, sans-serif;"">&#9654; &#xD575;&#xC2EC; &#xC2E4;&#xD589;&#xACC4;&#xD68D;</p>
                          <p style=""margin:0;font-size:14px;line-height:1.8;color:#0e2233;font-family:'Malgun Gothic', '맑은 고딕', 'Apple SD Gothic Neo', 'Segoe UI', Helvetica, Arial, sans-serif;"">교육 안내 페이지를 단일 마이크로사이트로 재구성하고 FAQ를 표준화</p>
                        </td>
                      </tr>
                    </table>
                  </td>
                  <!-- Card 2: Expected Behavior -->
                  <td width=""50%"" valign=""top"" style=""padding:0 0 12px 6px;"">
                    <table role=""presentation"" width=""100%"" cellpadding=""0"" cellspacing=""0"" border=""0"" style=""background-color:#f7fafa;border:1px solid #dae4ec;"">
                      <tr>
                        <td style=""padding:16px 18px;"">
                          <p style=""margin:0 0 8px 0;font-size:11px;font-weight:bold;color:#0d8f84;letter-spacing:0.06em;font-family:'Malgun Gothic', '맑은 고딕', 'Apple SD Gothic Neo', 'Segoe UI', Helvetica, Arial, sans-serif;"">&#9654; &#xAE30;&#xB300; &#xD589;&#xB3D9;</p>
                          <p style=""margin:0;font-size:14px;line-height:1.8;color:#0e2233;font-family:'Malgun Gothic', '맑은 고딕', 'Apple SD Gothic Neo', 'Segoe UI', Helvetica, Arial, sans-serif;"">참가자가 일정, 준비물, 과제 안내를 스스로 확인해 반복 문의를 줄인다</p>
                        </td>
                      </tr>
                    </table>
                  </td>
                </tr>
                <tr>
                  <!-- Card 3: Key Takeaway -->
                  <td width=""50%"" valign=""top"" style=""padding:0 6px 12px 0;"">
                    <table role=""presentation"" width=""100%"" cellpadding=""0"" cellspacing=""0"" border=""0"" style=""background-color:#f7fafa;border:1px solid #dae4ec;"">
                      <tr>
                        <td style=""padding:16px 18px;"">
                          <p style=""margin:0 0 8px 0;font-size:11px;font-weight:bold;color:#0d8f84;letter-spacing:0.06em;font-family:'Malgun Gothic', '맑은 고딕', 'Apple SD Gothic Neo', 'Segoe UI', Helvetica, Arial, sans-serif;"">&#9654; &#xAD50;&#xC721; &#xD575;&#xC2EC; &#xD3EC;&#xC778;&#xD2B8;</p>
                          <p style=""margin:0;font-size:14px;line-height:1.8;color:#0e2233;font-family:'Malgun Gothic', '맑은 고딕', 'Apple SD Gothic Neo', 'Segoe UI', Helvetica, Arial, sans-serif;"">정확성이 중요한 정보는 챗봇보다 정적 페이지가 더 안정적이라는 점</p>
                        </td>
                      </tr>
                    </table>
                  </td>
                  <!-- Card 4: Comment -->
                  <td width=""50%"" valign=""top"" style=""padding:0 0 12px 6px;"">
                    <table role=""presentation"" width=""100%"" cellpadding=""0"" cellspacing=""0"" border=""0"" style=""background-color:#f7fafa;border:1px solid #dae4ec;"">
                      <tr>
                        <td style=""padding:16px 18px;"">
                          <p style=""margin:0 0 8px 0;font-size:11px;font-weight:bold;color:#0d8f84;letter-spacing:0.06em;font-family:'Malgun Gothic', '맑은 고딕', 'Apple SD Gothic Neo', 'Segoe UI', Helvetica, Arial, sans-serif;"">&#9654; &#xCC38;&#xAC00;&#xC790; &#xCF54;&#xBA58;&#xD2B8;</p>
                          <p style=""margin:0;font-size:14px;line-height:1.8;color:#0e2233;font-family:'Malgun Gothic', '맑은 고딕', 'Apple SD Gothic Neo', 'Segoe UI', Helvetica, Arial, sans-serif;"">FAQ와 안내 페이지를 분리하지 않고 한 흐름으로 설계한 부분이 특히 실무적이었다. 강의-시연-실습이 하나의 흐름으로 이어져 집중하기 쉬웠다. 다만 오전 기술 동향 파트는 초급자에게 조금 빠르게 느껴질 수 있었다.</p>
                        </td>
                      </tr>
                    </table>
                  </td>
                </tr>
              </table>
            </td>
          </tr>

          <!-- ========== NEXT ACTION ========== -->
          <tr>
            <td style=""padding:6px 36px 20px 36px;"">
              <table role=""presentation"" width=""100%"" cellpadding=""0"" cellspacing=""0"" border=""0"" style=""background-color:#0d8f84;"">
                <tr>
                  <td style=""padding:20px 24px;"">
                    <p style=""margin:0 0 6px 0;font-size:11px;font-weight:bold;letter-spacing:0.1em;color:#b8e6e0;font-family:'Malgun Gothic', '맑은 고딕', 'Apple SD Gothic Neo', 'Segoe UI', Helvetica, Arial, sans-serif;"">NEXT ACTION</p>
                    <p style=""margin:0;font-size:16px;line-height:1.8;font-weight:bold;color:#ffffff;font-family:'Malgun Gothic', '맑은 고딕', 'Apple SD Gothic Neo', 'Segoe UI', Helvetica, Arial, sans-serif;"">단일 마이크로사이트 구축 및 FAQ 표준화 실행</p>
                  </td>
                </tr>
              </table>
            </td>
          </tr>

          <!-- ========== SIGNATURE ========== -->
          <tr>
            <td style=""padding:0 36px 36px 36px;"">
              <table role=""presentation"" width=""100%"" cellpadding=""0"" cellspacing=""0"" border=""0"" style=""border-top:1px solid #dae4ec;"">
                <tr>
                  <td style=""padding:20px 0 0 0;font-size:13px;line-height:1.9;color:#4a6a82;font-family:'Malgun Gothic', '맑은 고딕', 'Apple SD Gothic Neo', 'Segoe UI', Helvetica, Arial, sans-serif;"">
                    감사합니다.<br />
                    한충석<br />
                    현대제철 컬처디자인팀
                  </td>
                </tr>
              </table>
            </td>
          </tr>

        </table>
        <!--[if mso]></td></tr></table><![endif]-->

      </td>
    </tr>
  </table>

</body>
</html>
",sample_data/교육_액션플랜_데이터_feedback_output_html_preview/031_송다인.html,completed,glm-4.5-air,2026-07-21T21:34:07
P032,신도윤,participant032@hrd-ai-demo.example.com,에코로직스,인사팀,대리,HR,교육 직후의 의지를 사라지지 않게 만들고 실행 전환율을 높이겠다,교육 종료 후 2주 단위 액션플랜 체크인 메시지를 자동화,수강자가 교육 직후 세운 계획을 잊지 않고 팀 내 공유까지 이어가게 한다,개인화 메시지를 자동화하되 사람 검수를 남기는 구조가 설득력 있었다. 실습 전 사전 안내가 조금 더 구조화되면 따라가기 한결 수월하겠다. 이론과 실습의 난이도 균형은 전반적으로 적절했다.,초안 자동화 후 사람이 톤을 통제하는 방식이 현실적이라는 점,박서윤,"[현대제철] 신도윤 대리님, 교육 실행 전환율 높이는 자동화 방안","신도윤 대리님, 자동화된 초안에 사람의 검수를 더하는 현실적인 접근법을 인상 깊게 공감했습니다. 교육 직후의 의지를 실행 전환율로 이어가기 위해 2주 단위 체크인 시스템을 먼저 구축해 보세요. 준비하신 액션플랜을 팀원들과 공유하고 첫 단계를 시작해 주시기 바랍니다.",팀 내 액션플랜 공유 및 체크인 시스템 기획,ok,"<!DOCTYPE html PUBLIC ""-//W3C//DTD XHTML 1.0 Transitional//EN"" ""http://www.w3.org/TR/xhtml1/DTD/xhtml1-transitional.dtd"">
<html xmlns=""http://www.w3.org/1999/xhtml"" lang=""ko"">
<head>
  <meta http-equiv=""Content-Type"" content=""text/html; charset=utf-8"" />
  <meta name=""viewport"" content=""width=device-width, initial-scale=1.0"" />
  <title>[현대제철] 신도윤 대리님, 교육 실행 전환율 높이는 자동화 방안</title>
  <!--[if mso]>
  <style type=""text/css"">
    table { border-collapse: collapse; }
    td { font-family: 'Malgun Gothic', '맑은 고딕', 'Apple SD Gothic Neo', 'Segoe UI', Helvetica, Arial, sans-serif; }
  </style>
  <![endif]-->
</head>
<body style=""margin:0;padding:0;background-color:#eaf1f5;font-family:'Malgun Gothic', '맑은 고딕', 'Apple SD Gothic Neo', 'Segoe UI', Helvetica, Arial, sans-serif;font-size:15px;line-height:1.7;color:#0e2233;-webkit-text-size-adjust:100%;-ms-text-size-adjust:100%;"">

  <!-- Outer wrapper table for centering -->
  <table role=""presentation"" width=""100%"" cellpadding=""0"" cellspacing=""0"" border=""0"" style=""background-color:#eaf1f5;"">
    <tr>
      <td align=""center"" style=""padding:40px 16px 50px 16px;"">

        <!--[if mso]><table role=""presentation"" width=""680"" cellpadding=""0"" cellspacing=""0"" border=""0"" align=""center""><tr><td><![endif]-->
        <table role=""presentation"" width=""100%"" cellpadding=""0"" cellspacing=""0"" border=""0"" style=""max-width:680px;margin:0 auto;background-color:#ffffff;border:1px solid #d4e1e8;"">

          <!-- ========== HEADER ========== -->
          <tr>
            <td style=""padding:34px 36px 24px 36px;background-color:#f3f9f8;border-bottom:2px solid #0d8f84;"">
              <!-- Eyebrow badge -->
              <table role=""presentation"" cellpadding=""0"" cellspacing=""0"" border=""0"">
                <tr>
                  <td style=""background-color:#e6f4f2;padding:5px 14px;font-size:11px;font-weight:bold;color:#094d47;letter-spacing:0.08em;font-family:'Malgun Gothic', '맑은 고딕', 'Apple SD Gothic Neo', 'Segoe UI', Helvetica, Arial, sans-serif;"">
                    &#9679;&nbsp; 현대제철 리더십 교육 F/U
                  </td>
                </tr>
              </table>
              <!-- Title -->
              <h1 style=""margin:16px 0 8px 0;font-size:24px;font-weight:bold;line-height:1.35;color:#091e2f;font-family:'Malgun Gothic', '맑은 고딕', 'Apple SD Gothic Neo', 'Segoe UI', Helvetica, Arial, sans-serif;"">[현대제철] 신도윤 대리님, 교육 실행 전환율 높이는 자동화 방안</h1>
              <!-- Recipient info -->
              <p style=""margin:0;font-size:14px;line-height:1.7;color:#4a6a82;font-family:'Malgun Gothic', '맑은 고딕', 'Apple SD Gothic Neo', 'Segoe UI', Helvetica, Arial, sans-serif;"">신도윤&#xB2D8; &middot; 에코로직스 인사팀 &middot; 대리</p>
            </td>
          </tr>

          <!-- ========== BODY ========== -->
          <tr>
            <td style=""padding:30px 36px 10px 36px;"">
              <p style=""margin:0 0 18px 0;font-size:15px;font-weight:bold;color:#094d47;font-family:'Malgun Gothic', '맑은 고딕', 'Apple SD Gothic Neo', 'Segoe UI', Helvetica, Arial, sans-serif;"">신도윤&#xB2D8; &#xC548;&#xB155;&#xD558;&#xC138;&#xC694;.</p>
              <p style=""margin:0 0 14px 0;font-size:15px;line-height:1.9;color:#0e2233;"">신도윤 대리님, 자동화된 초안에 사람의 검수를 더하는 현실적인 접근법을 인상 깊게 공감했습니다.</p>
<p style=""margin:0 0 14px 0;font-size:15px;line-height:1.9;color:#0e2233;"">교육 직후의 의지를 실행 전환율로 이어가기 위해 2주 단위 체크인 시스템을 먼저 구축해 보세요.</p>
<p style=""margin:0 0 14px 0;font-size:15px;line-height:1.9;color:#0e2233;"">준비하신 액션플랜을 팀원들과 공유하고 첫 단계를 시작해 주시기 바랍니다.</p>
            </td>
          </tr>

          <!-- ========== INFO CARDS (2x2 table) ========== -->
          <tr>
            <td style=""padding:0 36px 10px 36px;"">
              <table role=""presentation"" width=""100%"" cellpadding=""0"" cellspacing=""0"" border=""0"">
                <tr>
                  <!-- Card 1: Action Plan -->
                  <td width=""50%"" valign=""top"" style=""padding:0 6px 12px 0;"">
                    <table role=""presentation"" width=""100%"" cellpadding=""0"" cellspacing=""0"" border=""0"" style=""background-color:#f7fafa;border:1px solid #dae4ec;"">
                      <tr>
                        <td style=""padding:16px 18px;"">
                          <p style=""margin:0 0 8px 0;font-size:11px;font-weight:bold;color:#0d8f84;letter-spacing:0.06em;font-family:'Malgun Gothic', '맑은 고딕', 'Apple SD Gothic Neo', 'Segoe UI', Helvetica, Arial, sans-serif;"">&#9654; &#xD575;&#xC2EC; &#xC2E4;&#xD589;&#xACC4;&#xD68D;</p>
                          <p style=""margin:0;font-size:14px;line-height:1.8;color:#0e2233;font-family:'Malgun Gothic', '맑은 고딕', 'Apple SD Gothic Neo', 'Segoe UI', Helvetica, Arial, sans-serif;"">교육 종료 후 2주 단위 액션플랜 체크인 메시지를 자동화</p>
                        </td>
                      </tr>
                    </table>
                  </td>
                  <!-- Card 2: Expected Behavior -->
                  <td width=""50%"" valign=""top"" style=""padding:0 0 12px 6px;"">
                    <table role=""presentation"" width=""100%"" cellpadding=""0"" cellspacing=""0"" border=""0"" style=""background-color:#f7fafa;border:1px solid #dae4ec;"">
                      <tr>
                        <td style=""padding:16px 18px;"">
                          <p style=""margin:0 0 8px 0;font-size:11px;font-weight:bold;color:#0d8f84;letter-spacing:0.06em;font-family:'Malgun Gothic', '맑은 고딕', 'Apple SD Gothic Neo', 'Segoe UI', Helvetica, Arial, sans-serif;"">&#9654; &#xAE30;&#xB300; &#xD589;&#xB3D9;</p>
                          <p style=""margin:0;font-size:14px;line-height:1.8;color:#0e2233;font-family:'Malgun Gothic', '맑은 고딕', 'Apple SD Gothic Neo', 'Segoe UI', Helvetica, Arial, sans-serif;"">수강자가 교육 직후 세운 계획을 잊지 않고 팀 내 공유까지 이어가게 한다</p>
                        </td>
                      </tr>
                    </table>
                  </td>
                </tr>
                <tr>
                  <!-- Card 3: Key Takeaway -->
                  <td width=""50%"" valign=""top"" style=""padding:0 6px 12px 0;"">
                    <table role=""presentation"" width=""100%"" cellpadding=""0"" cellspacing=""0"" border=""0"" style=""background-color:#f7fafa;border:1px solid #dae4ec;"">
                      <tr>
                        <td style=""padding:16px 18px;"">
                          <p style=""margin:0 0 8px 0;font-size:11px;font-weight:bold;color:#0d8f84;letter-spacing:0.06em;font-family:'Malgun Gothic', '맑은 고딕', 'Apple SD Gothic Neo', 'Segoe UI', Helvetica, Arial, sans-serif;"">&#9654; &#xAD50;&#xC721; &#xD575;&#xC2EC; &#xD3EC;&#xC778;&#xD2B8;</p>
                          <p style=""margin:0;font-size:14px;line-height:1.8;color:#0e2233;font-family:'Malgun Gothic', '맑은 고딕', 'Apple SD Gothic Neo', 'Segoe UI', Helvetica, Arial, sans-serif;"">초안 자동화 후 사람이 톤을 통제하는 방식이 현실적이라는 점</p>
                        </td>
                      </tr>
                    </table>
                  </td>
                  <!-- Card 4: Comment -->
                  <td width=""50%"" valign=""top"" style=""padding:0 0 12px 6px;"">
                    <table role=""presentation"" width=""100%"" cellpadding=""0"" cellspacing=""0"" border=""0"" style=""background-color:#f7fafa;border:1px solid #dae4ec;"">
                      <tr>
                        <td style=""padding:16px 18px;"">
                          <p style=""margin:0 0 8px 0;font-size:11px;font-weight:bold;color:#0d8f84;letter-spacing:0.06em;font-family:'Malgun Gothic', '맑은 고딕', 'Apple SD Gothic Neo', 'Segoe UI', Helvetica, Arial, sans-serif;"">&#9654; &#xCC38;&#xAC00;&#xC790; &#xCF54;&#xBA58;&#xD2B8;</p>
                          <p style=""margin:0;font-size:14px;line-height:1.8;color:#0e2233;font-family:'Malgun Gothic', '맑은 고딕', 'Apple SD Gothic Neo', 'Segoe UI', Helvetica, Arial, sans-serif;"">개인화 메시지를 자동화하되 사람 검수를 남기는 구조가 설득력 있었다. 실습 전 사전 안내가 조금 더 구조화되면 따라가기 한결 수월하겠다. 이론과 실습의 난이도 균형은 전반적으로 적절했다.</p>
                        </td>
                      </tr>
                    </table>
                  </td>
                </tr>
              </table>
            </td>
          </tr>

          <!-- ========== NEXT ACTION ========== -->
          <tr>
            <td style=""padding:6px 36px 20px 36px;"">
              <table role=""presentation"" width=""100%"" cellpadding=""0"" cellspacing=""0"" border=""0"" style=""background-color:#0d8f84;"">
                <tr>
                  <td style=""padding:20px 24px;"">
                    <p style=""margin:0 0 6px 0;font-size:11px;font-weight:bold;letter-spacing:0.1em;color:#b8e6e0;font-family:'Malgun Gothic', '맑은 고딕', 'Apple SD Gothic Neo', 'Segoe UI', Helvetica, Arial, sans-serif;"">NEXT ACTION</p>
                    <p style=""margin:0;font-size:16px;line-height:1.8;font-weight:bold;color:#ffffff;font-family:'Malgun Gothic', '맑은 고딕', 'Apple SD Gothic Neo', 'Segoe UI', Helvetica, Arial, sans-serif;"">팀 내 액션플랜 공유 및 체크인 시스템 기획</p>
                  </td>
                </tr>
              </table>
            </td>
          </tr>

          <!-- ========== SIGNATURE ========== -->
          <tr>
            <td style=""padding:0 36px 36px 36px;"">
              <table role=""presentation"" width=""100%"" cellpadding=""0"" cellspacing=""0"" border=""0"" style=""border-top:1px solid #dae4ec;"">
                <tr>
                  <td style=""padding:20px 0 0 0;font-size:13px;line-height:1.9;color:#4a6a82;font-family:'Malgun Gothic', '맑은 고딕', 'Apple SD Gothic Neo', 'Segoe UI', Helvetica, Arial, sans-serif;"">
                    감사합니다.<br />
                    박서윤<br />
                    현대제철 컬처디자인팀
                  </td>
                </tr>
              </table>
            </td>
          </tr>

        </table>
        <!--[if mso]></td></tr></table><![endif]-->

      </td>
    </tr>
  </table>

</body>
</html>
",sample_data/교육_액션플랜_데이터_feedback_output_html_preview/032_신도윤.html,completed,glm-4.5-air,2026-07-21T21:34:53
P033,안채린,participant033@hrd-ai-demo.example.com,한결테크,리더십운영파트,선임,리더십,보고서 작성 시간을 줄이고 데이터 기반으로 다음 차수 개선안을 제시하겠다,만족도 조사 데이터를 월별 대시보드와 1페이지 요약 보고서로 연결,정량 점수와 정성 코멘트를 함께 보며 다음 차수 개선 우선순위를 빠르게 합의한다,정성 의견을 숫자 옆에 붙여 스토리로 보여주는 예시가 인상 깊었다. 도구 설명보다 업무 문제 정의에 초점을 둔 구성이 실무적이었다. 기초 설명은 충분했지만 실습 난도는 한 단계 높여도 좋겠다고 느꼈다.,정량과 정성을 같이 봐야 의사결정이 빨라진다는 점,김민주,[현대제철 리더십 교육 F/U] 교육 후속 안내 (안채린 선임님),"안채린 선임님, 정량 점수와 정성 코멘트를 결합해 빠르게 의사결정을 내리겠다는 학습 포부가 인상 깊었습니다. 앞으로 월별 대시보드와 1페이지 요약 보고서를 통해 다음 차수 개선안을 수립해 주시길 기대합니다. 정량과 정성을 함께 검토하여 개선 우선순위를 빠르게 합의하는 과정을 응원합니다.",만족도 조사 데이터를 월별 대시보드와 1페이지 요약 보고서로 연계하여 개선 우선순위 합의하기,ok,"<!DOCTYPE html PUBLIC ""-//W3C//DTD XHTML 1.0 Transitional//EN"" ""http://www.w3.org/TR/xhtml1/DTD/xhtml1-transitional.dtd"">
<html xmlns=""http://www.w3.org/1999/xhtml"" lang=""ko"">
<head>
  <meta http-equiv=""Content-Type"" content=""text/html; charset=utf-8"" />
  <meta name=""viewport"" content=""width=device-width, initial-scale=1.0"" />
  <title>[현대제철 리더십 교육 F/U] 교육 후속 안내 (안채린 선임님)</title>
  <!--[if mso]>
  <style type=""text/css"">
    table { border-collapse: collapse; }
    td { font-family: 'Malgun Gothic', '맑은 고딕', 'Apple SD Gothic Neo', 'Segoe UI', Helvetica, Arial, sans-serif; }
  </style>
  <![endif]-->
</head>
<body style=""margin:0;padding:0;background-color:#eaf1f5;font-family:'Malgun Gothic', '맑은 고딕', 'Apple SD Gothic Neo', 'Segoe UI', Helvetica, Arial, sans-serif;font-size:15px;line-height:1.7;color:#0e2233;-webkit-text-size-adjust:100%;-ms-text-size-adjust:100%;"">

  <!-- Outer wrapper table for centering -->
  <table role=""presentation"" width=""100%"" cellpadding=""0"" cellspacing=""0"" border=""0"" style=""background-color:#eaf1f5;"">
    <tr>
      <td align=""center"" style=""padding:40px 16px 50px 16px;"">

        <!--[if mso]><table role=""presentation"" width=""680"" cellpadding=""0"" cellspacing=""0"" border=""0"" align=""center""><tr><td><![endif]-->
        <table role=""presentation"" width=""100%"" cellpadding=""0"" cellspacing=""0"" border=""0"" style=""max-width:680px;margin:0 auto;background-color:#ffffff;border:1px solid #d4e1e8;"">

          <!-- ========== HEADER ========== -->
          <tr>
            <td style=""padding:34px 36px 24px 36px;background-color:#f3f9f8;border-bottom:2px solid #0d8f84;"">
              <!-- Eyebrow badge -->
              <table role=""presentation"" cellpadding=""0"" cellspacing=""0"" border=""0"">
                <tr>
                  <td style=""background-color:#e6f4f2;padding:5px 14px;font-size:11px;font-weight:bold;color:#094d47;letter-spacing:0.08em;font-family:'Malgun Gothic', '맑은 고딕', 'Apple SD Gothic Neo', 'Segoe UI', Helvetica, Arial, sans-serif;"">
                    &#9679;&nbsp; 현대제철 리더십 교육 F/U
                  </td>
                </tr>
              </table>
              <!-- Title -->
              <h1 style=""margin:16px 0 8px 0;font-size:24px;font-weight:bold;line-height:1.35;color:#091e2f;font-family:'Malgun Gothic', '맑은 고딕', 'Apple SD Gothic Neo', 'Segoe UI', Helvetica, Arial, sans-serif;"">[현대제철 리더십 교육 F/U] 교육 후속 안내 (안채린 선임님)</h1>
              <!-- Recipient info -->
              <p style=""margin:0;font-size:14px;line-height:1.7;color:#4a6a82;font-family:'Malgun Gothic', '맑은 고딕', 'Apple SD Gothic Neo', 'Segoe UI', Helvetica, Arial, sans-serif;"">안채린&#xB2D8; &middot; 한결테크 리더십운영파트 &middot; 선임</p>
            </td>
          </tr>

          <!-- ========== BODY ========== -->
          <tr>
            <td style=""padding:30px 36px 10px 36px;"">
              <p style=""margin:0 0 18px 0;font-size:15px;font-weight:bold;color:#094d47;font-family:'Malgun Gothic', '맑은 고딕', 'Apple SD Gothic Neo', 'Segoe UI', Helvetica, Arial, sans-serif;"">안채린&#xB2D8; &#xC548;&#xB155;&#xD558;&#xC138;&#xC694;.</p>
              <p style=""margin:0 0 14px 0;font-size:15px;line-height:1.9;color:#0e2233;"">안채린 선임님, 정량 점수와 정성 코멘트를 결합해 빠르게 의사결정을 내리겠다는 학습 포부가 인상 깊었습니다.</p>
<p style=""margin:0 0 14px 0;font-size:15px;line-height:1.9;color:#0e2233;"">앞으로 월별 대시보드와 1페이지 요약 보고서를 통해 다음 차수 개선안을 수립해 주시길 기대합니다.</p>
<p style=""margin:0 0 14px 0;font-size:15px;line-height:1.9;color:#0e2233;"">정량과 정성을 함께 검토하여 개선 우선순위를 빠르게 합의하는 과정을 응원합니다.</p>
            </td>
          </tr>

          <!-- ========== INFO CARDS (2x2 table) ========== -->
          <tr>
            <td style=""padding:0 36px 10px 36px;"">
              <table role=""presentation"" width=""100%"" cellpadding=""0"" cellspacing=""0"" border=""0"">
                <tr>
                  <!-- Card 1: Action Plan -->
                  <td width=""50%"" valign=""top"" style=""padding:0 6px 12px 0;"">
                    <table role=""presentation"" width=""100%"" cellpadding=""0"" cellspacing=""0"" border=""0"" style=""background-color:#f7fafa;border:1px solid #dae4ec;"">
                      <tr>
                        <td style=""padding:16px 18px;"">
                          <p style=""margin:0 0 8px 0;font-size:11px;font-weight:bold;color:#0d8f84;letter-spacing:0.06em;font-family:'Malgun Gothic', '맑은 고딕', 'Apple SD Gothic Neo', 'Segoe UI', Helvetica, Arial, sans-serif;"">&#9654; &#xD575;&#xC2EC; &#xC2E4;&#xD589;&#xACC4;&#xD68D;</p>
                          <p style=""margin:0;font-size:14px;line-height:1.8;color:#0e2233;font-family:'Malgun Gothic', '맑은 고딕', 'Apple SD Gothic Neo', 'Segoe UI', Helvetica, Arial, sans-serif;"">만족도 조사 데이터를 월별 대시보드와 1페이지 요약 보고서로 연결</p>
                        </td>
                      </tr>
                    </table>
                  </td>
                  <!-- Card 2: Expected Behavior -->
                  <td width=""50%"" valign=""top"" style=""padding:0 0 12px 6px;"">
                    <table role=""presentation"" width=""100%"" cellpadding=""0"" cellspacing=""0"" border=""0"" style=""background-color:#f7fafa;border:1px solid #dae4ec;"">
                      <tr>
                        <td style=""padding:16px 18px;"">
                          <p style=""margin:0 0 8px 0;font-size:11px;font-weight:bold;color:#0d8f84;letter-spacing:0.06em;font-family:'Malgun Gothic', '맑은 고딕', 'Apple SD Gothic Neo', 'Segoe UI', Helvetica, Arial, sans-serif;"">&#9654; &#xAE30;&#xB300; &#xD589;&#xB3D9;</p>
                          <p style=""margin:0;font-size:14px;line-height:1.8;color:#0e2233;font-family:'Malgun Gothic', '맑은 고딕', 'Apple SD Gothic Neo', 'Segoe UI', Helvetica, Arial, sans-serif;"">정량 점수와 정성 코멘트를 함께 보며 다음 차수 개선 우선순위를 빠르게 합의한다</p>
                        </td>
                      </tr>
                    </table>
                  </td>
                </tr>
                <tr>
                  <!-- Card 3: Key Takeaway -->
                  <td width=""50%"" valign=""top"" style=""padding:0 6px 12px 0;"">
                    <table role=""presentation"" width=""100%"" cellpadding=""0"" cellspacing=""0"" border=""0"" style=""background-color:#f7fafa;border:1px solid #dae4ec;"">
                      <tr>
                        <td style=""padding:16px 18px;"">
                          <p style=""margin:0 0 8px 0;font-size:11px;font-weight:bold;color:#0d8f84;letter-spacing:0.06em;font-family:'Malgun Gothic', '맑은 고딕', 'Apple SD Gothic Neo', 'Segoe UI', Helvetica, Arial, sans-serif;"">&#9654; &#xAD50;&#xC721; &#xD575;&#xC2EC; &#xD3EC;&#xC778;&#xD2B8;</p>
                          <p style=""margin:0;font-size:14px;line-height:1.8;color:#0e2233;font-family:'Malgun Gothic', '맑은 고딕', 'Apple SD Gothic Neo', 'Segoe UI', Helvetica, Arial, sans-serif;"">정량과 정성을 같이 봐야 의사결정이 빨라진다는 점</p>
                        </td>
                      </tr>
                    </table>
                  </td>
                  <!-- Card 4: Comment -->
                  <td width=""50%"" valign=""top"" style=""padding:0 0 12px 6px;"">
                    <table role=""presentation"" width=""100%"" cellpadding=""0"" cellspacing=""0"" border=""0"" style=""background-color:#f7fafa;border:1px solid #dae4ec;"">
                      <tr>
                        <td style=""padding:16px 18px;"">
                          <p style=""margin:0 0 8px 0;font-size:11px;font-weight:bold;color:#0d8f84;letter-spacing:0.06em;font-family:'Malgun Gothic', '맑은 고딕', 'Apple SD Gothic Neo', 'Segoe UI', Helvetica, Arial, sans-serif;"">&#9654; &#xCC38;&#xAC00;&#xC790; &#xCF54;&#xBA58;&#xD2B8;</p>
                          <p style=""margin:0;font-size:14px;line-height:1.8;color:#0e2233;font-family:'Malgun Gothic', '맑은 고딕', 'Apple SD Gothic Neo', 'Segoe UI', Helvetica, Arial, sans-serif;"">정성 의견을 숫자 옆에 붙여 스토리로 보여주는 예시가 인상 깊었다. 도구 설명보다 업무 문제 정의에 초점을 둔 구성이 실무적이었다. 기초 설명은 충분했지만 실습 난도는 한 단계 높여도 좋겠다고 느꼈다.</p>
                        </td>
                      </tr>
                    </table>
                  </td>
                </tr>
              </table>
            </td>
          </tr>

          <!-- ========== NEXT ACTION ========== -->
          <tr>
            <td style=""padding:6px 36px 20px 36px;"">
              <table role=""presentation"" width=""100%"" cellpadding=""0"" cellspacing=""0"" border=""0"" style=""background-color:#0d8f84;"">
                <tr>
                  <td style=""padding:20px 24px;"">
                    <p style=""margin:0 0 6px 0;font-size:11px;font-weight:bold;letter-spacing:0.1em;color:#b8e6e0;font-family:'Malgun Gothic', '맑은 고딕', 'Apple SD Gothic Neo', 'Segoe UI', Helvetica, Arial, sans-serif;"">NEXT ACTION</p>
                    <p style=""margin:0;font-size:16px;line-height:1.8;font-weight:bold;color:#ffffff;font-family:'Malgun Gothic', '맑은 고딕', 'Apple SD Gothic Neo', 'Segoe UI', Helvetica, Arial, sans-serif;"">만족도 조사 데이터를 월별 대시보드와 1페이지 요약 보고서로 연계하여 개선 우선순위 합의하기</p>
                  </td>
                </tr>
              </table>
            </td>
          </tr>

          <!-- ========== SIGNATURE ========== -->
          <tr>
            <td style=""padding:0 36px 36px 36px;"">
              <table role=""presentation"" width=""100%"" cellpadding=""0"" cellspacing=""0"" border=""0"" style=""border-top:1px solid #dae4ec;"">
                <tr>
                  <td style=""padding:20px 0 0 0;font-size:13px;line-height:1.9;color:#4a6a82;font-family:'Malgun Gothic', '맑은 고딕', 'Apple SD Gothic Neo', 'Segoe UI', Helvetica, Arial, sans-serif;"">
                    감사합니다.<br />
                    김민주<br />
                    현대제철 컬처디자인팀
                  </td>
                </tr>
              </table>
            </td>
          </tr>

        </table>
        <!--[if mso]></td></tr></table><![endif]-->

      </td>
    </tr>
  </table>

</body>
</html>
",sample_data/교육_액션플랜_데이터_feedback_output_html_preview/033_안채린.html,completed,glm-4.5-air,2026-07-21T21:35:32
P034,양지훈,participant034@hrd-ai-demo.example.com,메가툴즈,교육지원팀,차장,HRD,길게 쌓인 VOC를 읽는 시간보다 의사결정 시간을 더 확보하겠다,정성 코멘트에서 핵심 토픽 3개와 대표 인용문 3개를 자동 추출,운영진이 불만 포인트와 강점을 빠르게 파악해 다음 차수 반영 속도를 높인다,정성데이터를 너무 무겁게 다루지 않아도 된다는 설명이 부담을 줄여줬다. 강사의 설명이 기술 용어를 과하게 쓰지 않아 이해가 쉬웠다. 실습 데이터 예시가 한두 건 더 있었으면 비교 설명이 쉬웠을 것 같다.,인용문 3개와 토픽 3개만 잘 뽑아도 보고 품질이 높아진다는 점,이도현,"[현대제철 리더십 교육 F/U] 양지훈 차장님, 핵심 토픽 추출 적용 독려","양지훈 차장님, 교육 중 인상 깊으셨던 핵심 토픽 3개와 인용문 3개 추출 방식을 실무에 적용해 보시기 바랍니다. 이를 통해 운영진이 불만 포인트를 빠르게 파악하고 다음 차기 반영 속도를 높이는 데 집중해 주십시오.",정성 코멘트 자동 추출 기능 구현 및 운영진 보고서 제출,ok,"<!DOCTYPE html PUBLIC ""-//W3C//DTD XHTML 1.0 Transitional//EN"" ""http://www.w3.org/TR/xhtml1/DTD/xhtml1-transitional.dtd"">
<html xmlns=""http://www.w3.org/1999/xhtml"" lang=""ko"">
<head>
  <meta http-equiv=""Content-Type"" content=""text/html; charset=utf-8"" />
  <meta name=""viewport"" content=""width=device-width, initial-scale=1.0"" />
  <title>[현대제철 리더십 교육 F/U] 양지훈 차장님, 핵심 토픽 추출 적용 독려</title>
  <!--[if mso]>
  <style type=""text/css"">
    table { border-collapse: collapse; }
    td { font-family: 'Malgun Gothic', '맑은 고딕', 'Apple SD Gothic Neo', 'Segoe UI', Helvetica, Arial, sans-serif; }
  </style>
  <![endif]-->
</head>
<body style=""margin:0;padding:0;background-color:#eaf1f5;font-family:'Malgun Gothic', '맑은 고딕', 'Apple SD Gothic Neo', 'Segoe UI', Helvetica, Arial, sans-serif;font-size:15px;line-height:1.7;color:#0e2233;-webkit-text-size-adjust:100%;-ms-text-size-adjust:100%;"">

  <!-- Outer wrapper table for centering -->
  <table role=""presentation"" width=""100%"" cellpadding=""0"" cellspacing=""0"" border=""0"" style=""background-color:#eaf1f5;"">
    <tr>
      <td align=""center"" style=""padding:40px 16px 50px 16px;"">

        <!--[if mso]><table role=""presentation"" width=""680"" cellpadding=""0"" cellspacing=""0"" border=""0"" align=""center""><tr><td><![endif]-->
        <table role=""presentation"" width=""100%"" cellpadding=""0"" cellspacing=""0"" border=""0"" style=""max-width:680px;margin:0 auto;background-color:#ffffff;border:1px solid #d4e1e8;"">

          <!-- ========== HEADER ========== -->
          <tr>
            <td style=""padding:34px 36px 24px 36px;background-color:#f3f9f8;border-bottom:2px solid #0d8f84;"">
              <!-- Eyebrow badge -->
              <table role=""presentation"" cellpadding=""0"" cellspacing=""0"" border=""0"">
                <tr>
                  <td style=""background-color:#e6f4f2;padding:5px 14px;font-size:11px;font-weight:bold;color:#094d47;letter-spacing:0.08em;font-family:'Malgun Gothic', '맑은 고딕', 'Apple SD Gothic Neo', 'Segoe UI', Helvetica, Arial, sans-serif;"">
                    &#9679;&nbsp; 현대제철 리더십 교육 F/U
                  </td>
                </tr>
              </table>
              <!-- Title -->
              <h1 style=""margin:16px 0 8px 0;font-size:24px;font-weight:bold;line-height:1.35;color:#091e2f;font-family:'Malgun Gothic', '맑은 고딕', 'Apple SD Gothic Neo', 'Segoe UI', Helvetica, Arial, sans-serif;"">[현대제철 리더십 교육 F/U] 양지훈 차장님, 핵심 토픽 추출 적용 독려</h1>
              <!-- Recipient info -->
              <p style=""margin:0;font-size:14px;line-height:1.7;color:#4a6a82;font-family:'Malgun Gothic', '맑은 고딕', 'Apple SD Gothic Neo', 'Segoe UI', Helvetica, Arial, sans-serif;"">양지훈&#xB2D8; &middot; 메가툴즈 교육지원팀 &middot; 차장</p>
            </td>
          </tr>

          <!-- ========== BODY ========== -->
          <tr>
            <td style=""padding:30px 36px 10px 36px;"">
              <p style=""margin:0 0 18px 0;font-size:15px;font-weight:bold;color:#094d47;font-family:'Malgun Gothic', '맑은 고딕', 'Apple SD Gothic Neo', 'Segoe UI', Helvetica, Arial, sans-serif;"">양지훈&#xB2D8; &#xC548;&#xB155;&#xD558;&#xC138;&#xC694;.</p>
              <p style=""margin:0 0 14px 0;font-size:15px;line-height:1.9;color:#0e2233;"">양지훈 차장님, 교육 중 인상 깊으셨던 핵심 토픽 3개와 인용문 3개 추출 방식을 실무에 적용해 보시기 바랍니다.</p>
<p style=""margin:0 0 14px 0;font-size:15px;line-height:1.9;color:#0e2233;"">이를 통해 운영진이 불만 포인트를 빠르게 파악하고 다음 차기 반영 속도를 높이는 데 집중해 주십시오.</p>
            </td>
          </tr>

          <!-- ========== INFO CARDS (2x2 table) ========== -->
          <tr>
            <td style=""padding:0 36px 10px 36px;"">
              <table role=""presentation"" width=""100%"" cellpadding=""0"" cellspacing=""0"" border=""0"">
                <tr>
                  <!-- Card 1: Action Plan -->
                  <td width=""50%"" valign=""top"" style=""padding:0 6px 12px 0;"">
                    <table role=""presentation"" width=""100%"" cellpadding=""0"" cellspacing=""0"" border=""0"" style=""background-color:#f7fafa;border:1px solid #dae4ec;"">
                      <tr>
                        <td style=""padding:16px 18px;"">
                          <p style=""margin:0 0 8px 0;font-size:11px;font-weight:bold;color:#0d8f84;letter-spacing:0.06em;font-family:'Malgun Gothic', '맑은 고딕', 'Apple SD Gothic Neo', 'Segoe UI', Helvetica, Arial, sans-serif;"">&#9654; &#xD575;&#xC2EC; &#xC2E4;&#xD589;&#xACC4;&#xD68D;</p>
                          <p style=""margin:0;font-size:14px;line-height:1.8;color:#0e2233;font-family:'Malgun Gothic', '맑은 고딕', 'Apple SD Gothic Neo', 'Segoe UI', Helvetica, Arial, sans-serif;"">정성 코멘트에서 핵심 토픽 3개와 대표 인용문 3개를 자동 추출</p>
                        </td>
                      </tr>
                    </table>
                  </td>
                  <!-- Card 2: Expected Behavior -->
                  <td width=""50%"" valign=""top"" style=""padding:0 0 12px 6px;"">
                    <table role=""presentation"" width=""100%"" cellpadding=""0"" cellspacing=""0"" border=""0"" style=""background-color:#f7fafa;border:1px solid #dae4ec;"">
                      <tr>
                        <td style=""padding:16px 18px;"">
                          <p style=""margin:0 0 8px 0;font-size:11px;font-weight:bold;color:#0d8f84;letter-spacing:0.06em;font-family:'Malgun Gothic', '맑은 고딕', 'Apple SD Gothic Neo', 'Segoe UI', Helvetica, Arial, sans-serif;"">&#9654; &#xAE30;&#xB300; &#xD589;&#xB3D9;</p>
                          <p style=""margin:0;font-size:14px;line-height:1.8;color:#0e2233;font-family:'Malgun Gothic', '맑은 고딕', 'Apple SD Gothic Neo', 'Segoe UI', Helvetica, Arial, sans-serif;"">운영진이 불만 포인트와 강점을 빠르게 파악해 다음 차수 반영 속도를 높인다</p>
                        </td>
                      </tr>
                    </table>
                  </td>
                </tr>
                <tr>
                  <!-- Card 3: Key Takeaway -->
                  <td width=""50%"" valign=""top"" style=""padding:0 6px 12px 0;"">
                    <table role=""presentation"" width=""100%"" cellpadding=""0"" cellspacing=""0"" border=""0"" style=""background-color:#f7fafa;border:1px solid #dae4ec;"">
                      <tr>
                        <td style=""padding:16px 18px;"">
                          <p style=""margin:0 0 8px 0;font-size:11px;font-weight:bold;color:#0d8f84;letter-spacing:0.06em;font-family:'Malgun Gothic', '맑은 고딕', 'Apple SD Gothic Neo', 'Segoe UI', Helvetica, Arial, sans-serif;"">&#9654; &#xAD50;&#xC721; &#xD575;&#xC2EC; &#xD3EC;&#xC778;&#xD2B8;</p>
                          <p style=""margin:0;font-size:14px;line-height:1.8;color:#0e2233;font-family:'Malgun Gothic', '맑은 고딕', 'Apple SD Gothic Neo', 'Segoe UI', Helvetica, Arial, sans-serif;"">인용문 3개와 토픽 3개만 잘 뽑아도 보고 품질이 높아진다는 점</p>
                        </td>
                      </tr>
                    </table>
                  </td>
                  <!-- Card 4: Comment -->
                  <td width=""50%"" valign=""top"" style=""padding:0 0 12px 6px;"">
                    <table role=""presentation"" width=""100%"" cellpadding=""0"" cellspacing=""0"" border=""0"" style=""background-color:#f7fafa;border:1px solid #dae4ec;"">
                      <tr>
                        <td style=""padding:16px 18px;"">
                          <p style=""margin:0 0 8px 0;font-size:11px;font-weight:bold;color:#0d8f84;letter-spacing:0.06em;font-family:'Malgun Gothic', '맑은 고딕', 'Apple SD Gothic Neo', 'Segoe UI', Helvetica, Arial, sans-serif;"">&#9654; &#xCC38;&#xAC00;&#xC790; &#xCF54;&#xBA58;&#xD2B8;</p>
                          <p style=""margin:0;font-size:14px;line-height:1.8;color:#0e2233;font-family:'Malgun Gothic', '맑은 고딕', 'Apple SD Gothic Neo', 'Segoe UI', Helvetica, Arial, sans-serif;"">정성데이터를 너무 무겁게 다루지 않아도 된다는 설명이 부담을 줄여줬다. 강사의 설명이 기술 용어를 과하게 쓰지 않아 이해가 쉬웠다. 실습 데이터 예시가 한두 건 더 있었으면 비교 설명이 쉬웠을 것 같다.</p>
                        </td>
                      </tr>
                    </table>
                  </td>
                </tr>
              </table>
            </td>
          </tr>

          <!-- ========== NEXT ACTION ========== -->
          <tr>
            <td style=""padding:6px 36px 20px 36px;"">
              <table role=""presentation"" width=""100%"" cellpadding=""0"" cellspacing=""0"" border=""0"" style=""background-color:#0d8f84;"">
                <tr>
                  <td style=""padding:20px 24px;"">
                    <p style=""margin:0 0 6px 0;font-size:11px;font-weight:bold;letter-spacing:0.1em;color:#b8e6e0;font-family:'Malgun Gothic', '맑은 고딕', 'Apple SD Gothic Neo', 'Segoe UI', Helvetica, Arial, sans-serif;"">NEXT ACTION</p>
                    <p style=""margin:0;font-size:16px;line-height:1.8;font-weight:bold;color:#ffffff;font-family:'Malgun Gothic', '맑은 고딕', 'Apple SD Gothic Neo', 'Segoe UI', Helvetica, Arial, sans-serif;"">정성 코멘트 자동 추출 기능 구현 및 운영진 보고서 제출</p>
                  </td>
                </tr>
              </table>
            </td>
          </tr>

          <!-- ========== SIGNATURE ========== -->
          <tr>
            <td style=""padding:0 36px 36px 36px;"">
              <table role=""presentation"" width=""100%"" cellpadding=""0"" cellspacing=""0"" border=""0"" style=""border-top:1px solid #dae4ec;"">
                <tr>
                  <td style=""padding:20px 0 0 0;font-size:13px;line-height:1.9;color:#4a6a82;font-family:'Malgun Gothic', '맑은 고딕', 'Apple SD Gothic Neo', 'Segoe UI', Helvetica, Arial, sans-serif;"">
                    감사합니다.<br />
                    이도현<br />
                    현대제철 컬처디자인팀
                  </td>
                </tr>
              </table>
            </td>
          </tr>

        </table>
        <!--[if mso]></td></tr></table><![endif]-->

      </td>
    </tr>
  </table>

</body>
</html>
",sample_data/교육_액션플랜_데이터_feedback_output_html_preview/034_양지훈.html,completed,glm-4.5-air,2026-07-21T21:36:04
P035,엄세아,participant035@hrd-ai-demo.example.com,더블유모터스,인재개발실,과장,인재육성,교육 효과를 운영 기록이 아니라 경영 의사결정 자료로 전환하겠다,경영진 공유용으로 5장 내외의 교육 효과 요약 슬라이드 템플릿을 만든다,교육 결과를 숫자와 실행 과제로 연결해 임원 보고 속도를 높인다,보고용 스토리라인을 먼저 잡고 데이터를 넣는 방식이 도움이 됐다. 교육 후 실행으로 이어지는 그림을 잡는 데 큰 도움이 됐다. 중간 Q&A 시간을 한 번 더 넣어주면 이해가 더 안정될 것 같다.,숫자와 서술형 의견을 한 장의 스토리로 묶어야 경영진이 이해하기 쉽다는 점,정유라,"[현대제철 리더십 교육 F/U] 엄세아 과장님, 실행 중심의 보고 자료 작성을 응원합니다","엄세아 과장님, 경영진을 위한 스토리라인 구성법이 도움이 되었다니 기쁩니다. 계획하신 대로 5장 내외의 요약 슬라이드 템플릿을 만들어 교육 결과를 숫자와 실행 과제로 명확히 연결해 주시기 바랍니다. 준비해 주신 자료는 임원 보고 속도를 높이는 데 중요한 역할을 할 것입니다.",교육 효과 요약 슬라이드 템플릿(5장 내외) 제출,ok,"<!DOCTYPE html PUBLIC ""-//W3C//DTD XHTML 1.0 Transitional//EN"" ""http://www.w3.org/TR/xhtml1/DTD/xhtml1-transitional.dtd"">
<html xmlns=""http://www.w3.org/1999/xhtml"" lang=""ko"">
<head>
  <meta http-equiv=""Content-Type"" content=""text/html; charset=utf-8"" />
  <meta name=""viewport"" content=""width=device-width, initial-scale=1.0"" />
  <title>[현대제철 리더십 교육 F/U] 엄세아 과장님, 실행 중심의 보고 자료 작성을 응원합니다</title>
  <!--[if mso]>
  <style type=""text/css"">
    table { border-collapse: collapse; }
    td { font-family: 'Malgun Gothic', '맑은 고딕', 'Apple SD Gothic Neo', 'Segoe UI', Helvetica, Arial, sans-serif; }
  </style>
  <![endif]-->
</head>
<body style=""margin:0;padding:0;background-color:#eaf1f5;font-family:'Malgun Gothic', '맑은 고딕', 'Apple SD Gothic Neo', 'Segoe UI', Helvetica, Arial, sans-serif;font-size:15px;line-height:1.7;color:#0e2233;-webkit-text-size-adjust:100%;-ms-text-size-adjust:100%;"">

  <!-- Outer wrapper table for centering -->
  <table role=""presentation"" width=""100%"" cellpadding=""0"" cellspacing=""0"" border=""0"" style=""background-color:#eaf1f5;"">
    <tr>
      <td align=""center"" style=""padding:40px 16px 50px 16px;"">

        <!--[if mso]><table role=""presentation"" width=""680"" cellpadding=""0"" cellspacing=""0"" border=""0"" align=""center""><tr><td><![endif]-->
        <table role=""presentation"" width=""100%"" cellpadding=""0"" cellspacing=""0"" border=""0"" style=""max-width:680px;margin:0 auto;background-color:#ffffff;border:1px solid #d4e1e8;"">

          <!-- ========== HEADER ========== -->
          <tr>
            <td style=""padding:34px 36px 24px 36px;background-color:#f3f9f8;border-bottom:2px solid #0d8f84;"">
              <!-- Eyebrow badge -->
              <table role=""presentation"" cellpadding=""0"" cellspacing=""0"" border=""0"">
                <tr>
                  <td style=""background-color:#e6f4f2;padding:5px 14px;font-size:11px;font-weight:bold;color:#094d47;letter-spacing:0.08em;font-family:'Malgun Gothic', '맑은 고딕', 'Apple SD Gothic Neo', 'Segoe UI', Helvetica, Arial, sans-serif;"">
                    &#9679;&nbsp; 현대제철 리더십 교육 F/U
                  </td>
                </tr>
              </table>
              <!-- Title -->
              <h1 style=""margin:16px 0 8px 0;font-size:24px;font-weight:bold;line-height:1.35;color:#091e2f;font-family:'Malgun Gothic', '맑은 고딕', 'Apple SD Gothic Neo', 'Segoe UI', Helvetica, Arial, sans-serif;"">[현대제철 리더십 교육 F/U] 엄세아 과장님, 실행 중심의 보고 자료 작성을 응원합니다</h1>
              <!-- Recipient info -->
              <p style=""margin:0;font-size:14px;line-height:1.7;color:#4a6a82;font-family:'Malgun Gothic', '맑은 고딕', 'Apple SD Gothic Neo', 'Segoe UI', Helvetica, Arial, sans-serif;"">엄세아&#xB2D8; &middot; 더블유모터스 인재개발실 &middot; 과장</p>
            </td>
          </tr>

          <!-- ========== BODY ========== -->
          <tr>
            <td style=""padding:30px 36px 10px 36px;"">
              <p style=""margin:0 0 18px 0;font-size:15px;font-weight:bold;color:#094d47;font-family:'Malgun Gothic', '맑은 고딕', 'Apple SD Gothic Neo', 'Segoe UI', Helvetica, Arial, sans-serif;"">엄세아&#xB2D8; &#xC548;&#xB155;&#xD558;&#xC138;&#xC694;.</p>
              <p style=""margin:0 0 14px 0;font-size:15px;line-height:1.9;color:#0e2233;"">엄세아 과장님, 경영진을 위한 스토리라인 구성법이 도움이 되었다니 기쁩니다.</p>
<p style=""margin:0 0 14px 0;font-size:15px;line-height:1.9;color:#0e2233;"">계획하신 대로 5장 내외의 요약 슬라이드 템플릿을 만들어 교육 결과를 숫자와 실행 과제로 명확히 연결해 주시기 바랍니다.</p>
<p style=""margin:0 0 14px 0;font-size:15px;line-height:1.9;color:#0e2233;"">준비해 주신 자료는 임원 보고 속도를 높이는 데 중요한 역할을 할 것입니다.</p>
            </td>
          </tr>

          <!-- ========== INFO CARDS (2x2 table) ========== -->
          <tr>
            <td style=""padding:0 36px 10px 36px;"">
              <table role=""presentation"" width=""100%"" cellpadding=""0"" cellspacing=""0"" border=""0"">
                <tr>
                  <!-- Card 1: Action Plan -->
                  <td width=""50%"" valign=""top"" style=""padding:0 6px 12px 0;"">
                    <table role=""presentation"" width=""100%"" cellpadding=""0"" cellspacing=""0"" border=""0"" style=""background-color:#f7fafa;border:1px solid #dae4ec;"">
                      <tr>
                        <td style=""padding:16px 18px;"">
                          <p style=""margin:0 0 8px 0;font-size:11px;font-weight:bold;color:#0d8f84;letter-spacing:0.06em;font-family:'Malgun Gothic', '맑은 고딕', 'Apple SD Gothic Neo', 'Segoe UI', Helvetica, Arial, sans-serif;"">&#9654; &#xD575;&#xC2EC; &#xC2E4;&#xD589;&#xACC4;&#xD68D;</p>
                          <p style=""margin:0;font-size:14px;line-height:1.8;color:#0e2233;font-family:'Malgun Gothic', '맑은 고딕', 'Apple SD Gothic Neo', 'Segoe UI', Helvetica, Arial, sans-serif;"">경영진 공유용으로 5장 내외의 교육 효과 요약 슬라이드 템플릿을 만든다</p>
                        </td>
                      </tr>
                    </table>
                  </td>
                  <!-- Card 2: Expected Behavior -->
                  <td width=""50%"" valign=""top"" style=""padding:0 0 12px 6px;"">
                    <table role=""presentation"" width=""100%"" cellpadding=""0"" cellspacing=""0"" border=""0"" style=""background-color:#f7fafa;border:1px solid #dae4ec;"">
                      <tr>
                        <td style=""padding:16px 18px;"">
                          <p style=""margin:0 0 8px 0;font-size:11px;font-weight:bold;color:#0d8f84;letter-spacing:0.06em;font-family:'Malgun Gothic', '맑은 고딕', 'Apple SD Gothic Neo', 'Segoe UI', Helvetica, Arial, sans-serif;"">&#9654; &#xAE30;&#xB300; &#xD589;&#xB3D9;</p>
                          <p style=""margin:0;font-size:14px;line-height:1.8;color:#0e2233;font-family:'Malgun Gothic', '맑은 고딕', 'Apple SD Gothic Neo', 'Segoe UI', Helvetica, Arial, sans-serif;"">교육 결과를 숫자와 실행 과제로 연결해 임원 보고 속도를 높인다</p>
                        </td>
                      </tr>
                    </table>
                  </td>
                </tr>
                <tr>
                  <!-- Card 3: Key Takeaway -->
                  <td width=""50%"" valign=""top"" style=""padding:0 6px 12px 0;"">
                    <table role=""presentation"" width=""100%"" cellpadding=""0"" cellspacing=""0"" border=""0"" style=""background-color:#f7fafa;border:1px solid #dae4ec;"">
                      <tr>
                        <td style=""padding:16px 18px;"">
                          <p style=""margin:0 0 8px 0;font-size:11px;font-weight:bold;color:#0d8f84;letter-spacing:0.06em;font-family:'Malgun Gothic', '맑은 고딕', 'Apple SD Gothic Neo', 'Segoe UI', Helvetica, Arial, sans-serif;"">&#9654; &#xAD50;&#xC721; &#xD575;&#xC2EC; &#xD3EC;&#xC778;&#xD2B8;</p>
                          <p style=""margin:0;font-size:14px;line-height:1.8;color:#0e2233;font-family:'Malgun Gothic', '맑은 고딕', 'Apple SD Gothic Neo', 'Segoe UI', Helvetica, Arial, sans-serif;"">숫자와 서술형 의견을 한 장의 스토리로 묶어야 경영진이 이해하기 쉽다는 점</p>
                        </td>
                      </tr>
                    </table>
                  </td>
                  <!-- Card 4: Comment -->
                  <td width=""50%"" valign=""top"" style=""padding:0 0 12px 6px;"">
                    <table role=""presentation"" width=""100%"" cellpadding=""0"" cellspacing=""0"" border=""0"" style=""background-color:#f7fafa;border:1px solid #dae4ec;"">
                      <tr>
                        <td style=""padding:16px 18px;"">
                          <p style=""margin:0 0 8px 0;font-size:11px;font-weight:bold;color:#0d8f84;letter-spacing:0.06em;font-family:'Malgun Gothic', '맑은 고딕', 'Apple SD Gothic Neo', 'Segoe UI', Helvetica, Arial, sans-serif;"">&#9654; &#xCC38;&#xAC00;&#xC790; &#xCF54;&#xBA58;&#xD2B8;</p>
                          <p style=""margin:0;font-size:14px;line-height:1.8;color:#0e2233;font-family:'Malgun Gothic', '맑은 고딕', 'Apple SD Gothic Neo', 'Segoe UI', Helvetica, Arial, sans-serif;"">보고용 스토리라인을 먼저 잡고 데이터를 넣는 방식이 도움이 됐다. 교육 후 실행으로 이어지는 그림을 잡는 데 큰 도움이 됐다. 중간 Q&amp;A 시간을 한 번 더 넣어주면 이해가 더 안정될 것 같다.</p>
                        </td>
                      </tr>
                    </table>
                  </td>
                </tr>
              </table>
            </td>
          </tr>

          <!-- ========== NEXT ACTION ========== -->
          <tr>
            <td style=""padding:6px 36px 20px 36px;"">
              <table role=""presentation"" width=""100%"" cellpadding=""0"" cellspacing=""0"" border=""0"" style=""background-color:#0d8f84;"">
                <tr>
                  <td style=""padding:20px 24px;"">
                    <p style=""margin:0 0 6px 0;font-size:11px;font-weight:bold;letter-spacing:0.1em;color:#b8e6e0;font-family:'Malgun Gothic', '맑은 고딕', 'Apple SD Gothic Neo', 'Segoe UI', Helvetica, Arial, sans-serif;"">NEXT ACTION</p>
                    <p style=""margin:0;font-size:16px;line-height:1.8;font-weight:bold;color:#ffffff;font-family:'Malgun Gothic', '맑은 고딕', 'Apple SD Gothic Neo', 'Segoe UI', Helvetica, Arial, sans-serif;"">교육 효과 요약 슬라이드 템플릿(5장 내외) 제출</p>
                  </td>
                </tr>
              </table>
            </td>
          </tr>

          <!-- ========== SIGNATURE ========== -->
          <tr>
            <td style=""padding:0 36px 36px 36px;"">
              <table role=""presentation"" width=""100%"" cellpadding=""0"" cellspacing=""0"" border=""0"" style=""border-top:1px solid #dae4ec;"">
                <tr>
                  <td style=""padding:20px 0 0 0;font-size:13px;line-height:1.9;color:#4a6a82;font-family:'Malgun Gothic', '맑은 고딕', 'Apple SD Gothic Neo', 'Segoe UI', Helvetica, Arial, sans-serif;"">
                    감사합니다.<br />
                    정유라<br />
                    현대제철 컬처디자인팀
                  </td>
                </tr>
              </table>
            </td>
          </tr>

        </table>
        <!--[if mso]></td></tr></table><![endif]-->

      </td>
    </tr>
  </table>

</body>
</html>
",sample_data/교육_액션플랜_데이터_feedback_output_html_preview/035_엄세아.html,completed,glm-4.5-air,2026-07-21T21:36:40
P036,오유찬,participant036@hrd-ai-demo.example.com,테라바이오랩,조직문화혁신팀,매니저,조직문화,개인 역량에 의존하던 AI 활용을 팀 단위의 재사용 자산으로 남기겠다,사내에서 자주 쓰는 프롬프트를 역할·맥락·입력자료·출력형식 템플릿으로 정리,담당자마다 품질 편차가 줄고 비슷한 작업을 반복할 때 초안 속도가 빨라진다,프롬프트를 감으로 쓰지 않고 구조화하는 법을 배운 점이 유용했다. 강의-시연-실습이 하나의 흐름으로 이어져 집중하기 쉬웠다. 현업 사례가 더 세분화되면 우리 조직에 옮겨 담기 쉬울 것 같다.,출력형식과 품질기준을 먼저 정해야 결과가 안정된다는 점,한충석,[교육 후속] 오유찬 매니저님의 액션플랜 실천을 응원합니다.,"오유찬 매니저님, 배운 구조화 기법을 활용해 사내 프롬프트 템플릿을 구축하여 팀 단위 자산으로 만드시길 응원합니다. 정해진 양식대로 업무를 진행하면 품질 편차 감소와 작업 속도 개선 효과가 있을 것입니다. 우선 자주 쓰는 업무 하나부터 템플릿으로 정리해 보시기 바랍니다.",사내 자주 사용하는 프롬프트 템플릿 1차 정리,ok,"<!DOCTYPE html PUBLIC ""-//W3C//DTD XHTML 1.0 Transitional//EN"" ""http://www.w3.org/TR/xhtml1/DTD/xhtml1-transitional.dtd"">
<html xmlns=""http://www.w3.org/1999/xhtml"" lang=""ko"">
<head>
  <meta http-equiv=""Content-Type"" content=""text/html; charset=utf-8"" />
  <meta name=""viewport"" content=""width=device-width, initial-scale=1.0"" />
  <title>[교육 후속] 오유찬 매니저님의 액션플랜 실천을 응원합니다.</title>
  <!--[if mso]>
  <style type=""text/css"">
    table { border-collapse: collapse; }
    td { font-family: 'Malgun Gothic', '맑은 고딕', 'Apple SD Gothic Neo', 'Segoe UI', Helvetica, Arial, sans-serif; }
  </style>
  <![endif]-->
</head>
<body style=""margin:0;padding:0;background-color:#eaf1f5;font-family:'Malgun Gothic', '맑은 고딕', 'Apple SD Gothic Neo', 'Segoe UI', Helvetica, Arial, sans-serif;font-size:15px;line-height:1.7;color:#0e2233;-webkit-text-size-adjust:100%;-ms-text-size-adjust:100%;"">

  <!-- Outer wrapper table for centering -->
  <table role=""presentation"" width=""100%"" cellpadding=""0"" cellspacing=""0"" border=""0"" style=""background-color:#eaf1f5;"">
    <tr>
      <td align=""center"" style=""padding:40px 16px 50px 16px;"">

        <!--[if mso]><table role=""presentation"" width=""680"" cellpadding=""0"" cellspacing=""0"" border=""0"" align=""center""><tr><td><![endif]-->
        <table role=""presentation"" width=""100%"" cellpadding=""0"" cellspacing=""0"" border=""0"" style=""max-width:680px;margin:0 auto;background-color:#ffffff;border:1px solid #d4e1e8;"">

          <!-- ========== HEADER ========== -->
          <tr>
            <td style=""padding:34px 36px 24px 36px;background-color:#f3f9f8;border-bottom:2px solid #0d8f84;"">
              <!-- Eyebrow badge -->
              <table role=""presentation"" cellpadding=""0"" cellspacing=""0"" border=""0"">
                <tr>
                  <td style=""background-color:#e6f4f2;padding:5px 14px;font-size:11px;font-weight:bold;color:#094d47;letter-spacing:0.08em;font-family:'Malgun Gothic', '맑은 고딕', 'Apple SD Gothic Neo', 'Segoe UI', Helvetica, Arial, sans-serif;"">
                    &#9679;&nbsp; 현대제철 리더십 교육 F/U
                  </td>
                </tr>
              </table>
              <!-- Title -->
              <h1 style=""margin:16px 0 8px 0;font-size:24px;font-weight:bold;line-height:1.35;color:#091e2f;font-family:'Malgun Gothic', '맑은 고딕', 'Apple SD Gothic Neo', 'Segoe UI', Helvetica, Arial, sans-serif;"">[교육 후속] 오유찬 매니저님의 액션플랜 실천을 응원합니다.</h1>
              <!-- Recipient info -->
              <p style=""margin:0;font-size:14px;line-height:1.7;color:#4a6a82;font-family:'Malgun Gothic', '맑은 고딕', 'Apple SD Gothic Neo', 'Segoe UI', Helvetica, Arial, sans-serif;"">오유찬&#xB2D8; &middot; 테라바이오랩 조직문화혁신팀 &middot; 매니저</p>
            </td>
          </tr>

          <!-- ========== BODY ========== -->
          <tr>
            <td style=""padding:30px 36px 10px 36px;"">
              <p style=""margin:0 0 18px 0;font-size:15px;font-weight:bold;color:#094d47;font-family:'Malgun Gothic', '맑은 고딕', 'Apple SD Gothic Neo', 'Segoe UI', Helvetica, Arial, sans-serif;"">오유찬&#xB2D8; &#xC548;&#xB155;&#xD558;&#xC138;&#xC694;.</p>
              <p style=""margin:0 0 14px 0;font-size:15px;line-height:1.9;color:#0e2233;"">오유찬 매니저님, 배운 구조화 기법을 활용해 사내 프롬프트 템플릿을 구축하여 팀 단위 자산으로 만드시길 응원합니다.</p>
<p style=""margin:0 0 14px 0;font-size:15px;line-height:1.9;color:#0e2233;"">정해진 양식대로 업무를 진행하면 품질 편차 감소와 작업 속도 개선 효과가 있을 것입니다.</p>
<p style=""margin:0 0 14px 0;font-size:15px;line-height:1.9;color:#0e2233;"">우선 자주 쓰는 업무 하나부터 템플릿으로 정리해 보시기 바랍니다.</p>
            </td>
          </tr>

          <!-- ========== INFO CARDS (2x2 table) ========== -->
          <tr>
            <td style=""padding:0 36px 10px 36px;"">
              <table role=""presentation"" width=""100%"" cellpadding=""0"" cellspacing=""0"" border=""0"">
                <tr>
                  <!-- Card 1: Action Plan -->
                  <td width=""50%"" valign=""top"" style=""padding:0 6px 12px 0;"">
                    <table role=""presentation"" width=""100%"" cellpadding=""0"" cellspacing=""0"" border=""0"" style=""background-color:#f7fafa;border:1px solid #dae4ec;"">
                      <tr>
                        <td style=""padding:16px 18px;"">
                          <p style=""margin:0 0 8px 0;font-size:11px;font-weight:bold;color:#0d8f84;letter-spacing:0.06em;font-family:'Malgun Gothic', '맑은 고딕', 'Apple SD Gothic Neo', 'Segoe UI', Helvetica, Arial, sans-serif;"">&#9654; &#xD575;&#xC2EC; &#xC2E4;&#xD589;&#xACC4;&#xD68D;</p>
                          <p style=""margin:0;font-size:14px;line-height:1.8;color:#0e2233;font-family:'Malgun Gothic', '맑은 고딕', 'Apple SD Gothic Neo', 'Segoe UI', Helvetica, Arial, sans-serif;"">사내에서 자주 쓰는 프롬프트를 역할·맥락·입력자료·출력형식 템플릿으로 정리</p>
                        </td>
                      </tr>
                    </table>
                  </td>
                  <!-- Card 2: Expected Behavior -->
                  <td width=""50%"" valign=""top"" style=""padding:0 0 12px 6px;"">
                    <table role=""presentation"" width=""100%"" cellpadding=""0"" cellspacing=""0"" border=""0"" style=""background-color:#f7fafa;border:1px solid #dae4ec;"">
                      <tr>
                        <td style=""padding:16px 18px;"">
                          <p style=""margin:0 0 8px 0;font-size:11px;font-weight:bold;color:#0d8f84;letter-spacing:0.06em;font-family:'Malgun Gothic', '맑은 고딕', 'Apple SD Gothic Neo', 'Segoe UI', Helvetica, Arial, sans-serif;"">&#9654; &#xAE30;&#xB300; &#xD589;&#xB3D9;</p>
                          <p style=""margin:0;font-size:14px;line-height:1.8;color:#0e2233;font-family:'Malgun Gothic', '맑은 고딕', 'Apple SD Gothic Neo', 'Segoe UI', Helvetica, Arial, sans-serif;"">담당자마다 품질 편차가 줄고 비슷한 작업을 반복할 때 초안 속도가 빨라진다</p>
                        </td>
                      </tr>
                    </table>
                  </td>
                </tr>
                <tr>
                  <!-- Card 3: Key Takeaway -->
                  <td width=""50%"" valign=""top"" style=""padding:0 6px 12px 0;"">
                    <table role=""presentation"" width=""100%"" cellpadding=""0"" cellspacing=""0"" border=""0"" style=""background-color:#f7fafa;border:1px solid #dae4ec;"">
                      <tr>
                        <td style=""padding:16px 18px;"">
                          <p style=""margin:0 0 8px 0;font-size:11px;font-weight:bold;color:#0d8f84;letter-spacing:0.06em;font-family:'Malgun Gothic', '맑은 고딕', 'Apple SD Gothic Neo', 'Segoe UI', Helvetica, Arial, sans-serif;"">&#9654; &#xAD50;&#xC721; &#xD575;&#xC2EC; &#xD3EC;&#xC778;&#xD2B8;</p>
                          <p style=""margin:0;font-size:14px;line-height:1.8;color:#0e2233;font-family:'Malgun Gothic', '맑은 고딕', 'Apple SD Gothic Neo', 'Segoe UI', Helvetica, Arial, sans-serif;"">출력형식과 품질기준을 먼저 정해야 결과가 안정된다는 점</p>
                        </td>
                      </tr>
                    </table>
                  </td>
                  <!-- Card 4: Comment -->
                  <td width=""50%"" valign=""top"" style=""padding:0 0 12px 6px;"">
                    <table role=""presentation"" width=""100%"" cellpadding=""0"" cellspacing=""0"" border=""0"" style=""background-color:#f7fafa;border:1px solid #dae4ec;"">
                      <tr>
                        <td style=""padding:16px 18px;"">
                          <p style=""margin:0 0 8px 0;font-size:11px;font-weight:bold;color:#0d8f84;letter-spacing:0.06em;font-family:'Malgun Gothic', '맑은 고딕', 'Apple SD Gothic Neo', 'Segoe UI', Helvetica, Arial, sans-serif;"">&#9654; &#xCC38;&#xAC00;&#xC790; &#xCF54;&#xBA58;&#xD2B8;</p>
                          <p style=""margin:0;font-size:14px;line-height:1.8;color:#0e2233;font-family:'Malgun Gothic', '맑은 고딕', 'Apple SD Gothic Neo', 'Segoe UI', Helvetica, Arial, sans-serif;"">프롬프트를 감으로 쓰지 않고 구조화하는 법을 배운 점이 유용했다. 강의-시연-실습이 하나의 흐름으로 이어져 집중하기 쉬웠다. 현업 사례가 더 세분화되면 우리 조직에 옮겨 담기 쉬울 것 같다.</p>
                        </td>
                      </tr>
                    </table>
                  </td>
                </tr>
              </table>
            </td>
          </tr>

          <!-- ========== NEXT ACTION ========== -->
          <tr>
            <td style=""padding:6px 36px 20px 36px;"">
              <table role=""presentation"" width=""100%"" cellpadding=""0"" cellspacing=""0"" border=""0"" style=""background-color:#0d8f84;"">
                <tr>
                  <td style=""padding:20px 24px;"">
                    <p style=""margin:0 0 6px 0;font-size:11px;font-weight:bold;letter-spacing:0.1em;color:#b8e6e0;font-family:'Malgun Gothic', '맑은 고딕', 'Apple SD Gothic Neo', 'Segoe UI', Helvetica, Arial, sans-serif;"">NEXT ACTION</p>
                    <p style=""margin:0;font-size:16px;line-height:1.8;font-weight:bold;color:#ffffff;font-family:'Malgun Gothic', '맑은 고딕', 'Apple SD Gothic Neo', 'Segoe UI', Helvetica, Arial, sans-serif;"">사내 자주 사용하는 프롬프트 템플릿 1차 정리</p>
                  </td>
                </tr>
              </table>
            </td>
          </tr>

          <!-- ========== SIGNATURE ========== -->
          <tr>
            <td style=""padding:0 36px 36px 36px;"">
              <table role=""presentation"" width=""100%"" cellpadding=""0"" cellspacing=""0"" border=""0"" style=""border-top:1px solid #dae4ec;"">
                <tr>
                  <td style=""padding:20px 0 0 0;font-size:13px;line-height:1.9;color:#4a6a82;font-family:'Malgun Gothic', '맑은 고딕', 'Apple SD Gothic Neo', 'Segoe UI', Helvetica, Arial, sans-serif;"">
                    감사합니다.<br />
                    한충석<br />
                    현대제철 컬처디자인팀
                  </td>
                </tr>
              </table>
            </td>
          </tr>

        </table>
        <!--[if mso]></td></tr></table><![endif]-->

      </td>
    </tr>
  </table>

</body>
</html>
",sample_data/교육_액션플랜_데이터_feedback_output_html_preview/036_오유찬.html,completed,glm-4.5-air,2026-07-21T21:37:39
P037,윤가람,participant037@hrd-ai-demo.example.com,스카이링크서비스,교육운영팀,선임,HRD,사내 교육 운영에서도 웹 기반 정보 제공 방식을 자연스럽게 정착시키겠다,GitHub Pages 기반 교육 안내 페이지 제작 프로세스를 팀 표준으로 정리,교육 안내 페이지를 빠르게 배포하고 모바일 접근성을 기본값으로 맞춘다,페이지를 단순히 예쁘게 만드는 것이 아니라 운영 리스크를 줄이는 관점이 좋았다. 현업에 바로 가져갈 산출물이 분명해서 만족도가 높았다. 기초 설명은 충분했지만 실습 난도는 한 단계 높여도 좋겠다고 느꼈다.,모바일 우선 설계가 운영 효율과 직결된다는 점,박서윤,[리더십 교육 F/U] GitHub Pages 표준화 액션플랜 독려,"윤가람 선임님, 모바일 우선 설계를 통해 운영 효율을 높이겠다는 목표가 뚜렷하여 인상적이었습니다. GitHub Pages 기반 제작 프로세스를 팀 표준으로 정리하여, 교육 안내 페이지를 신속하게 배포해 주시기 바랍니다.",GitHub Pages 팀 표준 매뉴얼 초안 작성 및 첫 페이지 배포,ok,"<!DOCTYPE html PUBLIC ""-//W3C//DTD XHTML 1.0 Transitional//EN"" ""http://www.w3.org/TR/xhtml1/DTD/xhtml1-transitional.dtd"">
<html xmlns=""http://www.w3.org/1999/xhtml"" lang=""ko"">
<head>
  <meta http-equiv=""Content-Type"" content=""text/html; charset=utf-8"" />
  <meta name=""viewport"" content=""width=device-width, initial-scale=1.0"" />
  <title>[리더십 교육 F/U] GitHub Pages 표준화 액션플랜 독려</title>
  <!--[if mso]>
  <style type=""text/css"">
    table { border-collapse: collapse; }
    td { font-family: 'Malgun Gothic', '맑은 고딕', 'Apple SD Gothic Neo', 'Segoe UI', Helvetica, Arial, sans-serif; }
  </style>
  <![endif]-->
</head>
<body style=""margin:0;padding:0;background-color:#eaf1f5;font-family:'Malgun Gothic', '맑은 고딕', 'Apple SD Gothic Neo', 'Segoe UI', Helvetica, Arial, sans-serif;font-size:15px;line-height:1.7;color:#0e2233;-webkit-text-size-adjust:100%;-ms-text-size-adjust:100%;"">

  <!-- Outer wrapper table for centering -->
  <table role=""presentation"" width=""100%"" cellpadding=""0"" cellspacing=""0"" border=""0"" style=""background-color:#eaf1f5;"">
    <tr>
      <td align=""center"" style=""padding:40px 16px 50px 16px;"">

        <!--[if mso]><table role=""presentation"" width=""680"" cellpadding=""0"" cellspacing=""0"" border=""0"" align=""center""><tr><td><![endif]-->
        <table role=""presentation"" width=""100%"" cellpadding=""0"" cellspacing=""0"" border=""0"" style=""max-width:680px;margin:0 auto;background-color:#ffffff;border:1px solid #d4e1e8;"">

          <!-- ========== HEADER ========== -->
          <tr>
            <td style=""padding:34px 36px 24px 36px;background-color:#f3f9f8;border-bottom:2px solid #0d8f84;"">
              <!-- Eyebrow badge -->
              <table role=""presentation"" cellpadding=""0"" cellspacing=""0"" border=""0"">
                <tr>
                  <td style=""background-color:#e6f4f2;padding:5px 14px;font-size:11px;font-weight:bold;color:#094d47;letter-spacing:0.08em;font-family:'Malgun Gothic', '맑은 고딕', 'Apple SD Gothic Neo', 'Segoe UI', Helvetica, Arial, sans-serif;"">
                    &#9679;&nbsp; 현대제철 리더십 교육 F/U
                  </td>
                </tr>
              </table>
              <!-- Title -->
              <h1 style=""margin:16px 0 8px 0;font-size:24px;font-weight:bold;line-height:1.35;color:#091e2f;font-family:'Malgun Gothic', '맑은 고딕', 'Apple SD Gothic Neo', 'Segoe UI', Helvetica, Arial, sans-serif;"">[리더십 교육 F/U] GitHub Pages 표준화 액션플랜 독려</h1>
              <!-- Recipient info -->
              <p style=""margin:0;font-size:14px;line-height:1.7;color:#4a6a82;font-family:'Malgun Gothic', '맑은 고딕', 'Apple SD Gothic Neo', 'Segoe UI', Helvetica, Arial, sans-serif;"">윤가람&#xB2D8; &middot; 스카이링크서비스 교육운영팀 &middot; 선임</p>
            </td>
          </tr>

          <!-- ========== BODY ========== -->
          <tr>
            <td style=""padding:30px 36px 10px 36px;"">
              <p style=""margin:0 0 18px 0;font-size:15px;font-weight:bold;color:#094d47;font-family:'Malgun Gothic', '맑은 고딕', 'Apple SD Gothic Neo', 'Segoe UI', Helvetica, Arial, sans-serif;"">윤가람&#xB2D8; &#xC548;&#xB155;&#xD558;&#xC138;&#xC694;.</p>
              <p style=""margin:0 0 14px 0;font-size:15px;line-height:1.9;color:#0e2233;"">윤가람 선임님, 모바일 우선 설계를 통해 운영 효율을 높이겠다는 목표가 뚜렷하여 인상적이었습니다.</p>
<p style=""margin:0 0 14px 0;font-size:15px;line-height:1.9;color:#0e2233;"">GitHub Pages 기반 제작 프로세스를 팀 표준으로 정리하여, 교육 안내 페이지를 신속하게 배포해 주시기 바랍니다.</p>
            </td>
          </tr>

          <!-- ========== INFO CARDS (2x2 table) ========== -->
          <tr>
            <td style=""padding:0 36px 10px 36px;"">
              <table role=""presentation"" width=""100%"" cellpadding=""0"" cellspacing=""0"" border=""0"">
                <tr>
                  <!-- Card 1: Action Plan -->
                  <td width=""50%"" valign=""top"" style=""padding:0 6px 12px 0;"">
                    <table role=""presentation"" width=""100%"" cellpadding=""0"" cellspacing=""0"" border=""0"" style=""background-color:#f7fafa;border:1px solid #dae4ec;"">
                      <tr>
                        <td style=""padding:16px 18px;"">
                          <p style=""margin:0 0 8px 0;font-size:11px;font-weight:bold;color:#0d8f84;letter-spacing:0.06em;font-family:'Malgun Gothic', '맑은 고딕', 'Apple SD Gothic Neo', 'Segoe UI', Helvetica, Arial, sans-serif;"">&#9654; &#xD575;&#xC2EC; &#xC2E4;&#xD589;&#xACC4;&#xD68D;</p>
                          <p style=""margin:0;font-size:14px;line-height:1.8;color:#0e2233;font-family:'Malgun Gothic', '맑은 고딕', 'Apple SD Gothic Neo', 'Segoe UI', Helvetica, Arial, sans-serif;"">GitHub Pages 기반 교육 안내 페이지 제작 프로세스를 팀 표준으로 정리</p>
                        </td>
                      </tr>
                    </table>
                  </td>
                  <!-- Card 2: Expected Behavior -->
                  <td width=""50%"" valign=""top"" style=""padding:0 0 12px 6px;"">
                    <table role=""presentation"" width=""100%"" cellpadding=""0"" cellspacing=""0"" border=""0"" style=""background-color:#f7fafa;border:1px solid #dae4ec;"">
                      <tr>
                        <td style=""padding:16px 18px;"">
                          <p style=""margin:0 0 8px 0;font-size:11px;font-weight:bold;color:#0d8f84;letter-spacing:0.06em;font-family:'Malgun Gothic', '맑은 고딕', 'Apple SD Gothic Neo', 'Segoe UI', Helvetica, Arial, sans-serif;"">&#9654; &#xAE30;&#xB300; &#xD589;&#xB3D9;</p>
                          <p style=""margin:0;font-size:14px;line-height:1.8;color:#0e2233;font-family:'Malgun Gothic', '맑은 고딕', 'Apple SD Gothic Neo', 'Segoe UI', Helvetica, Arial, sans-serif;"">교육 안내 페이지를 빠르게 배포하고 모바일 접근성을 기본값으로 맞춘다</p>
                        </td>
                      </tr>
                    </table>
                  </td>
                </tr>
                <tr>
                  <!-- Card 3: Key Takeaway -->
                  <td width=""50%"" valign=""top"" style=""padding:0 6px 12px 0;"">
                    <table role=""presentation"" width=""100%"" cellpadding=""0"" cellspacing=""0"" border=""0"" style=""background-color:#f7fafa;border:1px solid #dae4ec;"">
                      <tr>
                        <td style=""padding:16px 18px;"">
                          <p style=""margin:0 0 8px 0;font-size:11px;font-weight:bold;color:#0d8f84;letter-spacing:0.06em;font-family:'Malgun Gothic', '맑은 고딕', 'Apple SD Gothic Neo', 'Segoe UI', Helvetica, Arial, sans-serif;"">&#9654; &#xAD50;&#xC721; &#xD575;&#xC2EC; &#xD3EC;&#xC778;&#xD2B8;</p>
                          <p style=""margin:0;font-size:14px;line-height:1.8;color:#0e2233;font-family:'Malgun Gothic', '맑은 고딕', 'Apple SD Gothic Neo', 'Segoe UI', Helvetica, Arial, sans-serif;"">모바일 우선 설계가 운영 효율과 직결된다는 점</p>
                        </td>
                      </tr>
                    </table>
                  </td>
                  <!-- Card 4: Comment -->
                  <td width=""50%"" valign=""top"" style=""padding:0 0 12px 6px;"">
                    <table role=""presentation"" width=""100%"" cellpadding=""0"" cellspacing=""0"" border=""0"" style=""background-color:#f7fafa;border:1px solid #dae4ec;"">
                      <tr>
                        <td style=""padding:16px 18px;"">
                          <p style=""margin:0 0 8px 0;font-size:11px;font-weight:bold;color:#0d8f84;letter-spacing:0.06em;font-family:'Malgun Gothic', '맑은 고딕', 'Apple SD Gothic Neo', 'Segoe UI', Helvetica, Arial, sans-serif;"">&#9654; &#xCC38;&#xAC00;&#xC790; &#xCF54;&#xBA58;&#xD2B8;</p>
                          <p style=""margin:0;font-size:14px;line-height:1.8;color:#0e2233;font-family:'Malgun Gothic', '맑은 고딕', 'Apple SD Gothic Neo', 'Segoe UI', Helvetica, Arial, sans-serif;"">페이지를 단순히 예쁘게 만드는 것이 아니라 운영 리스크를 줄이는 관점이 좋았다. 현업에 바로 가져갈 산출물이 분명해서 만족도가 높았다. 기초 설명은 충분했지만 실습 난도는 한 단계 높여도 좋겠다고 느꼈다.</p>
                        </td>
                      </tr>
                    </table>
                  </td>
                </tr>
              </table>
            </td>
          </tr>

          <!-- ========== NEXT ACTION ========== -->
          <tr>
            <td style=""padding:6px 36px 20px 36px;"">
              <table role=""presentation"" width=""100%"" cellpadding=""0"" cellspacing=""0"" border=""0"" style=""background-color:#0d8f84;"">
                <tr>
                  <td style=""padding:20px 24px;"">
                    <p style=""margin:0 0 6px 0;font-size:11px;font-weight:bold;letter-spacing:0.1em;color:#b8e6e0;font-family:'Malgun Gothic', '맑은 고딕', 'Apple SD Gothic Neo', 'Segoe UI', Helvetica, Arial, sans-serif;"">NEXT ACTION</p>
                    <p style=""margin:0;font-size:16px;line-height:1.8;font-weight:bold;color:#ffffff;font-family:'Malgun Gothic', '맑은 고딕', 'Apple SD Gothic Neo', 'Segoe UI', Helvetica, Arial, sans-serif;"">GitHub Pages 팀 표준 매뉴얼 초안 작성 및 첫 페이지 배포</p>
                  </td>
                </tr>
              </table>
            </td>
          </tr>

          <!-- ========== SIGNATURE ========== -->
          <tr>
            <td style=""padding:0 36px 36px 36px;"">
              <table role=""presentation"" width=""100%"" cellpadding=""0"" cellspacing=""0"" border=""0"" style=""border-top:1px solid #dae4ec;"">
                <tr>
                  <td style=""padding:20px 0 0 0;font-size:13px;line-height:1.9;color:#4a6a82;font-family:'Malgun Gothic', '맑은 고딕', 'Apple SD Gothic Neo', 'Segoe UI', Helvetica, Arial, sans-serif;"">
                    감사합니다.<br />
                    박서윤<br />
                    현대제철 컬처디자인팀
                  </td>
                </tr>
              </table>
            </td>
          </tr>

        </table>
        <!--[if mso]></td></tr></table><![endif]-->

      </td>
    </tr>
  </table>

</body>
</html>
",sample_data/교육_액션플랜_데이터_feedback_output_html_preview/037_윤가람.html,completed,glm-4.5-air,2026-07-21T21:38:13
P038,이규빈,participant038@hrd-ai-demo.example.com,광명소재,현장혁신사무국,책임,HRD,한 번의 교육을 일회성 이벤트가 아니라 행동 변화의 시작점으로 만들겠다,수강 후 4주 실행 습관을 위한 주차별 체크인 시트와 리마인드 메일을 만든다,참가자가 계획을 선언에 그치지 않고 작은 실험을 이어가도록 유도한다,교육 직후 작은 실험부터 설계하라는 메시지가 가장 현실적으로 다가왔다. 도구 설명보다 업무 문제 정의에 초점을 둔 구성이 실무적이었다. 이론과 실습의 난이도 균형은 전반적으로 적절했다.,작게 시작해 빠르게 검증하는 접근이 현업 적용 장벽을 낮춘다는 점,김민주,[현대제철] 이규빈 책임님의 리더십 교육 행동 변화 시작,작게 시작해 빠르게 검증하자는 교육 내용을 현장혁신 업무에 적용해 보시기 바랍니다. 계획하신 4주간의 체크인 시트를 활용해 이번 주 작은 실험을 실행해 주세요. 선언에 그치지 않는 변화를 응원합니다.,4주 체크인 시트 작성 및 첫 주 작은 실험 실행,ok,"<!DOCTYPE html PUBLIC ""-//W3C//DTD XHTML 1.0 Transitional//EN"" ""http://www.w3.org/TR/xhtml1/DTD/xhtml1-transitional.dtd"">
<html xmlns=""http://www.w3.org/1999/xhtml"" lang=""ko"">
<head>
  <meta http-equiv=""Content-Type"" content=""text/html; charset=utf-8"" />
  <meta name=""viewport"" content=""width=device-width, initial-scale=1.0"" />
  <title>[현대제철] 이규빈 책임님의 리더십 교육 행동 변화 시작</title>
  <!--[if mso]>
  <style type=""text/css"">
    table { border-collapse: collapse; }
    td { font-family: 'Malgun Gothic', '맑은 고딕', 'Apple SD Gothic Neo', 'Segoe UI', Helvetica, Arial, sans-serif; }
  </style>
  <![endif]-->
</head>
<body style=""margin:0;padding:0;background-color:#eaf1f5;font-family:'Malgun Gothic', '맑은 고딕', 'Apple SD Gothic Neo', 'Segoe UI', Helvetica, Arial, sans-serif;font-size:15px;line-height:1.7;color:#0e2233;-webkit-text-size-adjust:100%;-ms-text-size-adjust:100%;"">

  <!-- Outer wrapper table for centering -->
  <table role=""presentation"" width=""100%"" cellpadding=""0"" cellspacing=""0"" border=""0"" style=""background-color:#eaf1f5;"">
    <tr>
      <td align=""center"" style=""padding:40px 16px 50px 16px;"">

        <!--[if mso]><table role=""presentation"" width=""680"" cellpadding=""0"" cellspacing=""0"" border=""0"" align=""center""><tr><td><![endif]-->
        <table role=""presentation"" width=""100%"" cellpadding=""0"" cellspacing=""0"" border=""0"" style=""max-width:680px;margin:0 auto;background-color:#ffffff;border:1px solid #d4e1e8;"">

          <!-- ========== HEADER ========== -->
          <tr>
            <td style=""padding:34px 36px 24px 36px;background-color:#f3f9f8;border-bottom:2px solid #0d8f84;"">
              <!-- Eyebrow badge -->
              <table role=""presentation"" cellpadding=""0"" cellspacing=""0"" border=""0"">
                <tr>
                  <td style=""background-color:#e6f4f2;padding:5px 14px;font-size:11px;font-weight:bold;color:#094d47;letter-spacing:0.08em;font-family:'Malgun Gothic', '맑은 고딕', 'Apple SD Gothic Neo', 'Segoe UI', Helvetica, Arial, sans-serif;"">
                    &#9679;&nbsp; 현대제철 리더십 교육 F/U
                  </td>
                </tr>
              </table>
              <!-- Title -->
              <h1 style=""margin:16px 0 8px 0;font-size:24px;font-weight:bold;line-height:1.35;color:#091e2f;font-family:'Malgun Gothic', '맑은 고딕', 'Apple SD Gothic Neo', 'Segoe UI', Helvetica, Arial, sans-serif;"">[현대제철] 이규빈 책임님의 리더십 교육 행동 변화 시작</h1>
              <!-- Recipient info -->
              <p style=""margin:0;font-size:14px;line-height:1.7;color:#4a6a82;font-family:'Malgun Gothic', '맑은 고딕', 'Apple SD Gothic Neo', 'Segoe UI', Helvetica, Arial, sans-serif;"">이규빈&#xB2D8; &middot; 광명소재 현장혁신사무국 &middot; 책임</p>
            </td>
          </tr>

          <!-- ========== BODY ========== -->
          <tr>
            <td style=""padding:30px 36px 10px 36px;"">
              <p style=""margin:0 0 18px 0;font-size:15px;font-weight:bold;color:#094d47;font-family:'Malgun Gothic', '맑은 고딕', 'Apple SD Gothic Neo', 'Segoe UI', Helvetica, Arial, sans-serif;"">이규빈&#xB2D8; &#xC548;&#xB155;&#xD558;&#xC138;&#xC694;.</p>
              <p style=""margin:0 0 14px 0;font-size:15px;line-height:1.9;color:#0e2233;"">작게 시작해 빠르게 검증하자는 교육 내용을 현장혁신 업무에 적용해 보시기 바랍니다.</p>
<p style=""margin:0 0 14px 0;font-size:15px;line-height:1.9;color:#0e2233;"">계획하신 4주간의 체크인 시트를 활용해 이번 주 작은 실험을 실행해 주세요.</p>
<p style=""margin:0 0 14px 0;font-size:15px;line-height:1.9;color:#0e2233;"">선언에 그치지 않는 변화를 응원합니다.</p>
            </td>
          </tr>

          <!-- ========== INFO CARDS (2x2 table) ========== -->
          <tr>
            <td style=""padding:0 36px 10px 36px;"">
              <table role=""presentation"" width=""100%"" cellpadding=""0"" cellspacing=""0"" border=""0"">
                <tr>
                  <!-- Card 1: Action Plan -->
                  <td width=""50%"" valign=""top"" style=""padding:0 6px 12px 0;"">
                    <table role=""presentation"" width=""100%"" cellpadding=""0"" cellspacing=""0"" border=""0"" style=""background-color:#f7fafa;border:1px solid #dae4ec;"">
                      <tr>
                        <td style=""padding:16px 18px;"">
                          <p style=""margin:0 0 8px 0;font-size:11px;font-weight:bold;color:#0d8f84;letter-spacing:0.06em;font-family:'Malgun Gothic', '맑은 고딕', 'Apple SD Gothic Neo', 'Segoe UI', Helvetica, Arial, sans-serif;"">&#9654; &#xD575;&#xC2EC; &#xC2E4;&#xD589;&#xACC4;&#xD68D;</p>
                          <p style=""margin:0;font-size:14px;line-height:1.8;color:#0e2233;font-family:'Malgun Gothic', '맑은 고딕', 'Apple SD Gothic Neo', 'Segoe UI', Helvetica, Arial, sans-serif;"">수강 후 4주 실행 습관을 위한 주차별 체크인 시트와 리마인드 메일을 만든다</p>
                        </td>
                      </tr>
                    </table>
                  </td>
                  <!-- Card 2: Expected Behavior -->
                  <td width=""50%"" valign=""top"" style=""padding:0 0 12px 6px;"">
                    <table role=""presentation"" width=""100%"" cellpadding=""0"" cellspacing=""0"" border=""0"" style=""background-color:#f7fafa;border:1px solid #dae4ec;"">
                      <tr>
                        <td style=""padding:16px 18px;"">
                          <p style=""margin:0 0 8px 0;font-size:11px;font-weight:bold;color:#0d8f84;letter-spacing:0.06em;font-family:'Malgun Gothic', '맑은 고딕', 'Apple SD Gothic Neo', 'Segoe UI', Helvetica, Arial, sans-serif;"">&#9654; &#xAE30;&#xB300; &#xD589;&#xB3D9;</p>
                          <p style=""margin:0;font-size:14px;line-height:1.8;color:#0e2233;font-family:'Malgun Gothic', '맑은 고딕', 'Apple SD Gothic Neo', 'Segoe UI', Helvetica, Arial, sans-serif;"">참가자가 계획을 선언에 그치지 않고 작은 실험을 이어가도록 유도한다</p>
                        </td>
                      </tr>
                    </table>
                  </td>
                </tr>
                <tr>
                  <!-- Card 3: Key Takeaway -->
                  <td width=""50%"" valign=""top"" style=""padding:0 6px 12px 0;"">
                    <table role=""presentation"" width=""100%"" cellpadding=""0"" cellspacing=""0"" border=""0"" style=""background-color:#f7fafa;border:1px solid #dae4ec;"">
                      <tr>
                        <td style=""padding:16px 18px;"">
                          <p style=""margin:0 0 8px 0;font-size:11px;font-weight:bold;color:#0d8f84;letter-spacing:0.06em;font-family:'Malgun Gothic', '맑은 고딕', 'Apple SD Gothic Neo', 'Segoe UI', Helvetica, Arial, sans-serif;"">&#9654; &#xAD50;&#xC721; &#xD575;&#xC2EC; &#xD3EC;&#xC778;&#xD2B8;</p>
                          <p style=""margin:0;font-size:14px;line-height:1.8;color:#0e2233;font-family:'Malgun Gothic', '맑은 고딕', 'Apple SD Gothic Neo', 'Segoe UI', Helvetica, Arial, sans-serif;"">작게 시작해 빠르게 검증하는 접근이 현업 적용 장벽을 낮춘다는 점</p>
                        </td>
                      </tr>
                    </table>
                  </td>
                  <!-- Card 4: Comment -->
                  <td width=""50%"" valign=""top"" style=""padding:0 0 12px 6px;"">
                    <table role=""presentation"" width=""100%"" cellpadding=""0"" cellspacing=""0"" border=""0"" style=""background-color:#f7fafa;border:1px solid #dae4ec;"">
                      <tr>
                        <td style=""padding:16px 18px;"">
                          <p style=""margin:0 0 8px 0;font-size:11px;font-weight:bold;color:#0d8f84;letter-spacing:0.06em;font-family:'Malgun Gothic', '맑은 고딕', 'Apple SD Gothic Neo', 'Segoe UI', Helvetica, Arial, sans-serif;"">&#9654; &#xCC38;&#xAC00;&#xC790; &#xCF54;&#xBA58;&#xD2B8;</p>
                          <p style=""margin:0;font-size:14px;line-height:1.8;color:#0e2233;font-family:'Malgun Gothic', '맑은 고딕', 'Apple SD Gothic Neo', 'Segoe UI', Helvetica, Arial, sans-serif;"">교육 직후 작은 실험부터 설계하라는 메시지가 가장 현실적으로 다가왔다. 도구 설명보다 업무 문제 정의에 초점을 둔 구성이 실무적이었다. 이론과 실습의 난이도 균형은 전반적으로 적절했다.</p>
                        </td>
                      </tr>
                    </table>
                  </td>
                </tr>
              </table>
            </td>
          </tr>

          <!-- ========== NEXT ACTION ========== -->
          <tr>
            <td style=""padding:6px 36px 20px 36px;"">
              <table role=""presentation"" width=""100%"" cellpadding=""0"" cellspacing=""0"" border=""0"" style=""background-color:#0d8f84;"">
                <tr>
                  <td style=""padding:20px 24px;"">
                    <p style=""margin:0 0 6px 0;font-size:11px;font-weight:bold;letter-spacing:0.1em;color:#b8e6e0;font-family:'Malgun Gothic', '맑은 고딕', 'Apple SD Gothic Neo', 'Segoe UI', Helvetica, Arial, sans-serif;"">NEXT ACTION</p>
                    <p style=""margin:0;font-size:16px;line-height:1.8;font-weight:bold;color:#ffffff;font-family:'Malgun Gothic', '맑은 고딕', 'Apple SD Gothic Neo', 'Segoe UI', Helvetica, Arial, sans-serif;"">4주 체크인 시트 작성 및 첫 주 작은 실험 실행</p>
                  </td>
                </tr>
              </table>
            </td>
          </tr>

          <!-- ========== SIGNATURE ========== -->
          <tr>
            <td style=""padding:0 36px 36px 36px;"">
              <table role=""presentation"" width=""100%"" cellpadding=""0"" cellspacing=""0"" border=""0"" style=""border-top:1px solid #dae4ec;"">
                <tr>
                  <td style=""padding:20px 0 0 0;font-size:13px;line-height:1.9;color:#4a6a82;font-family:'Malgun Gothic', '맑은 고딕', 'Apple SD Gothic Neo', 'Segoe UI', Helvetica, Arial, sans-serif;"">
                    감사합니다.<br />
                    김민주<br />
                    현대제철 컬처디자인팀
                  </td>
                </tr>
              </table>
            </td>
          </tr>

        </table>
        <!--[if mso]></td></tr></table><![endif]-->

      </td>
    </tr>
  </table>

</body>
</html>
",sample_data/교육_액션플랜_데이터_feedback_output_html_preview/038_이규빈.html,completed,glm-4.5-air,2026-07-21T21:38:49
P039,이다온,participant039@hrd-ai-demo.example.com,퍼스트렌탈,인재성장파트,대리,인재육성,좋은 사례가 묻히지 않도록 학습 자산으로 반복 활용하겠다,"사내 강사와 우수 사례 인터뷰를 FAQ, 사례 카드, 홍보 문안으로 재활용",교육의 기대효과를 수강 전부터 명확히 전달해 참여 의지를 높인다,기존 사례를 재가공해 여러 산출물로 확장하는 흐름이 특히 인상 깊었다. 강사의 설명이 기술 용어를 과하게 쓰지 않아 이해가 쉬웠다. 실습 데이터 예시가 한두 건 더 있었으면 비교 설명이 쉬웠을 것 같다.,AI를 초안 작성에 쓰고 사람은 사실관계와 맥락을 최종 점검하면 된다는 점,이도현,이다온 대리님의 현대제철 리더십 교육 액션플랜 실행 관련,"우수 사례 인터뷰를 FAQ 및 사례 카드로 재가공하는 작업을 진행해 주시기 바랍니다. 또한, 교육 전 기대효과를 명확히 전달하여 참여 의지를 높일 수 있는 방안을 구체적으로 수립해 주세요.",사내 강사 인터뷰 및 자산 재가공 일정 계획 공유,ok,"<!DOCTYPE html PUBLIC ""-//W3C//DTD XHTML 1.0 Transitional//EN"" ""http://www.w3.org/TR/xhtml1/DTD/xhtml1-transitional.dtd"">
<html xmlns=""http://www.w3.org/1999/xhtml"" lang=""ko"">
<head>
  <meta http-equiv=""Content-Type"" content=""text/html; charset=utf-8"" />
  <meta name=""viewport"" content=""width=device-width, initial-scale=1.0"" />
  <title>이다온 대리님의 현대제철 리더십 교육 액션플랜 실행 관련</title>
  <!--[if mso]>
  <style type=""text/css"">
    table { border-collapse: collapse; }
    td { font-family: 'Malgun Gothic', '맑은 고딕', 'Apple SD Gothic Neo', 'Segoe UI', Helvetica, Arial, sans-serif; }
  </style>
  <![endif]-->
</head>
<body style=""margin:0;padding:0;background-color:#eaf1f5;font-family:'Malgun Gothic', '맑은 고딕', 'Apple SD Gothic Neo', 'Segoe UI', Helvetica, Arial, sans-serif;font-size:15px;line-height:1.7;color:#0e2233;-webkit-text-size-adjust:100%;-ms-text-size-adjust:100%;"">

  <!-- Outer wrapper table for centering -->
  <table role=""presentation"" width=""100%"" cellpadding=""0"" cellspacing=""0"" border=""0"" style=""background-color:#eaf1f5;"">
    <tr>
      <td align=""center"" style=""padding:40px 16px 50px 16px;"">

        <!--[if mso]><table role=""presentation"" width=""680"" cellpadding=""0"" cellspacing=""0"" border=""0"" align=""center""><tr><td><![endif]-->
        <table role=""presentation"" width=""100%"" cellpadding=""0"" cellspacing=""0"" border=""0"" style=""max-width:680px;margin:0 auto;background-color:#ffffff;border:1px solid #d4e1e8;"">

          <!-- ========== HEADER ========== -->
          <tr>
            <td style=""padding:34px 36px 24px 36px;background-color:#f3f9f8;border-bottom:2px solid #0d8f84;"">
              <!-- Eyebrow badge -->
              <table role=""presentation"" cellpadding=""0"" cellspacing=""0"" border=""0"">
                <tr>
                  <td style=""background-color:#e6f4f2;padding:5px 14px;font-size:11px;font-weight:bold;color:#094d47;letter-spacing:0.08em;font-family:'Malgun Gothic', '맑은 고딕', 'Apple SD Gothic Neo', 'Segoe UI', Helvetica, Arial, sans-serif;"">
                    &#9679;&nbsp; 현대제철 리더십 교육 F/U
                  </td>
                </tr>
              </table>
              <!-- Title -->
              <h1 style=""margin:16px 0 8px 0;font-size:24px;font-weight:bold;line-height:1.35;color:#091e2f;font-family:'Malgun Gothic', '맑은 고딕', 'Apple SD Gothic Neo', 'Segoe UI', Helvetica, Arial, sans-serif;"">이다온 대리님의 현대제철 리더십 교육 액션플랜 실행 관련</h1>
              <!-- Recipient info -->
              <p style=""margin:0;font-size:14px;line-height:1.7;color:#4a6a82;font-family:'Malgun Gothic', '맑은 고딕', 'Apple SD Gothic Neo', 'Segoe UI', Helvetica, Arial, sans-serif;"">이다온&#xB2D8; &middot; 퍼스트렌탈 인재성장파트 &middot; 대리</p>
            </td>
          </tr>

          <!-- ========== BODY ========== -->
          <tr>
            <td style=""padding:30px 36px 10px 36px;"">
              <p style=""margin:0 0 18px 0;font-size:15px;font-weight:bold;color:#094d47;font-family:'Malgun Gothic', '맑은 고딕', 'Apple SD Gothic Neo', 'Segoe UI', Helvetica, Arial, sans-serif;"">이다온&#xB2D8; &#xC548;&#xB155;&#xD558;&#xC138;&#xC694;.</p>
              <p style=""margin:0 0 14px 0;font-size:15px;line-height:1.9;color:#0e2233;"">우수 사례 인터뷰를 FAQ 및 사례 카드로 재가공하는 작업을 진행해 주시기 바랍니다.</p>
<p style=""margin:0 0 14px 0;font-size:15px;line-height:1.9;color:#0e2233;"">또한, 교육 전 기대효과를 명확히 전달하여 참여 의지를 높일 수 있는 방안을 구체적으로 수립해 주세요.</p>
            </td>
          </tr>

          <!-- ========== INFO CARDS (2x2 table) ========== -->
          <tr>
            <td style=""padding:0 36px 10px 36px;"">
              <table role=""presentation"" width=""100%"" cellpadding=""0"" cellspacing=""0"" border=""0"">
                <tr>
                  <!-- Card 1: Action Plan -->
                  <td width=""50%"" valign=""top"" style=""padding:0 6px 12px 0;"">
                    <table role=""presentation"" width=""100%"" cellpadding=""0"" cellspacing=""0"" border=""0"" style=""background-color:#f7fafa;border:1px solid #dae4ec;"">
                      <tr>
                        <td style=""padding:16px 18px;"">
                          <p style=""margin:0 0 8px 0;font-size:11px;font-weight:bold;color:#0d8f84;letter-spacing:0.06em;font-family:'Malgun Gothic', '맑은 고딕', 'Apple SD Gothic Neo', 'Segoe UI', Helvetica, Arial, sans-serif;"">&#9654; &#xD575;&#xC2EC; &#xC2E4;&#xD589;&#xACC4;&#xD68D;</p>
                          <p style=""margin:0;font-size:14px;line-height:1.8;color:#0e2233;font-family:'Malgun Gothic', '맑은 고딕', 'Apple SD Gothic Neo', 'Segoe UI', Helvetica, Arial, sans-serif;"">사내 강사와 우수 사례 인터뷰를 FAQ, 사례 카드, 홍보 문안으로 재활용</p>
                        </td>
                      </tr>
                    </table>
                  </td>
                  <!-- Card 2: Expected Behavior -->
                  <td width=""50%"" valign=""top"" style=""padding:0 0 12px 6px;"">
                    <table role=""presentation"" width=""100%"" cellpadding=""0"" cellspacing=""0"" border=""0"" style=""background-color:#f7fafa;border:1px solid #dae4ec;"">
                      <tr>
                        <td style=""padding:16px 18px;"">
                          <p style=""margin:0 0 8px 0;font-size:11px;font-weight:bold;color:#0d8f84;letter-spacing:0.06em;font-family:'Malgun Gothic', '맑은 고딕', 'Apple SD Gothic Neo', 'Segoe UI', Helvetica, Arial, sans-serif;"">&#9654; &#xAE30;&#xB300; &#xD589;&#xB3D9;</p>
                          <p style=""margin:0;font-size:14px;line-height:1.8;color:#0e2233;font-family:'Malgun Gothic', '맑은 고딕', 'Apple SD Gothic Neo', 'Segoe UI', Helvetica, Arial, sans-serif;"">교육의 기대효과를 수강 전부터 명확히 전달해 참여 의지를 높인다</p>
                        </td>
                      </tr>
                    </table>
                  </td>
                </tr>
                <tr>
                  <!-- Card 3: Key Takeaway -->
                  <td width=""50%"" valign=""top"" style=""padding:0 6px 12px 0;"">
                    <table role=""presentation"" width=""100%"" cellpadding=""0"" cellspacing=""0"" border=""0"" style=""background-color:#f7fafa;border:1px solid #dae4ec;"">
                      <tr>
                        <td style=""padding:16px 18px;"">
                          <p style=""margin:0 0 8px 0;font-size:11px;font-weight:bold;color:#0d8f84;letter-spacing:0.06em;font-family:'Malgun Gothic', '맑은 고딕', 'Apple SD Gothic Neo', 'Segoe UI', Helvetica, Arial, sans-serif;"">&#9654; &#xAD50;&#xC721; &#xD575;&#xC2EC; &#xD3EC;&#xC778;&#xD2B8;</p>
                          <p style=""margin:0;font-size:14px;line-height:1.8;color:#0e2233;font-family:'Malgun Gothic', '맑은 고딕', 'Apple SD Gothic Neo', 'Segoe UI', Helvetica, Arial, sans-serif;"">AI를 초안 작성에 쓰고 사람은 사실관계와 맥락을 최종 점검하면 된다는 점</p>
                        </td>
                      </tr>
                    </table>
                  </td>
                  <!-- Card 4: Comment -->
                  <td width=""50%"" valign=""top"" style=""padding:0 0 12px 6px;"">
                    <table role=""presentation"" width=""100%"" cellpadding=""0"" cellspacing=""0"" border=""0"" style=""background-color:#f7fafa;border:1px solid #dae4ec;"">
                      <tr>
                        <td style=""padding:16px 18px;"">
                          <p style=""margin:0 0 8px 0;font-size:11px;font-weight:bold;color:#0d8f84;letter-spacing:0.06em;font-family:'Malgun Gothic', '맑은 고딕', 'Apple SD Gothic Neo', 'Segoe UI', Helvetica, Arial, sans-serif;"">&#9654; &#xCC38;&#xAC00;&#xC790; &#xCF54;&#xBA58;&#xD2B8;</p>
                          <p style=""margin:0;font-size:14px;line-height:1.8;color:#0e2233;font-family:'Malgun Gothic', '맑은 고딕', 'Apple SD Gothic Neo', 'Segoe UI', Helvetica, Arial, sans-serif;"">기존 사례를 재가공해 여러 산출물로 확장하는 흐름이 특히 인상 깊었다. 강사의 설명이 기술 용어를 과하게 쓰지 않아 이해가 쉬웠다. 실습 데이터 예시가 한두 건 더 있었으면 비교 설명이 쉬웠을 것 같다.</p>
                        </td>
                      </tr>
                    </table>
                  </td>
                </tr>
              </table>
            </td>
          </tr>

          <!-- ========== NEXT ACTION ========== -->
          <tr>
            <td style=""padding:6px 36px 20px 36px;"">
              <table role=""presentation"" width=""100%"" cellpadding=""0"" cellspacing=""0"" border=""0"" style=""background-color:#0d8f84;"">
                <tr>
                  <td style=""padding:20px 24px;"">
                    <p style=""margin:0 0 6px 0;font-size:11px;font-weight:bold;letter-spacing:0.1em;color:#b8e6e0;font-family:'Malgun Gothic', '맑은 고딕', 'Apple SD Gothic Neo', 'Segoe UI', Helvetica, Arial, sans-serif;"">NEXT ACTION</p>
                    <p style=""margin:0;font-size:16px;line-height:1.8;font-weight:bold;color:#ffffff;font-family:'Malgun Gothic', '맑은 고딕', 'Apple SD Gothic Neo', 'Segoe UI', Helvetica, Arial, sans-serif;"">사내 강사 인터뷰 및 자산 재가공 일정 계획 공유</p>
                  </td>
                </tr>
              </table>
            </td>
          </tr>

          <!-- ========== SIGNATURE ========== -->
          <tr>
            <td style=""padding:0 36px 36px 36px;"">
              <table role=""presentation"" width=""100%"" cellpadding=""0"" cellspacing=""0"" border=""0"" style=""border-top:1px solid #dae4ec;"">
                <tr>
                  <td style=""padding:20px 0 0 0;font-size:13px;line-height:1.9;color:#4a6a82;font-family:'Malgun Gothic', '맑은 고딕', 'Apple SD Gothic Neo', 'Segoe UI', Helvetica, Arial, sans-serif;"">
                    감사합니다.<br />
                    이도현<br />
                    현대제철 컬처디자인팀
                  </td>
                </tr>
              </table>
            </td>
          </tr>

        </table>
        <!--[if mso]></td></tr></table><![endif]-->

      </td>
    </tr>
  </table>

</body>
</html>
",sample_data/교육_액션플랜_데이터_feedback_output_html_preview/039_이다온.html,completed,glm-4.5-air,2026-07-21T21:39:29
P040,이서현,participant040@hrd-ai-demo.example.com,씨앤브릿지,직무교육팀,과장,HRD,실무자가 안심하고 AI를 쓰도록 보안 가이드와 운영 기준을 함께 만들겠다,Action Plan 데이터 비식별화 기준과 외부 서비스 업로드 원칙을 정리한다,AI 활용 속도를 유지하면서도 민감정보 노출 리스크를 줄인다,편의성보다 데이터 통제 원칙을 먼저 설명한 점이 신뢰를 높였다. 교육 후 실행으로 이어지는 그림을 잡는 데 큰 도움이 됐다. 기초 설명은 충분했지만 실습 난도는 한 단계 높여도 좋겠다고 느꼈다.,자동화보다 먼저 데이터 경계와 검수 단계를 정의해야 한다는 점,정유라,[현대제철 교육 F/U] AI 활용 속도와 보안을 잡는 데이터 기준 수립,"이서현 과장님, 데이터 통제 원칙을 우선시한 점이 리스크 관리에 중요한 시사점을 주었습니다. 수립하신 데이터 비식별화 기준과 업로드 원칙이 실무자의 안전한 AI 활용을 이끌 것입니다. 초안 작성이 완료되면 팀 내 공유 계획을 제안 부탁드립니다.",데이터 비식별화 기준 및 외부 서비스 업로드 원칙 초안 작성하기,ok,"<!DOCTYPE html PUBLIC ""-//W3C//DTD XHTML 1.0 Transitional//EN"" ""http://www.w3.org/TR/xhtml1/DTD/xhtml1-transitional.dtd"">
<html xmlns=""http://www.w3.org/1999/xhtml"" lang=""ko"">
<head>
  <meta http-equiv=""Content-Type"" content=""text/html; charset=utf-8"" />
  <meta name=""viewport"" content=""width=device-width, initial-scale=1.0"" />
  <title>[현대제철 교육 F/U] AI 활용 속도와 보안을 잡는 데이터 기준 수립</title>
  <!--[if mso]>
  <style type=""text/css"">
    table { border-collapse: collapse; }
    td { font-family: 'Malgun Gothic', '맑은 고딕', 'Apple SD Gothic Neo', 'Segoe UI', Helvetica, Arial, sans-serif; }
  </style>
  <![endif]-->
</head>
<body style=""margin:0;padding:0;background-color:#eaf1f5;font-family:'Malgun Gothic', '맑은 고딕', 'Apple SD Gothic Neo', 'Segoe UI', Helvetica, Arial, sans-serif;font-size:15px;line-height:1.7;color:#0e2233;-webkit-text-size-adjust:100%;-ms-text-size-adjust:100%;"">

  <!-- Outer wrapper table for centering -->
  <table role=""presentation"" width=""100%"" cellpadding=""0"" cellspacing=""0"" border=""0"" style=""background-color:#eaf1f5;"">
    <tr>
      <td align=""center"" style=""padding:40px 16px 50px 16px;"">

        <!--[if mso]><table role=""presentation"" width=""680"" cellpadding=""0"" cellspacing=""0"" border=""0"" align=""center""><tr><td><![endif]-->
        <table role=""presentation"" width=""100%"" cellpadding=""0"" cellspacing=""0"" border=""0"" style=""max-width:680px;margin:0 auto;background-color:#ffffff;border:1px solid #d4e1e8;"">

          <!-- ========== HEADER ========== -->
          <tr>
            <td style=""padding:34px 36px 24px 36px;background-color:#f3f9f8;border-bottom:2px solid #0d8f84;"">
              <!-- Eyebrow badge -->
              <table role=""presentation"" cellpadding=""0"" cellspacing=""0"" border=""0"">
                <tr>
                  <td style=""background-color:#e6f4f2;padding:5px 14px;font-size:11px;font-weight:bold;color:#094d47;letter-spacing:0.08em;font-family:'Malgun Gothic', '맑은 고딕', 'Apple SD Gothic Neo', 'Segoe UI', Helvetica, Arial, sans-serif;"">
                    &#9679;&nbsp; 현대제철 리더십 교육 F/U
                  </td>
                </tr>
              </table>
              <!-- Title -->
              <h1 style=""margin:16px 0 8px 0;font-size:24px;font-weight:bold;line-height:1.35;color:#091e2f;font-family:'Malgun Gothic', '맑은 고딕', 'Apple SD Gothic Neo', 'Segoe UI', Helvetica, Arial, sans-serif;"">[현대제철 교육 F/U] AI 활용 속도와 보안을 잡는 데이터 기준 수립</h1>
              <!-- Recipient info -->
              <p style=""margin:0;font-size:14px;line-height:1.7;color:#4a6a82;font-family:'Malgun Gothic', '맑은 고딕', 'Apple SD Gothic Neo', 'Segoe UI', Helvetica, Arial, sans-serif;"">이서현&#xB2D8; &middot; 씨앤브릿지 직무교육팀 &middot; 과장</p>
            </td>
          </tr>

          <!-- ========== BODY ========== -->
          <tr>
            <td style=""padding:30px 36px 10px 36px;"">
              <p style=""margin:0 0 18px 0;font-size:15px;font-weight:bold;color:#094d47;font-family:'Malgun Gothic', '맑은 고딕', 'Apple SD Gothic Neo', 'Segoe UI', Helvetica, Arial, sans-serif;"">이서현&#xB2D8; &#xC548;&#xB155;&#xD558;&#xC138;&#xC694;.</p>
              <p style=""margin:0 0 14px 0;font-size:15px;line-height:1.9;color:#0e2233;"">이서현 과장님, 데이터 통제 원칙을 우선시한 점이 리스크 관리에 중요한 시사점을 주었습니다.</p>
<p style=""margin:0 0 14px 0;font-size:15px;line-height:1.9;color:#0e2233;"">수립하신 데이터 비식별화 기준과 업로드 원칙이 실무자의 안전한 AI 활용을 이끌 것입니다.</p>
<p style=""margin:0 0 14px 0;font-size:15px;line-height:1.9;color:#0e2233;"">초안 작성이 완료되면 팀 내 공유 계획을 제안 부탁드립니다.</p>
            </td>
          </tr>

          <!-- ========== INFO CARDS (2x2 table) ========== -->
          <tr>
            <td style=""padding:0 36px 10px 36px;"">
              <table role=""presentation"" width=""100%"" cellpadding=""0"" cellspacing=""0"" border=""0"">
                <tr>
                  <!-- Card 1: Action Plan -->
                  <td width=""50%"" valign=""top"" style=""padding:0 6px 12px 0;"">
                    <table role=""presentation"" width=""100%"" cellpadding=""0"" cellspacing=""0"" border=""0"" style=""background-color:#f7fafa;border:1px solid #dae4ec;"">
                      <tr>
                        <td style=""padding:16px 18px;"">
                          <p style=""margin:0 0 8px 0;font-size:11px;font-weight:bold;color:#0d8f84;letter-spacing:0.06em;font-family:'Malgun Gothic', '맑은 고딕', 'Apple SD Gothic Neo', 'Segoe UI', Helvetica, Arial, sans-serif;"">&#9654; &#xD575;&#xC2EC; &#xC2E4;&#xD589;&#xACC4;&#xD68D;</p>
                          <p style=""margin:0;font-size:14px;line-height:1.8;color:#0e2233;font-family:'Malgun Gothic', '맑은 고딕', 'Apple SD Gothic Neo', 'Segoe UI', Helvetica, Arial, sans-serif;"">Action Plan 데이터 비식별화 기준과 외부 서비스 업로드 원칙을 정리한다</p>
                        </td>
                      </tr>
                    </table>
                  </td>
                  <!-- Card 2: Expected Behavior -->
                  <td width=""50%"" valign=""top"" style=""padding:0 0 12px 6px;"">
                    <table role=""presentation"" width=""100%"" cellpadding=""0"" cellspacing=""0"" border=""0"" style=""background-color:#f7fafa;border:1px solid #dae4ec;"">
                      <tr>
                        <td style=""padding:16px 18px;"">
                          <p style=""margin:0 0 8px 0;font-size:11px;font-weight:bold;color:#0d8f84;letter-spacing:0.06em;font-family:'Malgun Gothic', '맑은 고딕', 'Apple SD Gothic Neo', 'Segoe UI', Helvetica, Arial, sans-serif;"">&#9654; &#xAE30;&#xB300; &#xD589;&#xB3D9;</p>
                          <p style=""margin:0;font-size:14px;line-height:1.8;color:#0e2233;font-family:'Malgun Gothic', '맑은 고딕', 'Apple SD Gothic Neo', 'Segoe UI', Helvetica, Arial, sans-serif;"">AI 활용 속도를 유지하면서도 민감정보 노출 리스크를 줄인다</p>
                        </td>
                      </tr>
                    </table>
                  </td>
                </tr>
                <tr>
                  <!-- Card 3: Key Takeaway -->
                  <td width=""50%"" valign=""top"" style=""padding:0 6px 12px 0;"">
                    <table role=""presentation"" width=""100%"" cellpadding=""0"" cellspacing=""0"" border=""0"" style=""background-color:#f7fafa;border:1px solid #dae4ec;"">
                      <tr>
                        <td style=""padding:16px 18px;"">
                          <p style=""margin:0 0 8px 0;font-size:11px;font-weight:bold;color:#0d8f84;letter-spacing:0.06em;font-family:'Malgun Gothic', '맑은 고딕', 'Apple SD Gothic Neo', 'Segoe UI', Helvetica, Arial, sans-serif;"">&#9654; &#xAD50;&#xC721; &#xD575;&#xC2EC; &#xD3EC;&#xC778;&#xD2B8;</p>
                          <p style=""margin:0;font-size:14px;line-height:1.8;color:#0e2233;font-family:'Malgun Gothic', '맑은 고딕', 'Apple SD Gothic Neo', 'Segoe UI', Helvetica, Arial, sans-serif;"">자동화보다 먼저 데이터 경계와 검수 단계를 정의해야 한다는 점</p>
                        </td>
                      </tr>
                    </table>
                  </td>
                  <!-- Card 4: Comment -->
                  <td width=""50%"" valign=""top"" style=""padding:0 0 12px 6px;"">
                    <table role=""presentation"" width=""100%"" cellpadding=""0"" cellspacing=""0"" border=""0"" style=""background-color:#f7fafa;border:1px solid #dae4ec;"">
                      <tr>
                        <td style=""padding:16px 18px;"">
                          <p style=""margin:0 0 8px 0;font-size:11px;font-weight:bold;color:#0d8f84;letter-spacing:0.06em;font-family:'Malgun Gothic', '맑은 고딕', 'Apple SD Gothic Neo', 'Segoe UI', Helvetica, Arial, sans-serif;"">&#9654; &#xCC38;&#xAC00;&#xC790; &#xCF54;&#xBA58;&#xD2B8;</p>
                          <p style=""margin:0;font-size:14px;line-height:1.8;color:#0e2233;font-family:'Malgun Gothic', '맑은 고딕', 'Apple SD Gothic Neo', 'Segoe UI', Helvetica, Arial, sans-serif;"">편의성보다 데이터 통제 원칙을 먼저 설명한 점이 신뢰를 높였다. 교육 후 실행으로 이어지는 그림을 잡는 데 큰 도움이 됐다. 기초 설명은 충분했지만 실습 난도는 한 단계 높여도 좋겠다고 느꼈다.</p>
                        </td>
                      </tr>
                    </table>
                  </td>
                </tr>
              </table>
            </td>
          </tr>

          <!-- ========== NEXT ACTION ========== -->
          <tr>
            <td style=""padding:6px 36px 20px 36px;"">
              <table role=""presentation"" width=""100%"" cellpadding=""0"" cellspacing=""0"" border=""0"" style=""background-color:#0d8f84;"">
                <tr>
                  <td style=""padding:20px 24px;"">
                    <p style=""margin:0 0 6px 0;font-size:11px;font-weight:bold;letter-spacing:0.1em;color:#b8e6e0;font-family:'Malgun Gothic', '맑은 고딕', 'Apple SD Gothic Neo', 'Segoe UI', Helvetica, Arial, sans-serif;"">NEXT ACTION</p>
                    <p style=""margin:0;font-size:16px;line-height:1.8;font-weight:bold;color:#ffffff;font-family:'Malgun Gothic', '맑은 고딕', 'Apple SD Gothic Neo', 'Segoe UI', Helvetica, Arial, sans-serif;"">데이터 비식별화 기준 및 외부 서비스 업로드 원칙 초안 작성하기</p>
                  </td>
                </tr>
              </table>
            </td>
          </tr>

          <!-- ========== SIGNATURE ========== -->
          <tr>
            <td style=""padding:0 36px 36px 36px;"">
              <table role=""presentation"" width=""100%"" cellpadding=""0"" cellspacing=""0"" border=""0"" style=""border-top:1px solid #dae4ec;"">
                <tr>
                  <td style=""padding:20px 0 0 0;font-size:13px;line-height:1.9;color:#4a6a82;font-family:'Malgun Gothic', '맑은 고딕', 'Apple SD Gothic Neo', 'Segoe UI', Helvetica, Arial, sans-serif;"">
                    감사합니다.<br />
                    정유라<br />
                    현대제철 컬처디자인팀
                  </td>
                </tr>
              </table>
            </td>
          </tr>

        </table>
        <!--[if mso]></td></tr></table><![endif]-->

      </td>
    </tr>
  </table>

</body>
</html>
",sample_data/교육_액션플랜_데이터_feedback_output_html_preview/040_이서현.html,completed,glm-4.5-air,2026-07-21T21:40:07
P041,이정민,participant041@hrd-ai-demo.example.com,솔라테크,교육문화팀,차장,HRD,반복 운영 업무를 줄이고 참가자 경험을 한 번에 표준 운영안으로 정착시키겠다,교육 안내 페이지를 단일 마이크로사이트로 재구성하고 FAQ를 표준화,"참가자가 일정, 준비물, 과제 안내를 스스로 확인해 반복 문의를 줄인다",FAQ와 안내 페이지를 분리하지 않고 한 흐름으로 설계한 부분이 특히 실무적이었다. 강의-시연-실습이 하나의 흐름으로 이어져 집중하기 쉬웠다. 이론과 실습의 난이도 균형은 전반적으로 적절했다.,정확성이 중요한 정보는 챗봇보다 정적 페이지가 더 안정적이라는 점,한충석,[현대제철 리더십 F/U] 교육 운영 표준화를 위한 다음 단계,안내 페이지와 FAQ를 통합한 단일 마이크로사이트 구축 계획이 참가자의 자가 확인을 촉진하는 데 도움이 될 것입니다. 정확한 정보 전달을 위한 정적 페이지 활용 전략이 안정적인 운영 환경을 만드실 겁니다.,마이크로사이트 구축 기획안 작성 및 주요 콘텐츠 구성 점검,ok,"<!DOCTYPE html PUBLIC ""-//W3C//DTD XHTML 1.0 Transitional//EN"" ""http://www.w3.org/TR/xhtml1/DTD/xhtml1-transitional.dtd"">
<html xmlns=""http://www.w3.org/1999/xhtml"" lang=""ko"">
<head>
  <meta http-equiv=""Content-Type"" content=""text/html; charset=utf-8"" />
  <meta name=""viewport"" content=""width=device-width, initial-scale=1.0"" />
  <title>[현대제철 리더십 F/U] 교육 운영 표준화를 위한 다음 단계</title>
  <!--[if mso]>
  <style type=""text/css"">
    table { border-collapse: collapse; }
    td { font-family: 'Malgun Gothic', '맑은 고딕', 'Apple SD Gothic Neo', 'Segoe UI', Helvetica, Arial, sans-serif; }
  </style>
  <![endif]-->
</head>
<body style=""margin:0;padding:0;background-color:#eaf1f5;font-family:'Malgun Gothic', '맑은 고딕', 'Apple SD Gothic Neo', 'Segoe UI', Helvetica, Arial, sans-serif;font-size:15px;line-height:1.7;color:#0e2233;-webkit-text-size-adjust:100%;-ms-text-size-adjust:100%;"">

  <!-- Outer wrapper table for centering -->
  <table role=""presentation"" width=""100%"" cellpadding=""0"" cellspacing=""0"" border=""0"" style=""background-color:#eaf1f5;"">
    <tr>
      <td align=""center"" style=""padding:40px 16px 50px 16px;"">

        <!--[if mso]><table role=""presentation"" width=""680"" cellpadding=""0"" cellspacing=""0"" border=""0"" align=""center""><tr><td><![endif]-->
        <table role=""presentation"" width=""100%"" cellpadding=""0"" cellspacing=""0"" border=""0"" style=""max-width:680px;margin:0 auto;background-color:#ffffff;border:1px solid #d4e1e8;"">

          <!-- ========== HEADER ========== -->
          <tr>
            <td style=""padding:34px 36px 24px 36px;background-color:#f3f9f8;border-bottom:2px solid #0d8f84;"">
              <!-- Eyebrow badge -->
              <table role=""presentation"" cellpadding=""0"" cellspacing=""0"" border=""0"">
                <tr>
                  <td style=""background-color:#e6f4f2;padding:5px 14px;font-size:11px;font-weight:bold;color:#094d47;letter-spacing:0.08em;font-family:'Malgun Gothic', '맑은 고딕', 'Apple SD Gothic Neo', 'Segoe UI', Helvetica, Arial, sans-serif;"">
                    &#9679;&nbsp; 현대제철 리더십 교육 F/U
                  </td>
                </tr>
              </table>
              <!-- Title -->
              <h1 style=""margin:16px 0 8px 0;font-size:24px;font-weight:bold;line-height:1.35;color:#091e2f;font-family:'Malgun Gothic', '맑은 고딕', 'Apple SD Gothic Neo', 'Segoe UI', Helvetica, Arial, sans-serif;"">[현대제철 리더십 F/U] 교육 운영 표준화를 위한 다음 단계</h1>
              <!-- Recipient info -->
              <p style=""margin:0;font-size:14px;line-height:1.7;color:#4a6a82;font-family:'Malgun Gothic', '맑은 고딕', 'Apple SD Gothic Neo', 'Segoe UI', Helvetica, Arial, sans-serif;"">이정민&#xB2D8; &middot; 솔라테크 교육문화팀 &middot; 차장</p>
            </td>
          </tr>

          <!-- ========== BODY ========== -->
          <tr>
            <td style=""padding:30px 36px 10px 36px;"">
              <p style=""margin:0 0 18px 0;font-size:15px;font-weight:bold;color:#094d47;font-family:'Malgun Gothic', '맑은 고딕', 'Apple SD Gothic Neo', 'Segoe UI', Helvetica, Arial, sans-serif;"">이정민&#xB2D8; &#xC548;&#xB155;&#xD558;&#xC138;&#xC694;.</p>
              <p style=""margin:0 0 14px 0;font-size:15px;line-height:1.9;color:#0e2233;"">안내 페이지와 FAQ를 통합한 단일 마이크로사이트 구축 계획이 참가자의 자가 확인을 촉진하는 데 도움이 될 것입니다.</p>
<p style=""margin:0 0 14px 0;font-size:15px;line-height:1.9;color:#0e2233;"">정확한 정보 전달을 위한 정적 페이지 활용 전략이 안정적인 운영 환경을 만드실 겁니다.</p>
            </td>
          </tr>

          <!-- ========== INFO CARDS (2x2 table) ========== -->
          <tr>
            <td style=""padding:0 36px 10px 36px;"">
              <table role=""presentation"" width=""100%"" cellpadding=""0"" cellspacing=""0"" border=""0"">
                <tr>
                  <!-- Card 1: Action Plan -->
                  <td width=""50%"" valign=""top"" style=""padding:0 6px 12px 0;"">
                    <table role=""presentation"" width=""100%"" cellpadding=""0"" cellspacing=""0"" border=""0"" style=""background-color:#f7fafa;border:1px solid #dae4ec;"">
                      <tr>
                        <td style=""padding:16px 18px;"">
                          <p style=""margin:0 0 8px 0;font-size:11px;font-weight:bold;color:#0d8f84;letter-spacing:0.06em;font-family:'Malgun Gothic', '맑은 고딕', 'Apple SD Gothic Neo', 'Segoe UI', Helvetica, Arial, sans-serif;"">&#9654; &#xD575;&#xC2EC; &#xC2E4;&#xD589;&#xACC4;&#xD68D;</p>
                          <p style=""margin:0;font-size:14px;line-height:1.8;color:#0e2233;font-family:'Malgun Gothic', '맑은 고딕', 'Apple SD Gothic Neo', 'Segoe UI', Helvetica, Arial, sans-serif;"">교육 안내 페이지를 단일 마이크로사이트로 재구성하고 FAQ를 표준화</p>
                        </td>
                      </tr>
                    </table>
                  </td>
                  <!-- Card 2: Expected Behavior -->
                  <td width=""50%"" valign=""top"" style=""padding:0 0 12px 6px;"">
                    <table role=""presentation"" width=""100%"" cellpadding=""0"" cellspacing=""0"" border=""0"" style=""background-color:#f7fafa;border:1px solid #dae4ec;"">
                      <tr>
                        <td style=""padding:16px 18px;"">
                          <p style=""margin:0 0 8px 0;font-size:11px;font-weight:bold;color:#0d8f84;letter-spacing:0.06em;font-family:'Malgun Gothic', '맑은 고딕', 'Apple SD Gothic Neo', 'Segoe UI', Helvetica, Arial, sans-serif;"">&#9654; &#xAE30;&#xB300; &#xD589;&#xB3D9;</p>
                          <p style=""margin:0;font-size:14px;line-height:1.8;color:#0e2233;font-family:'Malgun Gothic', '맑은 고딕', 'Apple SD Gothic Neo', 'Segoe UI', Helvetica, Arial, sans-serif;"">참가자가 일정, 준비물, 과제 안내를 스스로 확인해 반복 문의를 줄인다</p>
                        </td>
                      </tr>
                    </table>
                  </td>
                </tr>
                <tr>
                  <!-- Card 3: Key Takeaway -->
                  <td width=""50%"" valign=""top"" style=""padding:0 6px 12px 0;"">
                    <table role=""presentation"" width=""100%"" cellpadding=""0"" cellspacing=""0"" border=""0"" style=""background-color:#f7fafa;border:1px solid #dae4ec;"">
                      <tr>
                        <td style=""padding:16px 18px;"">
                          <p style=""margin:0 0 8px 0;font-size:11px;font-weight:bold;color:#0d8f84;letter-spacing:0.06em;font-family:'Malgun Gothic', '맑은 고딕', 'Apple SD Gothic Neo', 'Segoe UI', Helvetica, Arial, sans-serif;"">&#9654; &#xAD50;&#xC721; &#xD575;&#xC2EC; &#xD3EC;&#xC778;&#xD2B8;</p>
                          <p style=""margin:0;font-size:14px;line-height:1.8;color:#0e2233;font-family:'Malgun Gothic', '맑은 고딕', 'Apple SD Gothic Neo', 'Segoe UI', Helvetica, Arial, sans-serif;"">정확성이 중요한 정보는 챗봇보다 정적 페이지가 더 안정적이라는 점</p>
                        </td>
                      </tr>
                    </table>
                  </td>
                  <!-- Card 4: Comment -->
                  <td width=""50%"" valign=""top"" style=""padding:0 0 12px 6px;"">
                    <table role=""presentation"" width=""100%"" cellpadding=""0"" cellspacing=""0"" border=""0"" style=""background-color:#f7fafa;border:1px solid #dae4ec;"">
                      <tr>
                        <td style=""padding:16px 18px;"">
                          <p style=""margin:0 0 8px 0;font-size:11px;font-weight:bold;color:#0d8f84;letter-spacing:0.06em;font-family:'Malgun Gothic', '맑은 고딕', 'Apple SD Gothic Neo', 'Segoe UI', Helvetica, Arial, sans-serif;"">&#9654; &#xCC38;&#xAC00;&#xC790; &#xCF54;&#xBA58;&#xD2B8;</p>
                          <p style=""margin:0;font-size:14px;line-height:1.8;color:#0e2233;font-family:'Malgun Gothic', '맑은 고딕', 'Apple SD Gothic Neo', 'Segoe UI', Helvetica, Arial, sans-serif;"">FAQ와 안내 페이지를 분리하지 않고 한 흐름으로 설계한 부분이 특히 실무적이었다. 강의-시연-실습이 하나의 흐름으로 이어져 집중하기 쉬웠다. 이론과 실습의 난이도 균형은 전반적으로 적절했다.</p>
                        </td>
                      </tr>
                    </table>
                  </td>
                </tr>
              </table>
            </td>
          </tr>

          <!-- ========== NEXT ACTION ========== -->
          <tr>
            <td style=""padding:6px 36px 20px 36px;"">
              <table role=""presentation"" width=""100%"" cellpadding=""0"" cellspacing=""0"" border=""0"" style=""background-color:#0d8f84;"">
                <tr>
                  <td style=""padding:20px 24px;"">
                    <p style=""margin:0 0 6px 0;font-size:11px;font-weight:bold;letter-spacing:0.1em;color:#b8e6e0;font-family:'Malgun Gothic', '맑은 고딕', 'Apple SD Gothic Neo', 'Segoe UI', Helvetica, Arial, sans-serif;"">NEXT ACTION</p>
                    <p style=""margin:0;font-size:16px;line-height:1.8;font-weight:bold;color:#ffffff;font-family:'Malgun Gothic', '맑은 고딕', 'Apple SD Gothic Neo', 'Segoe UI', Helvetica, Arial, sans-serif;"">마이크로사이트 구축 기획안 작성 및 주요 콘텐츠 구성 점검</p>
                  </td>
                </tr>
              </table>
            </td>
          </tr>

          <!-- ========== SIGNATURE ========== -->
          <tr>
            <td style=""padding:0 36px 36px 36px;"">
              <table role=""presentation"" width=""100%"" cellpadding=""0"" cellspacing=""0"" border=""0"" style=""border-top:1px solid #dae4ec;"">
                <tr>
                  <td style=""padding:20px 0 0 0;font-size:13px;line-height:1.9;color:#4a6a82;font-family:'Malgun Gothic', '맑은 고딕', 'Apple SD Gothic Neo', 'Segoe UI', Helvetica, Arial, sans-serif;"">
                    감사합니다.<br />
                    한충석<br />
                    현대제철 컬처디자인팀
                  </td>
                </tr>
              </table>
            </td>
          </tr>

        </table>
        <!--[if mso]></td></tr></table><![endif]-->

      </td>
    </tr>
  </table>

</body>
</html>
",sample_data/교육_액션플랜_데이터_feedback_output_html_preview/041_이정민.html,completed,glm-4.5-air,2026-07-21T21:41:27
P042,임다혜,participant042@hrd-ai-demo.example.com,모던로지스,HRD혁신팀,매니저,HRD,교육 직후의 의지를 사라지지 않게 만들고 실행 전환율을 높이겠다,교육 종료 후 2주 단위 액션플랜 체크인 메시지를 자동화,수강자가 교육 직후 세운 계획을 잊지 않고 팀 내 공유까지 이어가게 한다,개인화 메시지를 자동화하되 사람 검수를 남기는 구조가 설득력 있었다. 현업에 바로 가져갈 산출물이 분명해서 만족도가 높았다. 이론과 실습의 난이도 균형은 전반적으로 적절했다.,초안 자동화 후 사람이 톤을 통제하는 방식이 현실적이라는 점,박서윤,[현대제철 리더십 교육] 실행 전환율을 높이는 액션플랜 가이드,"임다혜 매니저님, 교육 중 인상 깊게 언급하신 자동화와 사람 검수의 조화 방식을 실무에 적용해 보시길 권해드립니다. 계획된 대로 2주 단위 체크인 메시지 자동화를 준비하시되, 우선은 교육 직후의 계획을 팀원들과 공유하여 동기를 부여해 주세요.",교육 계획을 팀원들에게 공유하기,ok,"<!DOCTYPE html PUBLIC ""-//W3C//DTD XHTML 1.0 Transitional//EN"" ""http://www.w3.org/TR/xhtml1/DTD/xhtml1-transitional.dtd"">
<html xmlns=""http://www.w3.org/1999/xhtml"" lang=""ko"">
<head>
  <meta http-equiv=""Content-Type"" content=""text/html; charset=utf-8"" />
  <meta name=""viewport"" content=""width=device-width, initial-scale=1.0"" />
  <title>[현대제철 리더십 교육] 실행 전환율을 높이는 액션플랜 가이드</title>
  <!--[if mso]>
  <style type=""text/css"">
    table { border-collapse: collapse; }
    td { font-family: 'Malgun Gothic', '맑은 고딕', 'Apple SD Gothic Neo', 'Segoe UI', Helvetica, Arial, sans-serif; }
  </style>
  <![endif]-->
</head>
<body style=""margin:0;padding:0;background-color:#eaf1f5;font-family:'Malgun Gothic', '맑은 고딕', 'Apple SD Gothic Neo', 'Segoe UI', Helvetica, Arial, sans-serif;font-size:15px;line-height:1.7;color:#0e2233;-webkit-text-size-adjust:100%;-ms-text-size-adjust:100%;"">

  <!-- Outer wrapper table for centering -->
  <table role=""presentation"" width=""100%"" cellpadding=""0"" cellspacing=""0"" border=""0"" style=""background-color:#eaf1f5;"">
    <tr>
      <td align=""center"" style=""padding:40px 16px 50px 16px;"">

        <!--[if mso]><table role=""presentation"" width=""680"" cellpadding=""0"" cellspacing=""0"" border=""0"" align=""center""><tr><td><![endif]-->
        <table role=""presentation"" width=""100%"" cellpadding=""0"" cellspacing=""0"" border=""0"" style=""max-width:680px;margin:0 auto;background-color:#ffffff;border:1px solid #d4e1e8;"">

          <!-- ========== HEADER ========== -->
          <tr>
            <td style=""padding:34px 36px 24px 36px;background-color:#f3f9f8;border-bottom:2px solid #0d8f84;"">
              <!-- Eyebrow badge -->
              <table role=""presentation"" cellpadding=""0"" cellspacing=""0"" border=""0"">
                <tr>
                  <td style=""background-color:#e6f4f2;padding:5px 14px;font-size:11px;font-weight:bold;color:#094d47;letter-spacing:0.08em;font-family:'Malgun Gothic', '맑은 고딕', 'Apple SD Gothic Neo', 'Segoe UI', Helvetica, Arial, sans-serif;"">
                    &#9679;&nbsp; 현대제철 리더십 교육 F/U
                  </td>
                </tr>
              </table>
              <!-- Title -->
              <h1 style=""margin:16px 0 8px 0;font-size:24px;font-weight:bold;line-height:1.35;color:#091e2f;font-family:'Malgun Gothic', '맑은 고딕', 'Apple SD Gothic Neo', 'Segoe UI', Helvetica, Arial, sans-serif;"">[현대제철 리더십 교육] 실행 전환율을 높이는 액션플랜 가이드</h1>
              <!-- Recipient info -->
              <p style=""margin:0;font-size:14px;line-height:1.7;color:#4a6a82;font-family:'Malgun Gothic', '맑은 고딕', 'Apple SD Gothic Neo', 'Segoe UI', Helvetica, Arial, sans-serif;"">임다혜&#xB2D8; &middot; 모던로지스 HRD혁신팀 &middot; 매니저</p>
            </td>
          </tr>

          <!-- ========== BODY ========== -->
          <tr>
            <td style=""padding:30px 36px 10px 36px;"">
              <p style=""margin:0 0 18px 0;font-size:15px;font-weight:bold;color:#094d47;font-family:'Malgun Gothic', '맑은 고딕', 'Apple SD Gothic Neo', 'Segoe UI', Helvetica, Arial, sans-serif;"">임다혜&#xB2D8; &#xC548;&#xB155;&#xD558;&#xC138;&#xC694;.</p>
              <p style=""margin:0 0 14px 0;font-size:15px;line-height:1.9;color:#0e2233;"">임다혜 매니저님, 교육 중 인상 깊게 언급하신 자동화와 사람 검수의 조화 방식을 실무에 적용해 보시길 권해드립니다.</p>
<p style=""margin:0 0 14px 0;font-size:15px;line-height:1.9;color:#0e2233;"">계획된 대로 2주 단위 체크인 메시지 자동화를 준비하시되, 우선은 교육 직후의 계획을 팀원들과 공유하여 동기를 부여해 주세요.</p>
            </td>
          </tr>

          <!-- ========== INFO CARDS (2x2 table) ========== -->
          <tr>
            <td style=""padding:0 36px 10px 36px;"">
              <table role=""presentation"" width=""100%"" cellpadding=""0"" cellspacing=""0"" border=""0"">
                <tr>
                  <!-- Card 1: Action Plan -->
                  <td width=""50%"" valign=""top"" style=""padding:0 6px 12px 0;"">
                    <table role=""presentation"" width=""100%"" cellpadding=""0"" cellspacing=""0"" border=""0"" style=""background-color:#f7fafa;border:1px solid #dae4ec;"">
                      <tr>
                        <td style=""padding:16px 18px;"">
                          <p style=""margin:0 0 8px 0;font-size:11px;font-weight:bold;color:#0d8f84;letter-spacing:0.06em;font-family:'Malgun Gothic', '맑은 고딕', 'Apple SD Gothic Neo', 'Segoe UI', Helvetica, Arial, sans-serif;"">&#9654; &#xD575;&#xC2EC; &#xC2E4;&#xD589;&#xACC4;&#xD68D;</p>
                          <p style=""margin:0;font-size:14px;line-height:1.8;color:#0e2233;font-family:'Malgun Gothic', '맑은 고딕', 'Apple SD Gothic Neo', 'Segoe UI', Helvetica, Arial, sans-serif;"">교육 종료 후 2주 단위 액션플랜 체크인 메시지를 자동화</p>
                        </td>
                      </tr>
                    </table>
                  </td>
                  <!-- Card 2: Expected Behavior -->
                  <td width=""50%"" valign=""top"" style=""padding:0 0 12px 6px;"">
                    <table role=""presentation"" width=""100%"" cellpadding=""0"" cellspacing=""0"" border=""0"" style=""background-color:#f7fafa;border:1px solid #dae4ec;"">
                      <tr>
                        <td style=""padding:16px 18px;"">
                          <p style=""margin:0 0 8px 0;font-size:11px;font-weight:bold;color:#0d8f84;letter-spacing:0.06em;font-family:'Malgun Gothic', '맑은 고딕', 'Apple SD Gothic Neo', 'Segoe UI', Helvetica, Arial, sans-serif;"">&#9654; &#xAE30;&#xB300; &#xD589;&#xB3D9;</p>
                          <p style=""margin:0;font-size:14px;line-height:1.8;color:#0e2233;font-family:'Malgun Gothic', '맑은 고딕', 'Apple SD Gothic Neo', 'Segoe UI', Helvetica, Arial, sans-serif;"">수강자가 교육 직후 세운 계획을 잊지 않고 팀 내 공유까지 이어가게 한다</p>
                        </td>
                      </tr>
                    </table>
                  </td>
                </tr>
                <tr>
                  <!-- Card 3: Key Takeaway -->
                  <td width=""50%"" valign=""top"" style=""padding:0 6px 12px 0;"">
                    <table role=""presentation"" width=""100%"" cellpadding=""0"" cellspacing=""0"" border=""0"" style=""background-color:#f7fafa;border:1px solid #dae4ec;"">
                      <tr>
                        <td style=""padding:16px 18px;"">
                          <p style=""margin:0 0 8px 0;font-size:11px;font-weight:bold;color:#0d8f84;letter-spacing:0.06em;font-family:'Malgun Gothic', '맑은 고딕', 'Apple SD Gothic Neo', 'Segoe UI', Helvetica, Arial, sans-serif;"">&#9654; &#xAD50;&#xC721; &#xD575;&#xC2EC; &#xD3EC;&#xC778;&#xD2B8;</p>
                          <p style=""margin:0;font-size:14px;line-height:1.8;color:#0e2233;font-family:'Malgun Gothic', '맑은 고딕', 'Apple SD Gothic Neo', 'Segoe UI', Helvetica, Arial, sans-serif;"">초안 자동화 후 사람이 톤을 통제하는 방식이 현실적이라는 점</p>
                        </td>
                      </tr>
                    </table>
                  </td>
                  <!-- Card 4: Comment -->
                  <td width=""50%"" valign=""top"" style=""padding:0 0 12px 6px;"">
                    <table role=""presentation"" width=""100%"" cellpadding=""0"" cellspacing=""0"" border=""0"" style=""background-color:#f7fafa;border:1px solid #dae4ec;"">
                      <tr>
                        <td style=""padding:16px 18px;"">
                          <p style=""margin:0 0 8px 0;font-size:11px;font-weight:bold;color:#0d8f84;letter-spacing:0.06em;font-family:'Malgun Gothic', '맑은 고딕', 'Apple SD Gothic Neo', 'Segoe UI', Helvetica, Arial, sans-serif;"">&#9654; &#xCC38;&#xAC00;&#xC790; &#xCF54;&#xBA58;&#xD2B8;</p>
                          <p style=""margin:0;font-size:14px;line-height:1.8;color:#0e2233;font-family:'Malgun Gothic', '맑은 고딕', 'Apple SD Gothic Neo', 'Segoe UI', Helvetica, Arial, sans-serif;"">개인화 메시지를 자동화하되 사람 검수를 남기는 구조가 설득력 있었다. 현업에 바로 가져갈 산출물이 분명해서 만족도가 높았다. 이론과 실습의 난이도 균형은 전반적으로 적절했다.</p>
                        </td>
                      </tr>
                    </table>
                  </td>
                </tr>
              </table>
            </td>
          </tr>

          <!-- ========== NEXT ACTION ========== -->
          <tr>
            <td style=""padding:6px 36px 20px 36px;"">
              <table role=""presentation"" width=""100%"" cellpadding=""0"" cellspacing=""0"" border=""0"" style=""background-color:#0d8f84;"">
                <tr>
                  <td style=""padding:20px 24px;"">
                    <p style=""margin:0 0 6px 0;font-size:11px;font-weight:bold;letter-spacing:0.1em;color:#b8e6e0;font-family:'Malgun Gothic', '맑은 고딕', 'Apple SD Gothic Neo', 'Segoe UI', Helvetica, Arial, sans-serif;"">NEXT ACTION</p>
                    <p style=""margin:0;font-size:16px;line-height:1.8;font-weight:bold;color:#ffffff;font-family:'Malgun Gothic', '맑은 고딕', 'Apple SD Gothic Neo', 'Segoe UI', Helvetica, Arial, sans-serif;"">교육 계획을 팀원들에게 공유하기</p>
                  </td>
                </tr>
              </table>
            </td>
          </tr>

          <!-- ========== SIGNATURE ========== -->
          <tr>
            <td style=""padding:0 36px 36px 36px;"">
              <table role=""presentation"" width=""100%"" cellpadding=""0"" cellspacing=""0"" border=""0"" style=""border-top:1px solid #dae4ec;"">
                <tr>
                  <td style=""padding:20px 0 0 0;font-size:13px;line-height:1.9;color:#4a6a82;font-family:'Malgun Gothic', '맑은 고딕', 'Apple SD Gothic Neo', 'Segoe UI', Helvetica, Arial, sans-serif;"">
                    감사합니다.<br />
                    박서윤<br />
                    현대제철 컬처디자인팀
                  </td>
                </tr>
              </table>
            </td>
          </tr>

        </table>
        <!--[if mso]></td></tr></table><![endif]-->

      </td>
    </tr>
  </table>

</body>
</html>
",sample_data/교육_액션플랜_데이터_feedback_output_html_preview/042_임다혜.html,completed,glm-4.5-air,2026-07-21T21:42:14
P043,장민혁,participant043@hrd-ai-demo.example.com,알파메탈,리더십개발팀,책임,리더십,보고서 작성 시간을 줄이고 데이터 기반으로 다음 차수 개선안을 정례 보고 체계로 연결하겠다,만족도 조사 데이터를 월별 대시보드와 1페이지 요약 보고서로 연결,정량 점수와 정성 코멘트를 함께 보며 다음 차수 개선 우선순위를 빠르게 합의한다,정성 의견을 숫자 옆에 붙여 스토리로 보여주는 예시가 인상 깊었다. 오전 이론 파트는 비전공자 기준으로 속도가 조금 빨랐다. 기초 설명은 충분했지만 실습 난도는 한 단계 높여도 좋겠다고 느꼈다.,정량과 정성을 같이 봐야 의사결정이 빨라진다는 점,김민주,[현대제철 리더십 교육 F/U] 만족도 데이터 시각화 액션플랜 공유,"장민혁 책임님, 교육에서 인상 깊었던 정량·정성 데이터 결합 사례를 만족도 조사 월별 대시보드와 1페이지 요약 보고서에 적용해 주시기 바랍니다. 이를 통해 다음 차수 개선 우선순위를 빠르게 합의하고 정례 보고 체계를 개선하는 성과를 만드시길 기대합니다.",월별 대시보드 및 1페이지 요약 보고서 초안 작성,ok,"<!DOCTYPE html PUBLIC ""-//W3C//DTD XHTML 1.0 Transitional//EN"" ""http://www.w3.org/TR/xhtml1/DTD/xhtml1-transitional.dtd"">
<html xmlns=""http://www.w3.org/1999/xhtml"" lang=""ko"">
<head>
  <meta http-equiv=""Content-Type"" content=""text/html; charset=utf-8"" />
  <meta name=""viewport"" content=""width=device-width, initial-scale=1.0"" />
  <title>[현대제철 리더십 교육 F/U] 만족도 데이터 시각화 액션플랜 공유</title>
  <!--[if mso]>
  <style type=""text/css"">
    table { border-collapse: collapse; }
    td { font-family: 'Malgun Gothic', '맑은 고딕', 'Apple SD Gothic Neo', 'Segoe UI', Helvetica, Arial, sans-serif; }
  </style>
  <![endif]-->
</head>
<body style=""margin:0;padding:0;background-color:#eaf1f5;font-family:'Malgun Gothic', '맑은 고딕', 'Apple SD Gothic Neo', 'Segoe UI', Helvetica, Arial, sans-serif;font-size:15px;line-height:1.7;color:#0e2233;-webkit-text-size-adjust:100%;-ms-text-size-adjust:100%;"">

  <!-- Outer wrapper table for centering -->
  <table role=""presentation"" width=""100%"" cellpadding=""0"" cellspacing=""0"" border=""0"" style=""background-color:#eaf1f5;"">
    <tr>
      <td align=""center"" style=""padding:40px 16px 50px 16px;"">

        <!--[if mso]><table role=""presentation"" width=""680"" cellpadding=""0"" cellspacing=""0"" border=""0"" align=""center""><tr><td><![endif]-->
        <table role=""presentation"" width=""100%"" cellpadding=""0"" cellspacing=""0"" border=""0"" style=""max-width:680px;margin:0 auto;background-color:#ffffff;border:1px solid #d4e1e8;"">

          <!-- ========== HEADER ========== -->
          <tr>
            <td style=""padding:34px 36px 24px 36px;background-color:#f3f9f8;border-bottom:2px solid #0d8f84;"">
              <!-- Eyebrow badge -->
              <table role=""presentation"" cellpadding=""0"" cellspacing=""0"" border=""0"">
                <tr>
                  <td style=""background-color:#e6f4f2;padding:5px 14px;font-size:11px;font-weight:bold;color:#094d47;letter-spacing:0.08em;font-family:'Malgun Gothic', '맑은 고딕', 'Apple SD Gothic Neo', 'Segoe UI', Helvetica, Arial, sans-serif;"">
                    &#9679;&nbsp; 현대제철 리더십 교육 F/U
                  </td>
                </tr>
              </table>
              <!-- Title -->
              <h1 style=""margin:16px 0 8px 0;font-size:24px;font-weight:bold;line-height:1.35;color:#091e2f;font-family:'Malgun Gothic', '맑은 고딕', 'Apple SD Gothic Neo', 'Segoe UI', Helvetica, Arial, sans-serif;"">[현대제철 리더십 교육 F/U] 만족도 데이터 시각화 액션플랜 공유</h1>
              <!-- Recipient info -->
              <p style=""margin:0;font-size:14px;line-height:1.7;color:#4a6a82;font-family:'Malgun Gothic', '맑은 고딕', 'Apple SD Gothic Neo', 'Segoe UI', Helvetica, Arial, sans-serif;"">장민혁&#xB2D8; &middot; 알파메탈 리더십개발팀 &middot; 책임</p>
            </td>
          </tr>

          <!-- ========== BODY ========== -->
          <tr>
            <td style=""padding:30px 36px 10px 36px;"">
              <p style=""margin:0 0 18px 0;font-size:15px;font-weight:bold;color:#094d47;font-family:'Malgun Gothic', '맑은 고딕', 'Apple SD Gothic Neo', 'Segoe UI', Helvetica, Arial, sans-serif;"">장민혁&#xB2D8; &#xC548;&#xB155;&#xD558;&#xC138;&#xC694;.</p>
              <p style=""margin:0 0 14px 0;font-size:15px;line-height:1.9;color:#0e2233;"">장민혁 책임님, 교육에서 인상 깊었던 정량·정성 데이터 결합 사례를 만족도 조사 월별 대시보드와 1페이지 요약 보고서에 적용해 주시기 바랍니다.</p>
<p style=""margin:0 0 14px 0;font-size:15px;line-height:1.9;color:#0e2233;"">이를 통해 다음 차수 개선 우선순위를 빠르게 합의하고 정례 보고 체계를 개선하는 성과를 만드시길 기대합니다.</p>
            </td>
          </tr>

          <!-- ========== INFO CARDS (2x2 table) ========== -->
          <tr>
            <td style=""padding:0 36px 10px 36px;"">
              <table role=""presentation"" width=""100%"" cellpadding=""0"" cellspacing=""0"" border=""0"">
                <tr>
                  <!-- Card 1: Action Plan -->
                  <td width=""50%"" valign=""top"" style=""padding:0 6px 12px 0;"">
                    <table role=""presentation"" width=""100%"" cellpadding=""0"" cellspacing=""0"" border=""0"" style=""background-color:#f7fafa;border:1px solid #dae4ec;"">
                      <tr>
                        <td style=""padding:16px 18px;"">
                          <p style=""margin:0 0 8px 0;font-size:11px;font-weight:bold;color:#0d8f84;letter-spacing:0.06em;font-family:'Malgun Gothic', '맑은 고딕', 'Apple SD Gothic Neo', 'Segoe UI', Helvetica, Arial, sans-serif;"">&#9654; &#xD575;&#xC2EC; &#xC2E4;&#xD589;&#xACC4;&#xD68D;</p>
                          <p style=""margin:0;font-size:14px;line-height:1.8;color:#0e2233;font-family:'Malgun Gothic', '맑은 고딕', 'Apple SD Gothic Neo', 'Segoe UI', Helvetica, Arial, sans-serif;"">만족도 조사 데이터를 월별 대시보드와 1페이지 요약 보고서로 연결</p>
                        </td>
                      </tr>
                    </table>
                  </td>
                  <!-- Card 2: Expected Behavior -->
                  <td width=""50%"" valign=""top"" style=""padding:0 0 12px 6px;"">
                    <table role=""presentation"" width=""100%"" cellpadding=""0"" cellspacing=""0"" border=""0"" style=""background-color:#f7fafa;border:1px solid #dae4ec;"">
                      <tr>
                        <td style=""padding:16px 18px;"">
                          <p style=""margin:0 0 8px 0;font-size:11px;font-weight:bold;color:#0d8f84;letter-spacing:0.06em;font-family:'Malgun Gothic', '맑은 고딕', 'Apple SD Gothic Neo', 'Segoe UI', Helvetica, Arial, sans-serif;"">&#9654; &#xAE30;&#xB300; &#xD589;&#xB3D9;</p>
                          <p style=""margin:0;font-size:14px;line-height:1.8;color:#0e2233;font-family:'Malgun Gothic', '맑은 고딕', 'Apple SD Gothic Neo', 'Segoe UI', Helvetica, Arial, sans-serif;"">정량 점수와 정성 코멘트를 함께 보며 다음 차수 개선 우선순위를 빠르게 합의한다</p>
                        </td>
                      </tr>
                    </table>
                  </td>
                </tr>
                <tr>
                  <!-- Card 3: Key Takeaway -->
                  <td width=""50%"" valign=""top"" style=""padding:0 6px 12px 0;"">
                    <table role=""presentation"" width=""100%"" cellpadding=""0"" cellspacing=""0"" border=""0"" style=""background-color:#f7fafa;border:1px solid #dae4ec;"">
                      <tr>
                        <td style=""padding:16px 18px;"">
                          <p style=""margin:0 0 8px 0;font-size:11px;font-weight:bold;color:#0d8f84;letter-spacing:0.06em;font-family:'Malgun Gothic', '맑은 고딕', 'Apple SD Gothic Neo', 'Segoe UI', Helvetica, Arial, sans-serif;"">&#9654; &#xAD50;&#xC721; &#xD575;&#xC2EC; &#xD3EC;&#xC778;&#xD2B8;</p>
                          <p style=""margin:0;font-size:14px;line-height:1.8;color:#0e2233;font-family:'Malgun Gothic', '맑은 고딕', 'Apple SD Gothic Neo', 'Segoe UI', Helvetica, Arial, sans-serif;"">정량과 정성을 같이 봐야 의사결정이 빨라진다는 점</p>
                        </td>
                      </tr>
                    </table>
                  </td>
                  <!-- Card 4: Comment -->
                  <td width=""50%"" valign=""top"" style=""padding:0 0 12px 6px;"">
                    <table role=""presentation"" width=""100%"" cellpadding=""0"" cellspacing=""0"" border=""0"" style=""background-color:#f7fafa;border:1px solid #dae4ec;"">
                      <tr>
                        <td style=""padding:16px 18px;"">
                          <p style=""margin:0 0 8px 0;font-size:11px;font-weight:bold;color:#0d8f84;letter-spacing:0.06em;font-family:'Malgun Gothic', '맑은 고딕', 'Apple SD Gothic Neo', 'Segoe UI', Helvetica, Arial, sans-serif;"">&#9654; &#xCC38;&#xAC00;&#xC790; &#xCF54;&#xBA58;&#xD2B8;</p>
                          <p style=""margin:0;font-size:14px;line-height:1.8;color:#0e2233;font-family:'Malgun Gothic', '맑은 고딕', 'Apple SD Gothic Neo', 'Segoe UI', Helvetica, Arial, sans-serif;"">정성 의견을 숫자 옆에 붙여 스토리로 보여주는 예시가 인상 깊었다. 오전 이론 파트는 비전공자 기준으로 속도가 조금 빨랐다. 기초 설명은 충분했지만 실습 난도는 한 단계 높여도 좋겠다고 느꼈다.</p>
                        </td>
                      </tr>
                    </table>
                  </td>
                </tr>
              </table>
            </td>
          </tr>

          <!-- ========== NEXT ACTION ========== -->
          <tr>
            <td style=""padding:6px 36px 20px 36px;"">
              <table role=""presentation"" width=""100%"" cellpadding=""0"" cellspacing=""0"" border=""0"" style=""background-color:#0d8f84;"">
                <tr>
                  <td style=""padding:20px 24px;"">
                    <p style=""margin:0 0 6px 0;font-size:11px;font-weight:bold;letter-spacing:0.1em;color:#b8e6e0;font-family:'Malgun Gothic', '맑은 고딕', 'Apple SD Gothic Neo', 'Segoe UI', Helvetica, Arial, sans-serif;"">NEXT ACTION</p>
                    <p style=""margin:0;font-size:16px;line-height:1.8;font-weight:bold;color:#ffffff;font-family:'Malgun Gothic', '맑은 고딕', 'Apple SD Gothic Neo', 'Segoe UI', Helvetica, Arial, sans-serif;"">월별 대시보드 및 1페이지 요약 보고서 초안 작성</p>
                  </td>
                </tr>
              </table>
            </td>
          </tr>

          <!-- ========== SIGNATURE ========== -->
          <tr>
            <td style=""padding:0 36px 36px 36px;"">
              <table role=""presentation"" width=""100%"" cellpadding=""0"" cellspacing=""0"" border=""0"" style=""border-top:1px solid #dae4ec;"">
                <tr>
                  <td style=""padding:20px 0 0 0;font-size:13px;line-height:1.9;color:#4a6a82;font-family:'Malgun Gothic', '맑은 고딕', 'Apple SD Gothic Neo', 'Segoe UI', Helvetica, Arial, sans-serif;"">
                    감사합니다.<br />
                    김민주<br />
                    현대제철 컬처디자인팀
                  </td>
                </tr>
              </table>
            </td>
          </tr>

        </table>
        <!--[if mso]></td></tr></table><![endif]-->

      </td>
    </tr>
  </table>

</body>
</html>
",sample_data/교육_액션플랜_데이터_feedback_output_html_preview/043_장민혁.html,completed,glm-4.5-air,2026-07-21T21:43:03
P044,전서윤,participant044@hrd-ai-demo.example.com,케어플러스,학습경험디자인팀,선임,HRD,길게 쌓인 VOC를 읽는 시간보다 의사결정 시간을 더 확보하겠다,정성 코멘트에서 핵심 토픽 3개와 대표 인용문 3개를 자동 추출,운영진이 불만 포인트와 강점을 빠르게 파악해 다음 차수 반영 속도를 높인다,정성데이터를 너무 무겁게 다루지 않아도 된다는 설명이 부담을 줄여줬다. 실습 데이터 예시가 한두 건 더 있었으면 비교 설명이 쉬웠을 것 같다. 다만 오전 기술 동향 파트는 초급자에게 조금 빠르게 느껴질 수 있었다.,인용문 3개와 토픽 3개만 잘 뽑아도 보고 품질이 높아진다는 점,이도현,정성 코멘트 핵심 요약 액션플랜 점검 (전서윤 선임님),정성 데이터 분석의 부담감을 줄이고 의사결정 시간을 늘리는 것이 중요하겠습니다. 핵심 토픽과 인용문 3개 추출을 통해 불만 포인트를 빠르게 파악하여 차기 과정 개선에 반영해 주시기 바랍니다.,정성 코멘트 핵심 추출 액션플랜 결과물 공유,ok,"<!DOCTYPE html PUBLIC ""-//W3C//DTD XHTML 1.0 Transitional//EN"" ""http://www.w3.org/TR/xhtml1/DTD/xhtml1-transitional.dtd"">
<html xmlns=""http://www.w3.org/1999/xhtml"" lang=""ko"">
<head>
  <meta http-equiv=""Content-Type"" content=""text/html; charset=utf-8"" />
  <meta name=""viewport"" content=""width=device-width, initial-scale=1.0"" />
  <title>정성 코멘트 핵심 요약 액션플랜 점검 (전서윤 선임님)</title>
  <!--[if mso]>
  <style type=""text/css"">
    table { border-collapse: collapse; }
    td { font-family: 'Malgun Gothic', '맑은 고딕', 'Apple SD Gothic Neo', 'Segoe UI', Helvetica, Arial, sans-serif; }
  </style>
  <![endif]-->
</head>
<body style=""margin:0;padding:0;background-color:#eaf1f5;font-family:'Malgun Gothic', '맑은 고딕', 'Apple SD Gothic Neo', 'Segoe UI', Helvetica, Arial, sans-serif;font-size:15px;line-height:1.7;color:#0e2233;-webkit-text-size-adjust:100%;-ms-text-size-adjust:100%;"">

  <!-- Outer wrapper table for centering -->
  <table role=""presentation"" width=""100%"" cellpadding=""0"" cellspacing=""0"" border=""0"" style=""background-color:#eaf1f5;"">
    <tr>
      <td align=""center"" style=""padding:40px 16px 50px 16px;"">

        <!--[if mso]><table role=""presentation"" width=""680"" cellpadding=""0"" cellspacing=""0"" border=""0"" align=""center""><tr><td><![endif]-->
        <table role=""presentation"" width=""100%"" cellpadding=""0"" cellspacing=""0"" border=""0"" style=""max-width:680px;margin:0 auto;background-color:#ffffff;border:1px solid #d4e1e8;"">

          <!-- ========== HEADER ========== -->
          <tr>
            <td style=""padding:34px 36px 24px 36px;background-color:#f3f9f8;border-bottom:2px solid #0d8f84;"">
              <!-- Eyebrow badge -->
              <table role=""presentation"" cellpadding=""0"" cellspacing=""0"" border=""0"">
                <tr>
                  <td style=""background-color:#e6f4f2;padding:5px 14px;font-size:11px;font-weight:bold;color:#094d47;letter-spacing:0.08em;font-family:'Malgun Gothic', '맑은 고딕', 'Apple SD Gothic Neo', 'Segoe UI', Helvetica, Arial, sans-serif;"">
                    &#9679;&nbsp; 현대제철 리더십 교육 F/U
                  </td>
                </tr>
              </table>
              <!-- Title -->
              <h1 style=""margin:16px 0 8px 0;font-size:24px;font-weight:bold;line-height:1.35;color:#091e2f;font-family:'Malgun Gothic', '맑은 고딕', 'Apple SD Gothic Neo', 'Segoe UI', Helvetica, Arial, sans-serif;"">정성 코멘트 핵심 요약 액션플랜 점검 (전서윤 선임님)</h1>
              <!-- Recipient info -->
              <p style=""margin:0;font-size:14px;line-height:1.7;color:#4a6a82;font-family:'Malgun Gothic', '맑은 고딕', 'Apple SD Gothic Neo', 'Segoe UI', Helvetica, Arial, sans-serif;"">전서윤&#xB2D8; &middot; 케어플러스 학습경험디자인팀 &middot; 선임</p>
            </td>
          </tr>

          <!-- ========== BODY ========== -->
          <tr>
            <td style=""padding:30px 36px 10px 36px;"">
              <p style=""margin:0 0 18px 0;font-size:15px;font-weight:bold;color:#094d47;font-family:'Malgun Gothic', '맑은 고딕', 'Apple SD Gothic Neo', 'Segoe UI', Helvetica, Arial, sans-serif;"">전서윤&#xB2D8; &#xC548;&#xB155;&#xD558;&#xC138;&#xC694;.</p>
              <p style=""margin:0 0 14px 0;font-size:15px;line-height:1.9;color:#0e2233;"">정성 데이터 분석의 부담감을 줄이고 의사결정 시간을 늘리는 것이 중요하겠습니다.</p>
<p style=""margin:0 0 14px 0;font-size:15px;line-height:1.9;color:#0e2233;"">핵심 토픽과 인용문 3개 추출을 통해 불만 포인트를 빠르게 파악하여 차기 과정 개선에 반영해 주시기 바랍니다.</p>
            </td>
          </tr>

          <!-- ========== INFO CARDS (2x2 table) ========== -->
          <tr>
            <td style=""padding:0 36px 10px 36px;"">
              <table role=""presentation"" width=""100%"" cellpadding=""0"" cellspacing=""0"" border=""0"">
                <tr>
                  <!-- Card 1: Action Plan -->
                  <td width=""50%"" valign=""top"" style=""padding:0 6px 12px 0;"">
                    <table role=""presentation"" width=""100%"" cellpadding=""0"" cellspacing=""0"" border=""0"" style=""background-color:#f7fafa;border:1px solid #dae4ec;"">
                      <tr>
                        <td style=""padding:16px 18px;"">
                          <p style=""margin:0 0 8px 0;font-size:11px;font-weight:bold;color:#0d8f84;letter-spacing:0.06em;font-family:'Malgun Gothic', '맑은 고딕', 'Apple SD Gothic Neo', 'Segoe UI', Helvetica, Arial, sans-serif;"">&#9654; &#xD575;&#xC2EC; &#xC2E4;&#xD589;&#xACC4;&#xD68D;</p>
                          <p style=""margin:0;font-size:14px;line-height:1.8;color:#0e2233;font-family:'Malgun Gothic', '맑은 고딕', 'Apple SD Gothic Neo', 'Segoe UI', Helvetica, Arial, sans-serif;"">정성 코멘트에서 핵심 토픽 3개와 대표 인용문 3개를 자동 추출</p>
                        </td>
                      </tr>
                    </table>
                  </td>
                  <!-- Card 2: Expected Behavior -->
                  <td width=""50%"" valign=""top"" style=""padding:0 0 12px 6px;"">
                    <table role=""presentation"" width=""100%"" cellpadding=""0"" cellspacing=""0"" border=""0"" style=""background-color:#f7fafa;border:1px solid #dae4ec;"">
                      <tr>
                        <td style=""padding:16px 18px;"">
                          <p style=""margin:0 0 8px 0;font-size:11px;font-weight:bold;color:#0d8f84;letter-spacing:0.06em;font-family:'Malgun Gothic', '맑은 고딕', 'Apple SD Gothic Neo', 'Segoe UI', Helvetica, Arial, sans-serif;"">&#9654; &#xAE30;&#xB300; &#xD589;&#xB3D9;</p>
                          <p style=""margin:0;font-size:14px;line-height:1.8;color:#0e2233;font-family:'Malgun Gothic', '맑은 고딕', 'Apple SD Gothic Neo', 'Segoe UI', Helvetica, Arial, sans-serif;"">운영진이 불만 포인트와 강점을 빠르게 파악해 다음 차수 반영 속도를 높인다</p>
                        </td>
                      </tr>
                    </table>
                  </td>
                </tr>
                <tr>
                  <!-- Card 3: Key Takeaway -->
                  <td width=""50%"" valign=""top"" style=""padding:0 6px 12px 0;"">
                    <table role=""presentation"" width=""100%"" cellpadding=""0"" cellspacing=""0"" border=""0"" style=""background-color:#f7fafa;border:1px solid #dae4ec;"">
                      <tr>
                        <td style=""padding:16px 18px;"">
                          <p style=""margin:0 0 8px 0;font-size:11px;font-weight:bold;color:#0d8f84;letter-spacing:0.06em;font-family:'Malgun Gothic', '맑은 고딕', 'Apple SD Gothic Neo', 'Segoe UI', Helvetica, Arial, sans-serif;"">&#9654; &#xAD50;&#xC721; &#xD575;&#xC2EC; &#xD3EC;&#xC778;&#xD2B8;</p>
                          <p style=""margin:0;font-size:14px;line-height:1.8;color:#0e2233;font-family:'Malgun Gothic', '맑은 고딕', 'Apple SD Gothic Neo', 'Segoe UI', Helvetica, Arial, sans-serif;"">인용문 3개와 토픽 3개만 잘 뽑아도 보고 품질이 높아진다는 점</p>
                        </td>
                      </tr>
                    </table>
                  </td>
                  <!-- Card 4: Comment -->
                  <td width=""50%"" valign=""top"" style=""padding:0 0 12px 6px;"">
                    <table role=""presentation"" width=""100%"" cellpadding=""0"" cellspacing=""0"" border=""0"" style=""background-color:#f7fafa;border:1px solid #dae4ec;"">
                      <tr>
                        <td style=""padding:16px 18px;"">
                          <p style=""margin:0 0 8px 0;font-size:11px;font-weight:bold;color:#0d8f84;letter-spacing:0.06em;font-family:'Malgun Gothic', '맑은 고딕', 'Apple SD Gothic Neo', 'Segoe UI', Helvetica, Arial, sans-serif;"">&#9654; &#xCC38;&#xAC00;&#xC790; &#xCF54;&#xBA58;&#xD2B8;</p>
                          <p style=""margin:0;font-size:14px;line-height:1.8;color:#0e2233;font-family:'Malgun Gothic', '맑은 고딕', 'Apple SD Gothic Neo', 'Segoe UI', Helvetica, Arial, sans-serif;"">정성데이터를 너무 무겁게 다루지 않아도 된다는 설명이 부담을 줄여줬다. 실습 데이터 예시가 한두 건 더 있었으면 비교 설명이 쉬웠을 것 같다. 다만 오전 기술 동향 파트는 초급자에게 조금 빠르게 느껴질 수 있었다.</p>
                        </td>
                      </tr>
                    </table>
                  </td>
                </tr>
              </table>
            </td>
          </tr>

          <!-- ========== NEXT ACTION ========== -->
          <tr>
            <td style=""padding:6px 36px 20px 36px;"">
              <table role=""presentation"" width=""100%"" cellpadding=""0"" cellspacing=""0"" border=""0"" style=""background-color:#0d8f84;"">
                <tr>
                  <td style=""padding:20px 24px;"">
                    <p style=""margin:0 0 6px 0;font-size:11px;font-weight:bold;letter-spacing:0.1em;color:#b8e6e0;font-family:'Malgun Gothic', '맑은 고딕', 'Apple SD Gothic Neo', 'Segoe UI', Helvetica, Arial, sans-serif;"">NEXT ACTION</p>
                    <p style=""margin:0;font-size:16px;line-height:1.8;font-weight:bold;color:#ffffff;font-family:'Malgun Gothic', '맑은 고딕', 'Apple SD Gothic Neo', 'Segoe UI', Helvetica, Arial, sans-serif;"">정성 코멘트 핵심 추출 액션플랜 결과물 공유</p>
                  </td>
                </tr>
              </table>
            </td>
          </tr>

          <!-- ========== SIGNATURE ========== -->
          <tr>
            <td style=""padding:0 36px 36px 36px;"">
              <table role=""presentation"" width=""100%"" cellpadding=""0"" cellspacing=""0"" border=""0"" style=""border-top:1px solid #dae4ec;"">
                <tr>
                  <td style=""padding:20px 0 0 0;font-size:13px;line-height:1.9;color:#4a6a82;font-family:'Malgun Gothic', '맑은 고딕', 'Apple SD Gothic Neo', 'Segoe UI', Helvetica, Arial, sans-serif;"">
                    감사합니다.<br />
                    이도현<br />
                    현대제철 컬처디자인팀
                  </td>
                </tr>
              </table>
            </td>
          </tr>

        </table>
        <!--[if mso]></td></tr></table><![endif]-->

      </td>
    </tr>
  </table>

</body>
</html>
",sample_data/교육_액션플랜_데이터_feedback_output_html_preview/044_전서윤.html,completed,glm-4.5-air,2026-07-21T21:43:44
P045,정다혜,participant045@hrd-ai-demo.example.com,인피니트푸드,교육기획팀,대리,HRD,교육 효과를 운영 기록이 아니라 경영 의사결정 자료로 전환하겠다,경영진 공유용으로 5장 내외의 교육 효과 요약 슬라이드 템플릿을 만든다,교육 결과를 숫자와 실행 과제로 연결해 부서 리더 보고 속도를 높인다,보고용 스토리라인을 먼저 잡고 데이터를 넣는 방식이 도움이 됐다. 교육 후 실행으로 이어지는 그림을 잡는 데 큰 도움이 됐다. 중간 Q&A 시간을 한 번 더 넣어주면 이해가 더 안정될 것 같다.,숫자와 서술형 의견을 한 장의 스토리로 묶어야 경영진이 이해하기 쉽다는 점,정유라,현대제철 리더십 교육 F/U 후속 안내 (정다혜 대리님),"정다혜 대리님, 교육 중 스토리라인을 먼저 잡는 방법이 도움이 되었다니 다행입니다. 계획하신 5장 내외의 요약 슬라이드 템플릿 작성을 통해 교육 결과를 경영 의사결정 자료로 잘 전환하시길 바랍니다. 숫자와 실행 과제를 연결해 리더 보고 효율을 높이는 성과를 기대합니다.",5장 분량의 교육 효과 요약 슬라이드 템플릿을 작성하여 리더에게 공유하세요.,ok,"<!DOCTYPE html PUBLIC ""-//W3C//DTD XHTML 1.0 Transitional//EN"" ""http://www.w3.org/TR/xhtml1/DTD/xhtml1-transitional.dtd"">
<html xmlns=""http://www.w3.org/1999/xhtml"" lang=""ko"">
<head>
  <meta http-equiv=""Content-Type"" content=""text/html; charset=utf-8"" />
  <meta name=""viewport"" content=""width=device-width, initial-scale=1.0"" />
  <title>현대제철 리더십 교육 F/U 후속 안내 (정다혜 대리님)</title>
  <!--[if mso]>
  <style type=""text/css"">
    table { border-collapse: collapse; }
    td { font-family: 'Malgun Gothic', '맑은 고딕', 'Apple SD Gothic Neo', 'Segoe UI', Helvetica, Arial, sans-serif; }
  </style>
  <![endif]-->
</head>
<body style=""margin:0;padding:0;background-color:#eaf1f5;font-family:'Malgun Gothic', '맑은 고딕', 'Apple SD Gothic Neo', 'Segoe UI', Helvetica, Arial, sans-serif;font-size:15px;line-height:1.7;color:#0e2233;-webkit-text-size-adjust:100%;-ms-text-size-adjust:100%;"">

  <!-- Outer wrapper table for centering -->
  <table role=""presentation"" width=""100%"" cellpadding=""0"" cellspacing=""0"" border=""0"" style=""background-color:#eaf1f5;"">
    <tr>
      <td align=""center"" style=""padding:40px 16px 50px 16px;"">

        <!--[if mso]><table role=""presentation"" width=""680"" cellpadding=""0"" cellspacing=""0"" border=""0"" align=""center""><tr><td><![endif]-->
        <table role=""presentation"" width=""100%"" cellpadding=""0"" cellspacing=""0"" border=""0"" style=""max-width:680px;margin:0 auto;background-color:#ffffff;border:1px solid #d4e1e8;"">

          <!-- ========== HEADER ========== -->
          <tr>
            <td style=""padding:34px 36px 24px 36px;background-color:#f3f9f8;border-bottom:2px solid #0d8f84;"">
              <!-- Eyebrow badge -->
              <table role=""presentation"" cellpadding=""0"" cellspacing=""0"" border=""0"">
                <tr>
                  <td style=""background-color:#e6f4f2;padding:5px 14px;font-size:11px;font-weight:bold;color:#094d47;letter-spacing:0.08em;font-family:'Malgun Gothic', '맑은 고딕', 'Apple SD Gothic Neo', 'Segoe UI', Helvetica, Arial, sans-serif;"">
                    &#9679;&nbsp; 현대제철 리더십 교육 F/U
                  </td>
                </tr>
              </table>
              <!-- Title -->
              <h1 style=""margin:16px 0 8px 0;font-size:24px;font-weight:bold;line-height:1.35;color:#091e2f;font-family:'Malgun Gothic', '맑은 고딕', 'Apple SD Gothic Neo', 'Segoe UI', Helvetica, Arial, sans-serif;"">현대제철 리더십 교육 F/U 후속 안내 (정다혜 대리님)</h1>
              <!-- Recipient info -->
              <p style=""margin:0;font-size:14px;line-height:1.7;color:#4a6a82;font-family:'Malgun Gothic', '맑은 고딕', 'Apple SD Gothic Neo', 'Segoe UI', Helvetica, Arial, sans-serif;"">정다혜&#xB2D8; &middot; 인피니트푸드 교육기획팀 &middot; 대리</p>
            </td>
          </tr>

          <!-- ========== BODY ========== -->
          <tr>
            <td style=""padding:30px 36px 10px 36px;"">
              <p style=""margin:0 0 18px 0;font-size:15px;font-weight:bold;color:#094d47;font-family:'Malgun Gothic', '맑은 고딕', 'Apple SD Gothic Neo', 'Segoe UI', Helvetica, Arial, sans-serif;"">정다혜&#xB2D8; &#xC548;&#xB155;&#xD558;&#xC138;&#xC694;.</p>
              <p style=""margin:0 0 14px 0;font-size:15px;line-height:1.9;color:#0e2233;"">정다혜 대리님, 교육 중 스토리라인을 먼저 잡는 방법이 도움이 되었다니 다행입니다.</p>
<p style=""margin:0 0 14px 0;font-size:15px;line-height:1.9;color:#0e2233;"">계획하신 5장 내외의 요약 슬라이드 템플릿 작성을 통해 교육 결과를 경영 의사결정 자료로 잘 전환하시길 바랍니다.</p>
<p style=""margin:0 0 14px 0;font-size:15px;line-height:1.9;color:#0e2233;"">숫자와 실행 과제를 연결해 리더 보고 효율을 높이는 성과를 기대합니다.</p>
            </td>
          </tr>

          <!-- ========== INFO CARDS (2x2 table) ========== -->
          <tr>
            <td style=""padding:0 36px 10px 36px;"">
              <table role=""presentation"" width=""100%"" cellpadding=""0"" cellspacing=""0"" border=""0"">
                <tr>
                  <!-- Card 1: Action Plan -->
                  <td width=""50%"" valign=""top"" style=""padding:0 6px 12px 0;"">
                    <table role=""presentation"" width=""100%"" cellpadding=""0"" cellspacing=""0"" border=""0"" style=""background-color:#f7fafa;border:1px solid #dae4ec;"">
                      <tr>
                        <td style=""padding:16px 18px;"">
                          <p style=""margin:0 0 8px 0;font-size:11px;font-weight:bold;color:#0d8f84;letter-spacing:0.06em;font-family:'Malgun Gothic', '맑은 고딕', 'Apple SD Gothic Neo', 'Segoe UI', Helvetica, Arial, sans-serif;"">&#9654; &#xD575;&#xC2EC; &#xC2E4;&#xD589;&#xACC4;&#xD68D;</p>
                          <p style=""margin:0;font-size:14px;line-height:1.8;color:#0e2233;font-family:'Malgun Gothic', '맑은 고딕', 'Apple SD Gothic Neo', 'Segoe UI', Helvetica, Arial, sans-serif;"">경영진 공유용으로 5장 내외의 교육 효과 요약 슬라이드 템플릿을 만든다</p>
                        </td>
                      </tr>
                    </table>
                  </td>
                  <!-- Card 2: Expected Behavior -->
                  <td width=""50%"" valign=""top"" style=""padding:0 0 12px 6px;"">
                    <table role=""presentation"" width=""100%"" cellpadding=""0"" cellspacing=""0"" border=""0"" style=""background-color:#f7fafa;border:1px solid #dae4ec;"">
                      <tr>
                        <td style=""padding:16px 18px;"">
                          <p style=""margin:0 0 8px 0;font-size:11px;font-weight:bold;color:#0d8f84;letter-spacing:0.06em;font-family:'Malgun Gothic', '맑은 고딕', 'Apple SD Gothic Neo', 'Segoe UI', Helvetica, Arial, sans-serif;"">&#9654; &#xAE30;&#xB300; &#xD589;&#xB3D9;</p>
                          <p style=""margin:0;font-size:14px;line-height:1.8;color:#0e2233;font-family:'Malgun Gothic', '맑은 고딕', 'Apple SD Gothic Neo', 'Segoe UI', Helvetica, Arial, sans-serif;"">교육 결과를 숫자와 실행 과제로 연결해 부서 리더 보고 속도를 높인다</p>
                        </td>
                      </tr>
                    </table>
                  </td>
                </tr>
                <tr>
                  <!-- Card 3: Key Takeaway -->
                  <td width=""50%"" valign=""top"" style=""padding:0 6px 12px 0;"">
                    <table role=""presentation"" width=""100%"" cellpadding=""0"" cellspacing=""0"" border=""0"" style=""background-color:#f7fafa;border:1px solid #dae4ec;"">
                      <tr>
                        <td style=""padding:16px 18px;"">
                          <p style=""margin:0 0 8px 0;font-size:11px;font-weight:bold;color:#0d8f84;letter-spacing:0.06em;font-family:'Malgun Gothic', '맑은 고딕', 'Apple SD Gothic Neo', 'Segoe UI', Helvetica, Arial, sans-serif;"">&#9654; &#xAD50;&#xC721; &#xD575;&#xC2EC; &#xD3EC;&#xC778;&#xD2B8;</p>
                          <p style=""margin:0;font-size:14px;line-height:1.8;color:#0e2233;font-family:'Malgun Gothic', '맑은 고딕', 'Apple SD Gothic Neo', 'Segoe UI', Helvetica, Arial, sans-serif;"">숫자와 서술형 의견을 한 장의 스토리로 묶어야 경영진이 이해하기 쉽다는 점</p>
                        </td>
                      </tr>
                    </table>
                  </td>
                  <!-- Card 4: Comment -->
                  <td width=""50%"" valign=""top"" style=""padding:0 0 12px 6px;"">
                    <table role=""presentation"" width=""100%"" cellpadding=""0"" cellspacing=""0"" border=""0"" style=""background-color:#f7fafa;border:1px solid #dae4ec;"">
                      <tr>
                        <td style=""padding:16px 18px;"">
                          <p style=""margin:0 0 8px 0;font-size:11px;font-weight:bold;color:#0d8f84;letter-spacing:0.06em;font-family:'Malgun Gothic', '맑은 고딕', 'Apple SD Gothic Neo', 'Segoe UI', Helvetica, Arial, sans-serif;"">&#9654; &#xCC38;&#xAC00;&#xC790; &#xCF54;&#xBA58;&#xD2B8;</p>
                          <p style=""margin:0;font-size:14px;line-height:1.8;color:#0e2233;font-family:'Malgun Gothic', '맑은 고딕', 'Apple SD Gothic Neo', 'Segoe UI', Helvetica, Arial, sans-serif;"">보고용 스토리라인을 먼저 잡고 데이터를 넣는 방식이 도움이 됐다. 교육 후 실행으로 이어지는 그림을 잡는 데 큰 도움이 됐다. 중간 Q&amp;A 시간을 한 번 더 넣어주면 이해가 더 안정될 것 같다.</p>
                        </td>
                      </tr>
                    </table>
                  </td>
                </tr>
              </table>
            </td>
          </tr>

          <!-- ========== NEXT ACTION ========== -->
          <tr>
            <td style=""padding:6px 36px 20px 36px;"">
              <table role=""presentation"" width=""100%"" cellpadding=""0"" cellspacing=""0"" border=""0"" style=""background-color:#0d8f84;"">
                <tr>
                  <td style=""padding:20px 24px;"">
                    <p style=""margin:0 0 6px 0;font-size:11px;font-weight:bold;letter-spacing:0.1em;color:#b8e6e0;font-family:'Malgun Gothic', '맑은 고딕', 'Apple SD Gothic Neo', 'Segoe UI', Helvetica, Arial, sans-serif;"">NEXT ACTION</p>
                    <p style=""margin:0;font-size:16px;line-height:1.8;font-weight:bold;color:#ffffff;font-family:'Malgun Gothic', '맑은 고딕', 'Apple SD Gothic Neo', 'Segoe UI', Helvetica, Arial, sans-serif;"">5장 분량의 교육 효과 요약 슬라이드 템플릿을 작성하여 리더에게 공유하세요.</p>
                  </td>
                </tr>
              </table>
            </td>
          </tr>

          <!-- ========== SIGNATURE ========== -->
          <tr>
            <td style=""padding:0 36px 36px 36px;"">
              <table role=""presentation"" width=""100%"" cellpadding=""0"" cellspacing=""0"" border=""0"" style=""border-top:1px solid #dae4ec;"">
                <tr>
                  <td style=""padding:20px 0 0 0;font-size:13px;line-height:1.9;color:#4a6a82;font-family:'Malgun Gothic', '맑은 고딕', 'Apple SD Gothic Neo', 'Segoe UI', Helvetica, Arial, sans-serif;"">
                    감사합니다.<br />
                    정유라<br />
                    현대제철 컬처디자인팀
                  </td>
                </tr>
              </table>
            </td>
          </tr>

        </table>
        <!--[if mso]></td></tr></table><![endif]-->

      </td>
    </tr>
  </table>

</body>
</html>
",sample_data/교육_액션플랜_데이터_feedback_output_html_preview/045_정다혜.html,completed,glm-4.5-air,2026-07-21T21:44:18
P046,정우진,participant046@hrd-ai-demo.example.com,에코패브릭,조직문화팀,과장,조직문화,개인 역량에 의존하던 AI 활용을 팀 단위의 재사용 자산으로 남기겠다,사내에서 자주 쓰는 프롬프트를 역할·맥락·입력자료·출력형식 템플릿으로 정리,담당자마다 품질 편차가 줄고 비슷한 작업을 반복할 때 초안 속도가 빨라진다,프롬프트를 감으로 쓰지 않고 구조화하는 법을 배운 점이 유용했다. 현업 사례가 더 세분화되면 우리 조직에 옮겨 담기 쉬울 것 같다. 기초 설명은 충분했지만 실습 난도는 한 단계 높여도 좋겠다고 느꼈다.,출력형식과 품질기준을 먼저 정해야 결과가 안정된다는 점,한충석,[현대제철 리더십 교육 F/U] 정우진 과장님 학습 성찰 및 액션플랜 제안,"정우진 과장, 구조화된 프롬프트를 팀 자산으로 활용하겠다는 학습 포부가 훌륭합니다. 우선 사내에서 자주 사용하는 업무용 프롬프트 템플릿을 정리하여 담당자 간 품질 편차를 줄여주시길 바랍니다. 지속적인 공유를 통해 조직 전체의 업무 속도를 높여주시기 바랍니다.",사내 프롬프트 템플릿 정리 및 팀 공유,ok,"<!DOCTYPE html PUBLIC ""-//W3C//DTD XHTML 1.0 Transitional//EN"" ""http://www.w3.org/TR/xhtml1/DTD/xhtml1-transitional.dtd"">
<html xmlns=""http://www.w3.org/1999/xhtml"" lang=""ko"">
<head>
  <meta http-equiv=""Content-Type"" content=""text/html; charset=utf-8"" />
  <meta name=""viewport"" content=""width=device-width, initial-scale=1.0"" />
  <title>[현대제철 리더십 교육 F/U] 정우진 과장님 학습 성찰 및 액션플랜 제안</title>
  <!--[if mso]>
  <style type=""text/css"">
    table { border-collapse: collapse; }
    td { font-family: 'Malgun Gothic', '맑은 고딕', 'Apple SD Gothic Neo', 'Segoe UI', Helvetica, Arial, sans-serif; }
  </style>
  <![endif]-->
</head>
<body style=""margin:0;padding:0;background-color:#eaf1f5;font-family:'Malgun Gothic', '맑은 고딕', 'Apple SD Gothic Neo', 'Segoe UI', Helvetica, Arial, sans-serif;font-size:15px;line-height:1.7;color:#0e2233;-webkit-text-size-adjust:100%;-ms-text-size-adjust:100%;"">

  <!-- Outer wrapper table for centering -->
  <table role=""presentation"" width=""100%"" cellpadding=""0"" cellspacing=""0"" border=""0"" style=""background-color:#eaf1f5;"">
    <tr>
      <td align=""center"" style=""padding:40px 16px 50px 16px;"">

        <!--[if mso]><table role=""presentation"" width=""680"" cellpadding=""0"" cellspacing=""0"" border=""0"" align=""center""><tr><td><![endif]-->
        <table role=""presentation"" width=""100%"" cellpadding=""0"" cellspacing=""0"" border=""0"" style=""max-width:680px;margin:0 auto;background-color:#ffffff;border:1px solid #d4e1e8;"">

          <!-- ========== HEADER ========== -->
          <tr>
            <td style=""padding:34px 36px 24px 36px;background-color:#f3f9f8;border-bottom:2px solid #0d8f84;"">
              <!-- Eyebrow badge -->
              <table role=""presentation"" cellpadding=""0"" cellspacing=""0"" border=""0"">
                <tr>
                  <td style=""background-color:#e6f4f2;padding:5px 14px;font-size:11px;font-weight:bold;color:#094d47;letter-spacing:0.08em;font-family:'Malgun Gothic', '맑은 고딕', 'Apple SD Gothic Neo', 'Segoe UI', Helvetica, Arial, sans-serif;"">
                    &#9679;&nbsp; 현대제철 리더십 교육 F/U
                  </td>
                </tr>
              </table>
              <!-- Title -->
              <h1 style=""margin:16px 0 8px 0;font-size:24px;font-weight:bold;line-height:1.35;color:#091e2f;font-family:'Malgun Gothic', '맑은 고딕', 'Apple SD Gothic Neo', 'Segoe UI', Helvetica, Arial, sans-serif;"">[현대제철 리더십 교육 F/U] 정우진 과장님 학습 성찰 및 액션플랜 제안</h1>
              <!-- Recipient info -->
              <p style=""margin:0;font-size:14px;line-height:1.7;color:#4a6a82;font-family:'Malgun Gothic', '맑은 고딕', 'Apple SD Gothic Neo', 'Segoe UI', Helvetica, Arial, sans-serif;"">정우진&#xB2D8; &middot; 에코패브릭 조직문화팀 &middot; 과장</p>
            </td>
          </tr>

          <!-- ========== BODY ========== -->
          <tr>
            <td style=""padding:30px 36px 10px 36px;"">
              <p style=""margin:0 0 18px 0;font-size:15px;font-weight:bold;color:#094d47;font-family:'Malgun Gothic', '맑은 고딕', 'Apple SD Gothic Neo', 'Segoe UI', Helvetica, Arial, sans-serif;"">정우진&#xB2D8; &#xC548;&#xB155;&#xD558;&#xC138;&#xC694;.</p>
              <p style=""margin:0 0 14px 0;font-size:15px;line-height:1.9;color:#0e2233;"">정우진 과장, 구조화된 프롬프트를 팀 자산으로 활용하겠다는 학습 포부가 훌륭합니다.</p>
<p style=""margin:0 0 14px 0;font-size:15px;line-height:1.9;color:#0e2233;"">우선 사내에서 자주 사용하는 업무용 프롬프트 템플릿을 정리하여 담당자 간 품질 편차를 줄여주시길 바랍니다.</p>
<p style=""margin:0 0 14px 0;font-size:15px;line-height:1.9;color:#0e2233;"">지속적인 공유를 통해 조직 전체의 업무 속도를 높여주시기 바랍니다.</p>
            </td>
          </tr>

          <!-- ========== INFO CARDS (2x2 table) ========== -->
          <tr>
            <td style=""padding:0 36px 10px 36px;"">
              <table role=""presentation"" width=""100%"" cellpadding=""0"" cellspacing=""0"" border=""0"">
                <tr>
                  <!-- Card 1: Action Plan -->
                  <td width=""50%"" valign=""top"" style=""padding:0 6px 12px 0;"">
                    <table role=""presentation"" width=""100%"" cellpadding=""0"" cellspacing=""0"" border=""0"" style=""background-color:#f7fafa;border:1px solid #dae4ec;"">
                      <tr>
                        <td style=""padding:16px 18px;"">
                          <p style=""margin:0 0 8px 0;font-size:11px;font-weight:bold;color:#0d8f84;letter-spacing:0.06em;font-family:'Malgun Gothic', '맑은 고딕', 'Apple SD Gothic Neo', 'Segoe UI', Helvetica, Arial, sans-serif;"">&#9654; &#xD575;&#xC2EC; &#xC2E4;&#xD589;&#xACC4;&#xD68D;</p>
                          <p style=""margin:0;font-size:14px;line-height:1.8;color:#0e2233;font-family:'Malgun Gothic', '맑은 고딕', 'Apple SD Gothic Neo', 'Segoe UI', Helvetica, Arial, sans-serif;"">사내에서 자주 쓰는 프롬프트를 역할·맥락·입력자료·출력형식 템플릿으로 정리</p>
                        </td>
                      </tr>
                    </table>
                  </td>
                  <!-- Card 2: Expected Behavior -->
                  <td width=""50%"" valign=""top"" style=""padding:0 0 12px 6px;"">
                    <table role=""presentation"" width=""100%"" cellpadding=""0"" cellspacing=""0"" border=""0"" style=""background-color:#f7fafa;border:1px solid #dae4ec;"">
                      <tr>
                        <td style=""padding:16px 18px;"">
                          <p style=""margin:0 0 8px 0;font-size:11px;font-weight:bold;color:#0d8f84;letter-spacing:0.06em;font-family:'Malgun Gothic', '맑은 고딕', 'Apple SD Gothic Neo', 'Segoe UI', Helvetica, Arial, sans-serif;"">&#9654; &#xAE30;&#xB300; &#xD589;&#xB3D9;</p>
                          <p style=""margin:0;font-size:14px;line-height:1.8;color:#0e2233;font-family:'Malgun Gothic', '맑은 고딕', 'Apple SD Gothic Neo', 'Segoe UI', Helvetica, Arial, sans-serif;"">담당자마다 품질 편차가 줄고 비슷한 작업을 반복할 때 초안 속도가 빨라진다</p>
                        </td>
                      </tr>
                    </table>
                  </td>
                </tr>
                <tr>
                  <!-- Card 3: Key Takeaway -->
                  <td width=""50%"" valign=""top"" style=""padding:0 6px 12px 0;"">
                    <table role=""presentation"" width=""100%"" cellpadding=""0"" cellspacing=""0"" border=""0"" style=""background-color:#f7fafa;border:1px solid #dae4ec;"">
                      <tr>
                        <td style=""padding:16px 18px;"">
                          <p style=""margin:0 0 8px 0;font-size:11px;font-weight:bold;color:#0d8f84;letter-spacing:0.06em;font-family:'Malgun Gothic', '맑은 고딕', 'Apple SD Gothic Neo', 'Segoe UI', Helvetica, Arial, sans-serif;"">&#9654; &#xAD50;&#xC721; &#xD575;&#xC2EC; &#xD3EC;&#xC778;&#xD2B8;</p>
                          <p style=""margin:0;font-size:14px;line-height:1.8;color:#0e2233;font-family:'Malgun Gothic', '맑은 고딕', 'Apple SD Gothic Neo', 'Segoe UI', Helvetica, Arial, sans-serif;"">출력형식과 품질기준을 먼저 정해야 결과가 안정된다는 점</p>
                        </td>
                      </tr>
                    </table>
                  </td>
                  <!-- Card 4: Comment -->
                  <td width=""50%"" valign=""top"" style=""padding:0 0 12px 6px;"">
                    <table role=""presentation"" width=""100%"" cellpadding=""0"" cellspacing=""0"" border=""0"" style=""background-color:#f7fafa;border:1px solid #dae4ec;"">
                      <tr>
                        <td style=""padding:16px 18px;"">
                          <p style=""margin:0 0 8px 0;font-size:11px;font-weight:bold;color:#0d8f84;letter-spacing:0.06em;font-family:'Malgun Gothic', '맑은 고딕', 'Apple SD Gothic Neo', 'Segoe UI', Helvetica, Arial, sans-serif;"">&#9654; &#xCC38;&#xAC00;&#xC790; &#xCF54;&#xBA58;&#xD2B8;</p>
                          <p style=""margin:0;font-size:14px;line-height:1.8;color:#0e2233;font-family:'Malgun Gothic', '맑은 고딕', 'Apple SD Gothic Neo', 'Segoe UI', Helvetica, Arial, sans-serif;"">프롬프트를 감으로 쓰지 않고 구조화하는 법을 배운 점이 유용했다. 현업 사례가 더 세분화되면 우리 조직에 옮겨 담기 쉬울 것 같다. 기초 설명은 충분했지만 실습 난도는 한 단계 높여도 좋겠다고 느꼈다.</p>
                        </td>
                      </tr>
                    </table>
                  </td>
                </tr>
              </table>
            </td>
          </tr>

          <!-- ========== NEXT ACTION ========== -->
          <tr>
            <td style=""padding:6px 36px 20px 36px;"">
              <table role=""presentation"" width=""100%"" cellpadding=""0"" cellspacing=""0"" border=""0"" style=""background-color:#0d8f84;"">
                <tr>
                  <td style=""padding:20px 24px;"">
                    <p style=""margin:0 0 6px 0;font-size:11px;font-weight:bold;letter-spacing:0.1em;color:#b8e6e0;font-family:'Malgun Gothic', '맑은 고딕', 'Apple SD Gothic Neo', 'Segoe UI', Helvetica, Arial, sans-serif;"">NEXT ACTION</p>
                    <p style=""margin:0;font-size:16px;line-height:1.8;font-weight:bold;color:#ffffff;font-family:'Malgun Gothic', '맑은 고딕', 'Apple SD Gothic Neo', 'Segoe UI', Helvetica, Arial, sans-serif;"">사내 프롬프트 템플릿 정리 및 팀 공유</p>
                  </td>
                </tr>
              </table>
            </td>
          </tr>

          <!-- ========== SIGNATURE ========== -->
          <tr>
            <td style=""padding:0 36px 36px 36px;"">
              <table role=""presentation"" width=""100%"" cellpadding=""0"" cellspacing=""0"" border=""0"" style=""border-top:1px solid #dae4ec;"">
                <tr>
                  <td style=""padding:20px 0 0 0;font-size:13px;line-height:1.9;color:#4a6a82;font-family:'Malgun Gothic', '맑은 고딕', 'Apple SD Gothic Neo', 'Segoe UI', Helvetica, Arial, sans-serif;"">
                    감사합니다.<br />
                    한충석<br />
                    현대제철 컬처디자인팀
                  </td>
                </tr>
              </table>
            </td>
          </tr>

        </table>
        <!--[if mso]></td></tr></table><![endif]-->

      </td>
    </tr>
  </table>

</body>
</html>
",sample_data/교육_액션플랜_데이터_feedback_output_html_preview/046_정우진.html,completed,glm-4.5-air,2026-07-21T21:44:55
P047,조민아,participant047@hrd-ai-demo.example.com,한솔프레시,현업교육지원팀,매니저,HRD,사내 교육 운영에서도 웹 기반 정보 제공 방식을 자연스럽게 정착시키겠다,GitHub Pages 기반 교육 안내 페이지 제작 프로세스를 팀 표준으로 정리,교육 안내 페이지를 빠르게 배포하고 모바일 접근성을 기본값으로 맞춘다,페이지를 단순히 예쁘게 만드는 것이 아니라 운영 리스크를 줄이는 관점이 좋았다. 현업에 바로 가져갈 산출물이 분명해서 만족도가 높았다. 실습 전 사전 안내가 조금 더 구조화되면 따라가기 한결 수월하겠다.,모바일 우선 설계가 운영 효율과 직결된다는 점,박서윤,현대제철 교육 F/U: GitHub Pages 팀 표준 정립 안내,"조민아 매니저, 웹 기반 교육 운영의 효율화에 뜻을 같이해 주셔서 감사합니다. GitHub Pages 제작 프로세스를 팀 표준으로 정립하여, 안내 페이지의 빠른 배포와 모바일 접근성을 기본값으로 설정해 주시기 바랍니다. 현업 운영 리스크를 줄이는 관점이 매우 인상적이었습니다.",GitHub Pages 활용 프로세스를 팀 표준으로 정립하고 시범 배포하기,ok,"<!DOCTYPE html PUBLIC ""-//W3C//DTD XHTML 1.0 Transitional//EN"" ""http://www.w3.org/TR/xhtml1/DTD/xhtml1-transitional.dtd"">
<html xmlns=""http://www.w3.org/1999/xhtml"" lang=""ko"">
<head>
  <meta http-equiv=""Content-Type"" content=""text/html; charset=utf-8"" />
  <meta name=""viewport"" content=""width=device-width, initial-scale=1.0"" />
  <title>현대제철 교육 F/U: GitHub Pages 팀 표준 정립 안내</title>
  <!--[if mso]>
  <style type=""text/css"">
    table { border-collapse: collapse; }
    td { font-family: 'Malgun Gothic', '맑은 고딕', 'Apple SD Gothic Neo', 'Segoe UI', Helvetica, Arial, sans-serif; }
  </style>
  <![endif]-->
</head>
<body style=""margin:0;padding:0;background-color:#eaf1f5;font-family:'Malgun Gothic', '맑은 고딕', 'Apple SD Gothic Neo', 'Segoe UI', Helvetica, Arial, sans-serif;font-size:15px;line-height:1.7;color:#0e2233;-webkit-text-size-adjust:100%;-ms-text-size-adjust:100%;"">

  <!-- Outer wrapper table for centering -->
  <table role=""presentation"" width=""100%"" cellpadding=""0"" cellspacing=""0"" border=""0"" style=""background-color:#eaf1f5;"">
    <tr>
      <td align=""center"" style=""padding:40px 16px 50px 16px;"">

        <!--[if mso]><table role=""presentation"" width=""680"" cellpadding=""0"" cellspacing=""0"" border=""0"" align=""center""><tr><td><![endif]-->
        <table role=""presentation"" width=""100%"" cellpadding=""0"" cellspacing=""0"" border=""0"" style=""max-width:680px;margin:0 auto;background-color:#ffffff;border:1px solid #d4e1e8;"">

          <!-- ========== HEADER ========== -->
          <tr>
            <td style=""padding:34px 36px 24px 36px;background-color:#f3f9f8;border-bottom:2px solid #0d8f84;"">
              <!-- Eyebrow badge -->
              <table role=""presentation"" cellpadding=""0"" cellspacing=""0"" border=""0"">
                <tr>
                  <td style=""background-color:#e6f4f2;padding:5px 14px;font-size:11px;font-weight:bold;color:#094d47;letter-spacing:0.08em;font-family:'Malgun Gothic', '맑은 고딕', 'Apple SD Gothic Neo', 'Segoe UI', Helvetica, Arial, sans-serif;"">
                    &#9679;&nbsp; 현대제철 리더십 교육 F/U
                  </td>
                </tr>
              </table>
              <!-- Title -->
              <h1 style=""margin:16px 0 8px 0;font-size:24px;font-weight:bold;line-height:1.35;color:#091e2f;font-family:'Malgun Gothic', '맑은 고딕', 'Apple SD Gothic Neo', 'Segoe UI', Helvetica, Arial, sans-serif;"">현대제철 교육 F/U: GitHub Pages 팀 표준 정립 안내</h1>
              <!-- Recipient info -->
              <p style=""margin:0;font-size:14px;line-height:1.7;color:#4a6a82;font-family:'Malgun Gothic', '맑은 고딕', 'Apple SD Gothic Neo', 'Segoe UI', Helvetica, Arial, sans-serif;"">조민아&#xB2D8; &middot; 한솔프레시 현업교육지원팀 &middot; 매니저</p>
            </td>
          </tr>

          <!-- ========== BODY ========== -->
          <tr>
            <td style=""padding:30px 36px 10px 36px;"">
              <p style=""margin:0 0 18px 0;font-size:15px;font-weight:bold;color:#094d47;font-family:'Malgun Gothic', '맑은 고딕', 'Apple SD Gothic Neo', 'Segoe UI', Helvetica, Arial, sans-serif;"">조민아&#xB2D8; &#xC548;&#xB155;&#xD558;&#xC138;&#xC694;.</p>
              <p style=""margin:0 0 14px 0;font-size:15px;line-height:1.9;color:#0e2233;"">조민아 매니저, 웹 기반 교육 운영의 효율화에 뜻을 같이해 주셔서 감사합니다.</p>
<p style=""margin:0 0 14px 0;font-size:15px;line-height:1.9;color:#0e2233;"">GitHub Pages 제작 프로세스를 팀 표준으로 정립하여, 안내 페이지의 빠른 배포와 모바일 접근성을 기본값으로 설정해 주시기 바랍니다.</p>
<p style=""margin:0 0 14px 0;font-size:15px;line-height:1.9;color:#0e2233;"">현업 운영 리스크를 줄이는 관점이 매우 인상적이었습니다.</p>
            </td>
          </tr>

          <!-- ========== INFO CARDS (2x2 table) ========== -->
          <tr>
            <td style=""padding:0 36px 10px 36px;"">
              <table role=""presentation"" width=""100%"" cellpadding=""0"" cellspacing=""0"" border=""0"">
                <tr>
                  <!-- Card 1: Action Plan -->
                  <td width=""50%"" valign=""top"" style=""padding:0 6px 12px 0;"">
                    <table role=""presentation"" width=""100%"" cellpadding=""0"" cellspacing=""0"" border=""0"" style=""background-color:#f7fafa;border:1px solid #dae4ec;"">
                      <tr>
                        <td style=""padding:16px 18px;"">
                          <p style=""margin:0 0 8px 0;font-size:11px;font-weight:bold;color:#0d8f84;letter-spacing:0.06em;font-family:'Malgun Gothic', '맑은 고딕', 'Apple SD Gothic Neo', 'Segoe UI', Helvetica, Arial, sans-serif;"">&#9654; &#xD575;&#xC2EC; &#xC2E4;&#xD589;&#xACC4;&#xD68D;</p>
                          <p style=""margin:0;font-size:14px;line-height:1.8;color:#0e2233;font-family:'Malgun Gothic', '맑은 고딕', 'Apple SD Gothic Neo', 'Segoe UI', Helvetica, Arial, sans-serif;"">GitHub Pages 기반 교육 안내 페이지 제작 프로세스를 팀 표준으로 정리</p>
                        </td>
                      </tr>
                    </table>
                  </td>
                  <!-- Card 2: Expected Behavior -->
                  <td width=""50%"" valign=""top"" style=""padding:0 0 12px 6px;"">
                    <table role=""presentation"" width=""100%"" cellpadding=""0"" cellspacing=""0"" border=""0"" style=""background-color:#f7fafa;border:1px solid #dae4ec;"">
                      <tr>
                        <td style=""padding:16px 18px;"">
                          <p style=""margin:0 0 8px 0;font-size:11px;font-weight:bold;color:#0d8f84;letter-spacing:0.06em;font-family:'Malgun Gothic', '맑은 고딕', 'Apple SD Gothic Neo', 'Segoe UI', Helvetica, Arial, sans-serif;"">&#9654; &#xAE30;&#xB300; &#xD589;&#xB3D9;</p>
                          <p style=""margin:0;font-size:14px;line-height:1.8;color:#0e2233;font-family:'Malgun Gothic', '맑은 고딕', 'Apple SD Gothic Neo', 'Segoe UI', Helvetica, Arial, sans-serif;"">교육 안내 페이지를 빠르게 배포하고 모바일 접근성을 기본값으로 맞춘다</p>
                        </td>
                      </tr>
                    </table>
                  </td>
                </tr>
                <tr>
                  <!-- Card 3: Key Takeaway -->
                  <td width=""50%"" valign=""top"" style=""padding:0 6px 12px 0;"">
                    <table role=""presentation"" width=""100%"" cellpadding=""0"" cellspacing=""0"" border=""0"" style=""background-color:#f7fafa;border:1px solid #dae4ec;"">
                      <tr>
                        <td style=""padding:16px 18px;"">
                          <p style=""margin:0 0 8px 0;font-size:11px;font-weight:bold;color:#0d8f84;letter-spacing:0.06em;font-family:'Malgun Gothic', '맑은 고딕', 'Apple SD Gothic Neo', 'Segoe UI', Helvetica, Arial, sans-serif;"">&#9654; &#xAD50;&#xC721; &#xD575;&#xC2EC; &#xD3EC;&#xC778;&#xD2B8;</p>
                          <p style=""margin:0;font-size:14px;line-height:1.8;color:#0e2233;font-family:'Malgun Gothic', '맑은 고딕', 'Apple SD Gothic Neo', 'Segoe UI', Helvetica, Arial, sans-serif;"">모바일 우선 설계가 운영 효율과 직결된다는 점</p>
                        </td>
                      </tr>
                    </table>
                  </td>
                  <!-- Card 4: Comment -->
                  <td width=""50%"" valign=""top"" style=""padding:0 0 12px 6px;"">
                    <table role=""presentation"" width=""100%"" cellpadding=""0"" cellspacing=""0"" border=""0"" style=""background-color:#f7fafa;border:1px solid #dae4ec;"">
                      <tr>
                        <td style=""padding:16px 18px;"">
                          <p style=""margin:0 0 8px 0;font-size:11px;font-weight:bold;color:#0d8f84;letter-spacing:0.06em;font-family:'Malgun Gothic', '맑은 고딕', 'Apple SD Gothic Neo', 'Segoe UI', Helvetica, Arial, sans-serif;"">&#9654; &#xCC38;&#xAC00;&#xC790; &#xCF54;&#xBA58;&#xD2B8;</p>
                          <p style=""margin:0;font-size:14px;line-height:1.8;color:#0e2233;font-family:'Malgun Gothic', '맑은 고딕', 'Apple SD Gothic Neo', 'Segoe UI', Helvetica, Arial, sans-serif;"">페이지를 단순히 예쁘게 만드는 것이 아니라 운영 리스크를 줄이는 관점이 좋았다. 현업에 바로 가져갈 산출물이 분명해서 만족도가 높았다. 실습 전 사전 안내가 조금 더 구조화되면 따라가기 한결 수월하겠다.</p>
                        </td>
                      </tr>
                    </table>
                  </td>
                </tr>
              </table>
            </td>
          </tr>

          <!-- ========== NEXT ACTION ========== -->
          <tr>
            <td style=""padding:6px 36px 20px 36px;"">
              <table role=""presentation"" width=""100%"" cellpadding=""0"" cellspacing=""0"" border=""0"" style=""background-color:#0d8f84;"">
                <tr>
                  <td style=""padding:20px 24px;"">
                    <p style=""margin:0 0 6px 0;font-size:11px;font-weight:bold;letter-spacing:0.1em;color:#b8e6e0;font-family:'Malgun Gothic', '맑은 고딕', 'Apple SD Gothic Neo', 'Segoe UI', Helvetica, Arial, sans-serif;"">NEXT ACTION</p>
                    <p style=""margin:0;font-size:16px;line-height:1.8;font-weight:bold;color:#ffffff;font-family:'Malgun Gothic', '맑은 고딕', 'Apple SD Gothic Neo', 'Segoe UI', Helvetica, Arial, sans-serif;"">GitHub Pages 활용 프로세스를 팀 표준으로 정립하고 시범 배포하기</p>
                  </td>
                </tr>
              </table>
            </td>
          </tr>

          <!-- ========== SIGNATURE ========== -->
          <tr>
            <td style=""padding:0 36px 36px 36px;"">
              <table role=""presentation"" width=""100%"" cellpadding=""0"" cellspacing=""0"" border=""0"" style=""border-top:1px solid #dae4ec;"">
                <tr>
                  <td style=""padding:20px 0 0 0;font-size:13px;line-height:1.9;color:#4a6a82;font-family:'Malgun Gothic', '맑은 고딕', 'Apple SD Gothic Neo', 'Segoe UI', Helvetica, Arial, sans-serif;"">
                    감사합니다.<br />
                    박서윤<br />
                    현대제철 컬처디자인팀
                  </td>
                </tr>
              </table>
            </td>
          </tr>

        </table>
        <!--[if mso]></td></tr></table><![endif]-->

      </td>
    </tr>
  </table>

</body>
</html>
",sample_data/교육_액션플랜_데이터_feedback_output_html_preview/047_조민아.html,completed,glm-4.5-air,2026-07-21T21:47:20
P048,최다온,participant048@hrd-ai-demo.example.com,제이원에너지,인재개발팀,선임,인재육성,한 번의 교육을 일회성 이벤트가 아니라 행동 변화의 시작점으로 만들겠다,수강 후 4주 실행 습관을 위한 주차별 체크인 시트와 리마인드 메일을 만든다,참가자가 계획을 선언에 그치지 않고 작은 실험을 이어가도록 유도한다,교육 직후 작은 실험부터 설계하라는 메시지가 가장 현실적으로 다가왔다. 오전 이론 파트는 비전공자 기준으로 속도가 조금 빨랐다. 다만 오전 기술 동향 파트는 초급자에게 조금 빠르게 느껴질 수 있었다.,작게 시작해 빠르게 검증하는 접근이 현업 적용 장벽을 낮춘다는 점,김민주,"[현대제철 리더십 교육 F/U] 최다온 선임님, 작은 실험의 시작을 응원합니다","최다온 선임님, 교육 중 '작게 시작해 빠르게 검증하는' 점이 인상 깊으셨다니 좋습니다. 4주간의 실행 습관을 위해 계획하신 체크인 시트 작성을 통해 구체적인 계획을 세워보시기 바랍니다. 계획을 선언에 그치지 않고, 오늘 당장 실천 가능한 작은 실험을 하나 설계해 보세요.",4주 실행 계획을 위한 주차별 체크인 시트 초안 작성하기,ok,"<!DOCTYPE html PUBLIC ""-//W3C//DTD XHTML 1.0 Transitional//EN"" ""http://www.w3.org/TR/xhtml1/DTD/xhtml1-transitional.dtd"">
<html xmlns=""http://www.w3.org/1999/xhtml"" lang=""ko"">
<head>
  <meta http-equiv=""Content-Type"" content=""text/html; charset=utf-8"" />
  <meta name=""viewport"" content=""width=device-width, initial-scale=1.0"" />
  <title>[현대제철 리더십 교육 F/U] 최다온 선임님, 작은 실험의 시작을 응원합니다</title>
  <!--[if mso]>
  <style type=""text/css"">
    table { border-collapse: collapse; }
    td { font-family: 'Malgun Gothic', '맑은 고딕', 'Apple SD Gothic Neo', 'Segoe UI', Helvetica, Arial, sans-serif; }
  </style>
  <![endif]-->
</head>
<body style=""margin:0;padding:0;background-color:#eaf1f5;font-family:'Malgun Gothic', '맑은 고딕', 'Apple SD Gothic Neo', 'Segoe UI', Helvetica, Arial, sans-serif;font-size:15px;line-height:1.7;color:#0e2233;-webkit-text-size-adjust:100%;-ms-text-size-adjust:100%;"">

  <!-- Outer wrapper table for centering -->
  <table role=""presentation"" width=""100%"" cellpadding=""0"" cellspacing=""0"" border=""0"" style=""background-color:#eaf1f5;"">
    <tr>
      <td align=""center"" style=""padding:40px 16px 50px 16px;"">

        <!--[if mso]><table role=""presentation"" width=""680"" cellpadding=""0"" cellspacing=""0"" border=""0"" align=""center""><tr><td><![endif]-->
        <table role=""presentation"" width=""100%"" cellpadding=""0"" cellspacing=""0"" border=""0"" style=""max-width:680px;margin:0 auto;background-color:#ffffff;border:1px solid #d4e1e8;"">

          <!-- ========== HEADER ========== -->
          <tr>
            <td style=""padding:34px 36px 24px 36px;background-color:#f3f9f8;border-bottom:2px solid #0d8f84;"">
              <!-- Eyebrow badge -->
              <table role=""presentation"" cellpadding=""0"" cellspacing=""0"" border=""0"">
                <tr>
                  <td style=""background-color:#e6f4f2;padding:5px 14px;font-size:11px;font-weight:bold;color:#094d47;letter-spacing:0.08em;font-family:'Malgun Gothic', '맑은 고딕', 'Apple SD Gothic Neo', 'Segoe UI', Helvetica, Arial, sans-serif;"">
                    &#9679;&nbsp; 현대제철 리더십 교육 F/U
                  </td>
                </tr>
              </table>
              <!-- Title -->
              <h1 style=""margin:16px 0 8px 0;font-size:24px;font-weight:bold;line-height:1.35;color:#091e2f;font-family:'Malgun Gothic', '맑은 고딕', 'Apple SD Gothic Neo', 'Segoe UI', Helvetica, Arial, sans-serif;"">[현대제철 리더십 교육 F/U] 최다온 선임님, 작은 실험의 시작을 응원합니다</h1>
              <!-- Recipient info -->
              <p style=""margin:0;font-size:14px;line-height:1.7;color:#4a6a82;font-family:'Malgun Gothic', '맑은 고딕', 'Apple SD Gothic Neo', 'Segoe UI', Helvetica, Arial, sans-serif;"">최다온&#xB2D8; &middot; 제이원에너지 인재개발팀 &middot; 선임</p>
            </td>
          </tr>

          <!-- ========== BODY ========== -->
          <tr>
            <td style=""padding:30px 36px 10px 36px;"">
              <p style=""margin:0 0 18px 0;font-size:15px;font-weight:bold;color:#094d47;font-family:'Malgun Gothic', '맑은 고딕', 'Apple SD Gothic Neo', 'Segoe UI', Helvetica, Arial, sans-serif;"">최다온&#xB2D8; &#xC548;&#xB155;&#xD558;&#xC138;&#xC694;.</p>
              <p style=""margin:0 0 14px 0;font-size:15px;line-height:1.9;color:#0e2233;"">최다온 선임님, 교육 중 &#x27;작게 시작해 빠르게 검증하는&#x27; 점이 인상 깊으셨다니 좋습니다.</p>
<p style=""margin:0 0 14px 0;font-size:15px;line-height:1.9;color:#0e2233;"">4주간의 실행 습관을 위해 계획하신 체크인 시트 작성을 통해 구체적인 계획을 세워보시기 바랍니다.</p>
<p style=""margin:0 0 14px 0;font-size:15px;line-height:1.9;color:#0e2233;"">계획을 선언에 그치지 않고, 오늘 당장 실천 가능한 작은 실험을 하나 설계해 보세요.</p>
            </td>
          </tr>

          <!-- ========== INFO CARDS (2x2 table) ========== -->
          <tr>
            <td style=""padding:0 36px 10px 36px;"">
              <table role=""presentation"" width=""100%"" cellpadding=""0"" cellspacing=""0"" border=""0"">
                <tr>
                  <!-- Card 1: Action Plan -->
                  <td width=""50%"" valign=""top"" style=""padding:0 6px 12px 0;"">
                    <table role=""presentation"" width=""100%"" cellpadding=""0"" cellspacing=""0"" border=""0"" style=""background-color:#f7fafa;border:1px solid #dae4ec;"">
                      <tr>
                        <td style=""padding:16px 18px;"">
                          <p style=""margin:0 0 8px 0;font-size:11px;font-weight:bold;color:#0d8f84;letter-spacing:0.06em;font-family:'Malgun Gothic', '맑은 고딕', 'Apple SD Gothic Neo', 'Segoe UI', Helvetica, Arial, sans-serif;"">&#9654; &#xD575;&#xC2EC; &#xC2E4;&#xD589;&#xACC4;&#xD68D;</p>
                          <p style=""margin:0;font-size:14px;line-height:1.8;color:#0e2233;font-family:'Malgun Gothic', '맑은 고딕', 'Apple SD Gothic Neo', 'Segoe UI', Helvetica, Arial, sans-serif;"">수강 후 4주 실행 습관을 위한 주차별 체크인 시트와 리마인드 메일을 만든다</p>
                        </td>
                      </tr>
                    </table>
                  </td>
                  <!-- Card 2: Expected Behavior -->
                  <td width=""50%"" valign=""top"" style=""padding:0 0 12px 6px;"">
                    <table role=""presentation"" width=""100%"" cellpadding=""0"" cellspacing=""0"" border=""0"" style=""background-color:#f7fafa;border:1px solid #dae4ec;"">
                      <tr>
                        <td style=""padding:16px 18px;"">
                          <p style=""margin:0 0 8px 0;font-size:11px;font-weight:bold;color:#0d8f84;letter-spacing:0.06em;font-family:'Malgun Gothic', '맑은 고딕', 'Apple SD Gothic Neo', 'Segoe UI', Helvetica, Arial, sans-serif;"">&#9654; &#xAE30;&#xB300; &#xD589;&#xB3D9;</p>
                          <p style=""margin:0;font-size:14px;line-height:1.8;color:#0e2233;font-family:'Malgun Gothic', '맑은 고딕', 'Apple SD Gothic Neo', 'Segoe UI', Helvetica, Arial, sans-serif;"">참가자가 계획을 선언에 그치지 않고 작은 실험을 이어가도록 유도한다</p>
                        </td>
                      </tr>
                    </table>
                  </td>
                </tr>
                <tr>
                  <!-- Card 3: Key Takeaway -->
                  <td width=""50%"" valign=""top"" style=""padding:0 6px 12px 0;"">
                    <table role=""presentation"" width=""100%"" cellpadding=""0"" cellspacing=""0"" border=""0"" style=""background-color:#f7fafa;border:1px solid #dae4ec;"">
                      <tr>
                        <td style=""padding:16px 18px;"">
                          <p style=""margin:0 0 8px 0;font-size:11px;font-weight:bold;color:#0d8f84;letter-spacing:0.06em;font-family:'Malgun Gothic', '맑은 고딕', 'Apple SD Gothic Neo', 'Segoe UI', Helvetica, Arial, sans-serif;"">&#9654; &#xAD50;&#xC721; &#xD575;&#xC2EC; &#xD3EC;&#xC778;&#xD2B8;</p>
                          <p style=""margin:0;font-size:14px;line-height:1.8;color:#0e2233;font-family:'Malgun Gothic', '맑은 고딕', 'Apple SD Gothic Neo', 'Segoe UI', Helvetica, Arial, sans-serif;"">작게 시작해 빠르게 검증하는 접근이 현업 적용 장벽을 낮춘다는 점</p>
                        </td>
                      </tr>
                    </table>
                  </td>
                  <!-- Card 4: Comment -->
                  <td width=""50%"" valign=""top"" style=""padding:0 0 12px 6px;"">
                    <table role=""presentation"" width=""100%"" cellpadding=""0"" cellspacing=""0"" border=""0"" style=""background-color:#f7fafa;border:1px solid #dae4ec;"">
                      <tr>
                        <td style=""padding:16px 18px;"">
                          <p style=""margin:0 0 8px 0;font-size:11px;font-weight:bold;color:#0d8f84;letter-spacing:0.06em;font-family:'Malgun Gothic', '맑은 고딕', 'Apple SD Gothic Neo', 'Segoe UI', Helvetica, Arial, sans-serif;"">&#9654; &#xCC38;&#xAC00;&#xC790; &#xCF54;&#xBA58;&#xD2B8;</p>
                          <p style=""margin:0;font-size:14px;line-height:1.8;color:#0e2233;font-family:'Malgun Gothic', '맑은 고딕', 'Apple SD Gothic Neo', 'Segoe UI', Helvetica, Arial, sans-serif;"">교육 직후 작은 실험부터 설계하라는 메시지가 가장 현실적으로 다가왔다. 오전 이론 파트는 비전공자 기준으로 속도가 조금 빨랐다. 다만 오전 기술 동향 파트는 초급자에게 조금 빠르게 느껴질 수 있었다.</p>
                        </td>
                      </tr>
                    </table>
                  </td>
                </tr>
              </table>
            </td>
          </tr>

          <!-- ========== NEXT ACTION ========== -->
          <tr>
            <td style=""padding:6px 36px 20px 36px;"">
              <table role=""presentation"" width=""100%"" cellpadding=""0"" cellspacing=""0"" border=""0"" style=""background-color:#0d8f84;"">
                <tr>
                  <td style=""padding:20px 24px;"">
                    <p style=""margin:0 0 6px 0;font-size:11px;font-weight:bold;letter-spacing:0.1em;color:#b8e6e0;font-family:'Malgun Gothic', '맑은 고딕', 'Apple SD Gothic Neo', 'Segoe UI', Helvetica, Arial, sans-serif;"">NEXT ACTION</p>
                    <p style=""margin:0;font-size:16px;line-height:1.8;font-weight:bold;color:#ffffff;font-family:'Malgun Gothic', '맑은 고딕', 'Apple SD Gothic Neo', 'Segoe UI', Helvetica, Arial, sans-serif;"">4주 실행 계획을 위한 주차별 체크인 시트 초안 작성하기</p>
                  </td>
                </tr>
              </table>
            </td>
          </tr>

          <!-- ========== SIGNATURE ========== -->
          <tr>
            <td style=""padding:0 36px 36px 36px;"">
              <table role=""presentation"" width=""100%"" cellpadding=""0"" cellspacing=""0"" border=""0"" style=""border-top:1px solid #dae4ec;"">
                <tr>
                  <td style=""padding:20px 0 0 0;font-size:13px;line-height:1.9;color:#4a6a82;font-family:'Malgun Gothic', '맑은 고딕', 'Apple SD Gothic Neo', 'Segoe UI', Helvetica, Arial, sans-serif;"">
                    감사합니다.<br />
                    김민주<br />
                    현대제철 컬처디자인팀
                  </td>
                </tr>
              </table>
            </td>
          </tr>

        </table>
        <!--[if mso]></td></tr></table><![endif]-->

      </td>
    </tr>
  </table>

</body>
</html>
",sample_data/교육_액션플랜_데이터_feedback_output_html_preview/048_최다온.html,completed,glm-4.5-air,2026-07-21T21:47:53
P049,최시우,participant049@hrd-ai-demo.example.com,브라이트로보틱스,DX전략교육팀,차장,DX교육,좋은 사례가 묻히지 않도록 학습 자산으로 반복 활용하겠다,"사내 강사와 우수 사례 인터뷰를 FAQ, 사례 카드, 홍보 문안으로 재활용",교육의 기대효과를 수강 전부터 명확히 전달해 참여 의지를 높인다,기존 사례를 재가공해 여러 산출물로 확장하는 흐름이 특히 인상 깊었다. 강사의 설명이 기술 용어를 과하게 쓰지 않아 이해가 쉬웠다. 이론과 실습의 난이도 균형은 전반적으로 적절했다.,AI를 초안 작성에 쓰고 사람은 사실관계와 맥락을 최종 점검하면 된다는 점,이도현,[현대제철] 리더십 교육 후속 조치 안내 (최시우 차장님),"최시우 차장님, 교육 중 사례 자산화에 관심을 가져주셔서 감사합니다. 계획하신 대로 사내 강사 인터뷰를 FAQ나 사례 카드로 재가공하는 작업을 착수해 주시길 부탁드립니다. 교육 효과를 사전에 명확히 전달하여 동료들의 참여 의지를 높일 수 있도록 지속해서 노력해 주십시오.","사내 강사 및 우수 사례 인터뷰를 FAQ, 사례 카드, 홍보 문안 등으로 재가공하여 학습 자료로 확장하기",ok,"<!DOCTYPE html PUBLIC ""-//W3C//DTD XHTML 1.0 Transitional//EN"" ""http://www.w3.org/TR/xhtml1/DTD/xhtml1-transitional.dtd"">
<html xmlns=""http://www.w3.org/1999/xhtml"" lang=""ko"">
<head>
  <meta http-equiv=""Content-Type"" content=""text/html; charset=utf-8"" />
  <meta name=""viewport"" content=""width=device-width, initial-scale=1.0"" />
  <title>[현대제철] 리더십 교육 후속 조치 안내 (최시우 차장님)</title>
  <!--[if mso]>
  <style type=""text/css"">
    table { border-collapse: collapse; }
    td { font-family: 'Malgun Gothic', '맑은 고딕', 'Apple SD Gothic Neo', 'Segoe UI', Helvetica, Arial, sans-serif; }
  </style>
  <![endif]-->
</head>
<body style=""margin:0;padding:0;background-color:#eaf1f5;font-family:'Malgun Gothic', '맑은 고딕', 'Apple SD Gothic Neo', 'Segoe UI', Helvetica, Arial, sans-serif;font-size:15px;line-height:1.7;color:#0e2233;-webkit-text-size-adjust:100%;-ms-text-size-adjust:100%;"">

  <!-- Outer wrapper table for centering -->
  <table role=""presentation"" width=""100%"" cellpadding=""0"" cellspacing=""0"" border=""0"" style=""background-color:#eaf1f5;"">
    <tr>
      <td align=""center"" style=""padding:40px 16px 50px 16px;"">

        <!--[if mso]><table role=""presentation"" width=""680"" cellpadding=""0"" cellspacing=""0"" border=""0"" align=""center""><tr><td><![endif]-->
        <table role=""presentation"" width=""100%"" cellpadding=""0"" cellspacing=""0"" border=""0"" style=""max-width:680px;margin:0 auto;background-color:#ffffff;border:1px solid #d4e1e8;"">

          <!-- ========== HEADER ========== -->
          <tr>
            <td style=""padding:34px 36px 24px 36px;background-color:#f3f9f8;border-bottom:2px solid #0d8f84;"">
              <!-- Eyebrow badge -->
              <table role=""presentation"" cellpadding=""0"" cellspacing=""0"" border=""0"">
                <tr>
                  <td style=""background-color:#e6f4f2;padding:5px 14px;font-size:11px;font-weight:bold;color:#094d47;letter-spacing:0.08em;font-family:'Malgun Gothic', '맑은 고딕', 'Apple SD Gothic Neo', 'Segoe UI', Helvetica, Arial, sans-serif;"">
                    &#9679;&nbsp; 현대제철 리더십 교육 F/U
                  </td>
                </tr>
              </table>
              <!-- Title -->
              <h1 style=""margin:16px 0 8px 0;font-size:24px;font-weight:bold;line-height:1.35;color:#091e2f;font-family:'Malgun Gothic', '맑은 고딕', 'Apple SD Gothic Neo', 'Segoe UI', Helvetica, Arial, sans-serif;"">[현대제철] 리더십 교육 후속 조치 안내 (최시우 차장님)</h1>
              <!-- Recipient info -->
              <p style=""margin:0;font-size:14px;line-height:1.7;color:#4a6a82;font-family:'Malgun Gothic', '맑은 고딕', 'Apple SD Gothic Neo', 'Segoe UI', Helvetica, Arial, sans-serif;"">최시우&#xB2D8; &middot; 브라이트로보틱스 DX전략교육팀 &middot; 차장</p>
            </td>
          </tr>

          <!-- ========== BODY ========== -->
          <tr>
            <td style=""padding:30px 36px 10px 36px;"">
              <p style=""margin:0 0 18px 0;font-size:15px;font-weight:bold;color:#094d47;font-family:'Malgun Gothic', '맑은 고딕', 'Apple SD Gothic Neo', 'Segoe UI', Helvetica, Arial, sans-serif;"">최시우&#xB2D8; &#xC548;&#xB155;&#xD558;&#xC138;&#xC694;.</p>
              <p style=""margin:0 0 14px 0;font-size:15px;line-height:1.9;color:#0e2233;"">최시우 차장님, 교육 중 사례 자산화에 관심을 가져주셔서 감사합니다.</p>
<p style=""margin:0 0 14px 0;font-size:15px;line-height:1.9;color:#0e2233;"">계획하신 대로 사내 강사 인터뷰를 FAQ나 사례 카드로 재가공하는 작업을 착수해 주시길 부탁드립니다.</p>
<p style=""margin:0 0 14px 0;font-size:15px;line-height:1.9;color:#0e2233;"">교육 효과를 사전에 명확히 전달하여 동료들의 참여 의지를 높일 수 있도록 지속해서 노력해 주십시오.</p>
            </td>
          </tr>

          <!-- ========== INFO CARDS (2x2 table) ========== -->
          <tr>
            <td style=""padding:0 36px 10px 36px;"">
              <table role=""presentation"" width=""100%"" cellpadding=""0"" cellspacing=""0"" border=""0"">
                <tr>
                  <!-- Card 1: Action Plan -->
                  <td width=""50%"" valign=""top"" style=""padding:0 6px 12px 0;"">
                    <table role=""presentation"" width=""100%"" cellpadding=""0"" cellspacing=""0"" border=""0"" style=""background-color:#f7fafa;border:1px solid #dae4ec;"">
                      <tr>
                        <td style=""padding:16px 18px;"">
                          <p style=""margin:0 0 8px 0;font-size:11px;font-weight:bold;color:#0d8f84;letter-spacing:0.06em;font-family:'Malgun Gothic', '맑은 고딕', 'Apple SD Gothic Neo', 'Segoe UI', Helvetica, Arial, sans-serif;"">&#9654; &#xD575;&#xC2EC; &#xC2E4;&#xD589;&#xACC4;&#xD68D;</p>
                          <p style=""margin:0;font-size:14px;line-height:1.8;color:#0e2233;font-family:'Malgun Gothic', '맑은 고딕', 'Apple SD Gothic Neo', 'Segoe UI', Helvetica, Arial, sans-serif;"">사내 강사와 우수 사례 인터뷰를 FAQ, 사례 카드, 홍보 문안으로 재활용</p>
                        </td>
                      </tr>
                    </table>
                  </td>
                  <!-- Card 2: Expected Behavior -->
                  <td width=""50%"" valign=""top"" style=""padding:0 0 12px 6px;"">
                    <table role=""presentation"" width=""100%"" cellpadding=""0"" cellspacing=""0"" border=""0"" style=""background-color:#f7fafa;border:1px solid #dae4ec;"">
                      <tr>
                        <td style=""padding:16px 18px;"">
                          <p style=""margin:0 0 8px 0;font-size:11px;font-weight:bold;color:#0d8f84;letter-spacing:0.06em;font-family:'Malgun Gothic', '맑은 고딕', 'Apple SD Gothic Neo', 'Segoe UI', Helvetica, Arial, sans-serif;"">&#9654; &#xAE30;&#xB300; &#xD589;&#xB3D9;</p>
                          <p style=""margin:0;font-size:14px;line-height:1.8;color:#0e2233;font-family:'Malgun Gothic', '맑은 고딕', 'Apple SD Gothic Neo', 'Segoe UI', Helvetica, Arial, sans-serif;"">교육의 기대효과를 수강 전부터 명확히 전달해 참여 의지를 높인다</p>
                        </td>
                      </tr>
                    </table>
                  </td>
                </tr>
                <tr>
                  <!-- Card 3: Key Takeaway -->
                  <td width=""50%"" valign=""top"" style=""padding:0 6px 12px 0;"">
                    <table role=""presentation"" width=""100%"" cellpadding=""0"" cellspacing=""0"" border=""0"" style=""background-color:#f7fafa;border:1px solid #dae4ec;"">
                      <tr>
                        <td style=""padding:16px 18px;"">
                          <p style=""margin:0 0 8px 0;font-size:11px;font-weight:bold;color:#0d8f84;letter-spacing:0.06em;font-family:'Malgun Gothic', '맑은 고딕', 'Apple SD Gothic Neo', 'Segoe UI', Helvetica, Arial, sans-serif;"">&#9654; &#xAD50;&#xC721; &#xD575;&#xC2EC; &#xD3EC;&#xC778;&#xD2B8;</p>
                          <p style=""margin:0;font-size:14px;line-height:1.8;color:#0e2233;font-family:'Malgun Gothic', '맑은 고딕', 'Apple SD Gothic Neo', 'Segoe UI', Helvetica, Arial, sans-serif;"">AI를 초안 작성에 쓰고 사람은 사실관계와 맥락을 최종 점검하면 된다는 점</p>
                        </td>
                      </tr>
                    </table>
                  </td>
                  <!-- Card 4: Comment -->
                  <td width=""50%"" valign=""top"" style=""padding:0 0 12px 6px;"">
                    <table role=""presentation"" width=""100%"" cellpadding=""0"" cellspacing=""0"" border=""0"" style=""background-color:#f7fafa;border:1px solid #dae4ec;"">
                      <tr>
                        <td style=""padding:16px 18px;"">
                          <p style=""margin:0 0 8px 0;font-size:11px;font-weight:bold;color:#0d8f84;letter-spacing:0.06em;font-family:'Malgun Gothic', '맑은 고딕', 'Apple SD Gothic Neo', 'Segoe UI', Helvetica, Arial, sans-serif;"">&#9654; &#xCC38;&#xAC00;&#xC790; &#xCF54;&#xBA58;&#xD2B8;</p>
                          <p style=""margin:0;font-size:14px;line-height:1.8;color:#0e2233;font-family:'Malgun Gothic', '맑은 고딕', 'Apple SD Gothic Neo', 'Segoe UI', Helvetica, Arial, sans-serif;"">기존 사례를 재가공해 여러 산출물로 확장하는 흐름이 특히 인상 깊었다. 강사의 설명이 기술 용어를 과하게 쓰지 않아 이해가 쉬웠다. 이론과 실습의 난이도 균형은 전반적으로 적절했다.</p>
                        </td>
                      </tr>
                    </table>
                  </td>
                </tr>
              </table>
            </td>
          </tr>

          <!-- ========== NEXT ACTION ========== -->
          <tr>
            <td style=""padding:6px 36px 20px 36px;"">
              <table role=""presentation"" width=""100%"" cellpadding=""0"" cellspacing=""0"" border=""0"" style=""background-color:#0d8f84;"">
                <tr>
                  <td style=""padding:20px 24px;"">
                    <p style=""margin:0 0 6px 0;font-size:11px;font-weight:bold;letter-spacing:0.1em;color:#b8e6e0;font-family:'Malgun Gothic', '맑은 고딕', 'Apple SD Gothic Neo', 'Segoe UI', Helvetica, Arial, sans-serif;"">NEXT ACTION</p>
                    <p style=""margin:0;font-size:16px;line-height:1.8;font-weight:bold;color:#ffffff;font-family:'Malgun Gothic', '맑은 고딕', 'Apple SD Gothic Neo', 'Segoe UI', Helvetica, Arial, sans-serif;"">사내 강사 및 우수 사례 인터뷰를 FAQ, 사례 카드, 홍보 문안 등으로 재가공하여 학습 자료로 확장하기</p>
                  </td>
                </tr>
              </table>
            </td>
          </tr>

          <!-- ========== SIGNATURE ========== -->
          <tr>
            <td style=""padding:0 36px 36px 36px;"">
              <table role=""presentation"" width=""100%"" cellpadding=""0"" cellspacing=""0"" border=""0"" style=""border-top:1px solid #dae4ec;"">
                <tr>
                  <td style=""padding:20px 0 0 0;font-size:13px;line-height:1.9;color:#4a6a82;font-family:'Malgun Gothic', '맑은 고딕', 'Apple SD Gothic Neo', 'Segoe UI', Helvetica, Arial, sans-serif;"">
                    감사합니다.<br />
                    이도현<br />
                    현대제철 컬처디자인팀
                  </td>
                </tr>
              </table>
            </td>
          </tr>

        </table>
        <!--[if mso]></td></tr></table><![endif]-->

      </td>
    </tr>
  </table>

</body>
</html>
",sample_data/교육_액션플랜_데이터_feedback_output_html_preview/049_최시우.html,completed,glm-4.5-air,2026-07-21T21:48:30
P050,하윤재,participant050@hrd-ai-demo.example.com,로하스인더스트리,교육문화혁신팀,대리,HRD,실무자가 안심하고 AI를 쓰도록 보안 가이드와 운영 기준을 함께 만들겠다,Action Plan 데이터 비식별화 기준과 외부 서비스 업로드 원칙을 정리한다,AI 활용 속도를 유지하면서도 민감정보 노출 리스크를 줄인다,편의성보다 데이터 통제 원칙을 먼저 설명한 점이 신뢰를 높였다. 교육 후 실행으로 이어지는 그림을 잡는 데 큰 도움이 됐다. 중간 Q&A 시간을 한 번 더 넣어주면 이해가 더 안정될 것 같다.,자동화보다 먼저 데이터 경계와 검수 단계를 정의해야 한다는 점,정유라,[교육 F/U] AI 활용을 위한 데이터 보안 가이드 마련,"하윤재 대리님, 데이터 통제 원칙을 우선시하신 점이 인상 깊었습니다. 계획하신 대로 데이터 비식별화 기준과 외부 서비스 업로드 원칙을 정리하여, 민감정보 노출 없이 AI 활용 속도를 유지하실 수 있도록 지지하겠습니다.",데이터 비식별화 기준 및 외부 서비스 업로드 원칙 정리서 작성,ok,"<!DOCTYPE html PUBLIC ""-//W3C//DTD XHTML 1.0 Transitional//EN"" ""http://www.w3.org/TR/xhtml1/DTD/xhtml1-transitional.dtd"">
<html xmlns=""http://www.w3.org/1999/xhtml"" lang=""ko"">
<head>
  <meta http-equiv=""Content-Type"" content=""text/html; charset=utf-8"" />
  <meta name=""viewport"" content=""width=device-width, initial-scale=1.0"" />
  <title>[교육 F/U] AI 활용을 위한 데이터 보안 가이드 마련</title>
  <!--[if mso]>
  <style type=""text/css"">
    table { border-collapse: collapse; }
    td { font-family: 'Malgun Gothic', '맑은 고딕', 'Apple SD Gothic Neo', 'Segoe UI', Helvetica, Arial, sans-serif; }
  </style>
  <![endif]-->
</head>
<body style=""margin:0;padding:0;background-color:#eaf1f5;font-family:'Malgun Gothic', '맑은 고딕', 'Apple SD Gothic Neo', 'Segoe UI', Helvetica, Arial, sans-serif;font-size:15px;line-height:1.7;color:#0e2233;-webkit-text-size-adjust:100%;-ms-text-size-adjust:100%;"">

  <!-- Outer wrapper table for centering -->
  <table role=""presentation"" width=""100%"" cellpadding=""0"" cellspacing=""0"" border=""0"" style=""background-color:#eaf1f5;"">
    <tr>
      <td align=""center"" style=""padding:40px 16px 50px 16px;"">

        <!--[if mso]><table role=""presentation"" width=""680"" cellpadding=""0"" cellspacing=""0"" border=""0"" align=""center""><tr><td><![endif]-->
        <table role=""presentation"" width=""100%"" cellpadding=""0"" cellspacing=""0"" border=""0"" style=""max-width:680px;margin:0 auto;background-color:#ffffff;border:1px solid #d4e1e8;"">

          <!-- ========== HEADER ========== -->
          <tr>
            <td style=""padding:34px 36px 24px 36px;background-color:#f3f9f8;border-bottom:2px solid #0d8f84;"">
              <!-- Eyebrow badge -->
              <table role=""presentation"" cellpadding=""0"" cellspacing=""0"" border=""0"">
                <tr>
                  <td style=""background-color:#e6f4f2;padding:5px 14px;font-size:11px;font-weight:bold;color:#094d47;letter-spacing:0.08em;font-family:'Malgun Gothic', '맑은 고딕', 'Apple SD Gothic Neo', 'Segoe UI', Helvetica, Arial, sans-serif;"">
                    &#9679;&nbsp; 현대제철 리더십 교육 F/U
                  </td>
                </tr>
              </table>
              <!-- Title -->
              <h1 style=""margin:16px 0 8px 0;font-size:24px;font-weight:bold;line-height:1.35;color:#091e2f;font-family:'Malgun Gothic', '맑은 고딕', 'Apple SD Gothic Neo', 'Segoe UI', Helvetica, Arial, sans-serif;"">[교육 F/U] AI 활용을 위한 데이터 보안 가이드 마련</h1>
              <!-- Recipient info -->
              <p style=""margin:0;font-size:14px;line-height:1.7;color:#4a6a82;font-family:'Malgun Gothic', '맑은 고딕', 'Apple SD Gothic Neo', 'Segoe UI', Helvetica, Arial, sans-serif;"">하윤재&#xB2D8; &middot; 로하스인더스트리 교육문화혁신팀 &middot; 대리</p>
            </td>
          </tr>

          <!-- ========== BODY ========== -->
          <tr>
            <td style=""padding:30px 36px 10px 36px;"">
              <p style=""margin:0 0 18px 0;font-size:15px;font-weight:bold;color:#094d47;font-family:'Malgun Gothic', '맑은 고딕', 'Apple SD Gothic Neo', 'Segoe UI', Helvetica, Arial, sans-serif;"">하윤재&#xB2D8; &#xC548;&#xB155;&#xD558;&#xC138;&#xC694;.</p>
              <p style=""margin:0 0 14px 0;font-size:15px;line-height:1.9;color:#0e2233;"">하윤재 대리님, 데이터 통제 원칙을 우선시하신 점이 인상 깊었습니다.</p>
<p style=""margin:0 0 14px 0;font-size:15px;line-height:1.9;color:#0e2233;"">계획하신 대로 데이터 비식별화 기준과 외부 서비스 업로드 원칙을 정리하여, 민감정보 노출 없이 AI 활용 속도를 유지하실 수 있도록 지지하겠습니다.</p>
            </td>
          </tr>

          <!-- ========== INFO CARDS (2x2 table) ========== -->
          <tr>
            <td style=""padding:0 36px 10px 36px;"">
              <table role=""presentation"" width=""100%"" cellpadding=""0"" cellspacing=""0"" border=""0"">
                <tr>
                  <!-- Card 1: Action Plan -->
                  <td width=""50%"" valign=""top"" style=""padding:0 6px 12px 0;"">
                    <table role=""presentation"" width=""100%"" cellpadding=""0"" cellspacing=""0"" border=""0"" style=""background-color:#f7fafa;border:1px solid #dae4ec;"">
                      <tr>
                        <td style=""padding:16px 18px;"">
                          <p style=""margin:0 0 8px 0;font-size:11px;font-weight:bold;color:#0d8f84;letter-spacing:0.06em;font-family:'Malgun Gothic', '맑은 고딕', 'Apple SD Gothic Neo', 'Segoe UI', Helvetica, Arial, sans-serif;"">&#9654; &#xD575;&#xC2EC; &#xC2E4;&#xD589;&#xACC4;&#xD68D;</p>
                          <p style=""margin:0;font-size:14px;line-height:1.8;color:#0e2233;font-family:'Malgun Gothic', '맑은 고딕', 'Apple SD Gothic Neo', 'Segoe UI', Helvetica, Arial, sans-serif;"">Action Plan 데이터 비식별화 기준과 외부 서비스 업로드 원칙을 정리한다</p>
                        </td>
                      </tr>
                    </table>
                  </td>
                  <!-- Card 2: Expected Behavior -->
                  <td width=""50%"" valign=""top"" style=""padding:0 0 12px 6px;"">
                    <table role=""presentation"" width=""100%"" cellpadding=""0"" cellspacing=""0"" border=""0"" style=""background-color:#f7fafa;border:1px solid #dae4ec;"">
                      <tr>
                        <td style=""padding:16px 18px;"">
                          <p style=""margin:0 0 8px 0;font-size:11px;font-weight:bold;color:#0d8f84;letter-spacing:0.06em;font-family:'Malgun Gothic', '맑은 고딕', 'Apple SD Gothic Neo', 'Segoe UI', Helvetica, Arial, sans-serif;"">&#9654; &#xAE30;&#xB300; &#xD589;&#xB3D9;</p>
                          <p style=""margin:0;font-size:14px;line-height:1.8;color:#0e2233;font-family:'Malgun Gothic', '맑은 고딕', 'Apple SD Gothic Neo', 'Segoe UI', Helvetica, Arial, sans-serif;"">AI 활용 속도를 유지하면서도 민감정보 노출 리스크를 줄인다</p>
                        </td>
                      </tr>
                    </table>
                  </td>
                </tr>
                <tr>
                  <!-- Card 3: Key Takeaway -->
                  <td width=""50%"" valign=""top"" style=""padding:0 6px 12px 0;"">
                    <table role=""presentation"" width=""100%"" cellpadding=""0"" cellspacing=""0"" border=""0"" style=""background-color:#f7fafa;border:1px solid #dae4ec;"">
                      <tr>
                        <td style=""padding:16px 18px;"">
                          <p style=""margin:0 0 8px 0;font-size:11px;font-weight:bold;color:#0d8f84;letter-spacing:0.06em;font-family:'Malgun Gothic', '맑은 고딕', 'Apple SD Gothic Neo', 'Segoe UI', Helvetica, Arial, sans-serif;"">&#9654; &#xAD50;&#xC721; &#xD575;&#xC2EC; &#xD3EC;&#xC778;&#xD2B8;</p>
                          <p style=""margin:0;font-size:14px;line-height:1.8;color:#0e2233;font-family:'Malgun Gothic', '맑은 고딕', 'Apple SD Gothic Neo', 'Segoe UI', Helvetica, Arial, sans-serif;"">자동화보다 먼저 데이터 경계와 검수 단계를 정의해야 한다는 점</p>
                        </td>
                      </tr>
                    </table>
                  </td>
                  <!-- Card 4: Comment -->
                  <td width=""50%"" valign=""top"" style=""padding:0 0 12px 6px;"">
                    <table role=""presentation"" width=""100%"" cellpadding=""0"" cellspacing=""0"" border=""0"" style=""background-color:#f7fafa;border:1px solid #dae4ec;"">
                      <tr>
                        <td style=""padding:16px 18px;"">
                          <p style=""margin:0 0 8px 0;font-size:11px;font-weight:bold;color:#0d8f84;letter-spacing:0.06em;font-family:'Malgun Gothic', '맑은 고딕', 'Apple SD Gothic Neo', 'Segoe UI', Helvetica, Arial, sans-serif;"">&#9654; &#xCC38;&#xAC00;&#xC790; &#xCF54;&#xBA58;&#xD2B8;</p>
                          <p style=""margin:0;font-size:14px;line-height:1.8;color:#0e2233;font-family:'Malgun Gothic', '맑은 고딕', 'Apple SD Gothic Neo', 'Segoe UI', Helvetica, Arial, sans-serif;"">편의성보다 데이터 통제 원칙을 먼저 설명한 점이 신뢰를 높였다. 교육 후 실행으로 이어지는 그림을 잡는 데 큰 도움이 됐다. 중간 Q&amp;A 시간을 한 번 더 넣어주면 이해가 더 안정될 것 같다.</p>
                        </td>
                      </tr>
                    </table>
                  </td>
                </tr>
              </table>
            </td>
          </tr>

          <!-- ========== NEXT ACTION ========== -->
          <tr>
            <td style=""padding:6px 36px 20px 36px;"">
              <table role=""presentation"" width=""100%"" cellpadding=""0"" cellspacing=""0"" border=""0"" style=""background-color:#0d8f84;"">
                <tr>
                  <td style=""padding:20px 24px;"">
                    <p style=""margin:0 0 6px 0;font-size:11px;font-weight:bold;letter-spacing:0.1em;color:#b8e6e0;font-family:'Malgun Gothic', '맑은 고딕', 'Apple SD Gothic Neo', 'Segoe UI', Helvetica, Arial, sans-serif;"">NEXT ACTION</p>
                    <p style=""margin:0;font-size:16px;line-height:1.8;font-weight:bold;color:#ffffff;font-family:'Malgun Gothic', '맑은 고딕', 'Apple SD Gothic Neo', 'Segoe UI', Helvetica, Arial, sans-serif;"">데이터 비식별화 기준 및 외부 서비스 업로드 원칙 정리서 작성</p>
                  </td>
                </tr>
              </table>
            </td>
          </tr>

          <!-- ========== SIGNATURE ========== -->
          <tr>
            <td style=""padding:0 36px 36px 36px;"">
              <table role=""presentation"" width=""100%"" cellpadding=""0"" cellspacing=""0"" border=""0"" style=""border-top:1px solid #dae4ec;"">
                <tr>
                  <td style=""padding:20px 0 0 0;font-size:13px;line-height:1.9;color:#4a6a82;font-family:'Malgun Gothic', '맑은 고딕', 'Apple SD Gothic Neo', 'Segoe UI', Helvetica, Arial, sans-serif;"">
                    감사합니다.<br />
                    정유라<br />
                    현대제철 컬처디자인팀
                  </td>
                </tr>
              </table>
            </td>
          </tr>

        </table>
        <!--[if mso]></td></tr></table><![endif]-->

      </td>
    </tr>
  </table>

</body>
</html>
",sample_data/교육_액션플랜_데이터_feedback_output_html_preview/050_하윤재.html,completed,glm-4.5-air,2026-07-21T21:50:30
